label,x0,y0,z0,x1,y1,z1,x2,y2,z2,x3,y3,z3,x4,y4,z4,x5,y5,z5,x6,y6,z6,x7,y7,z7,x8,y8,z8,x9,y9,z9,x10,y10,z10,x11,y11,z11,x12,y12,z12,x13,y13,z13,x14,y14,z14,x15,y15,z15,x16,y16,z16,x17,y17,z17,x18,y18,z18,x19,y19,z19,x20,y20,z20
A,0.0,0.0,0.0,-0.3334659576579584,-0.2564195814069757,-0.0585862047427897,-0.5862850275224103,-0.6342207144153617,-0.09624793742534998,-0.7010449145855544,-0.9900584598920715,-0.15204596054988975,-0.744759475836945,-1.2932673284036054,-0.18771394539657998,-0.41860228058395316,-0.9640404529405275,0.04686499487677462,-0.5276122121518114,-1.2023616094163339,-0.12756706023981804,-0.47445814310234746,-0.8757859225901032,-0.23302274436017273,-0.397437291869307,-0.6262144660549973,-0.27524247819816383,-0.23440098860393624,-0.972074897541642,0.011250338257295867,-0.3302506958048415,-1.2480570307810541,-0.17287890142938644,-0.2888945274902982,-0.8357279685602025,-0.22614846376497555,-0.22252057676450476,-0.6051581070678727,-0.21923305746863167,-0.030392876305826464,-0.9495567860735241,-0.05227812599453719,-0.12272487987125306,-1.2586987372439526,-0.22313658584842738,-0.12545427597586514,-0.8355341565053621,-0.1691937826144539,-0.08733741051970978,-0.6074043086467878,-0.08675007082898728,0.18202038695862835,-0.8728454998836666,-0.12465674444044547,0.08383365660333902,-1.1115542804691534,-0.2251155352954432,0.04372138770967749,-0.8232361435002946,-0.17148880821024692,0.07228299237941692,-0.6574719281429828,-0.10290134128461838
A,0.0,0.0,0.0,-0.3412093144376352,-0.2467864778935106,-0.06735545003252555,-0.5991545660782714,-0.6365168416056842,-0.11306547436935102,-0.7225210418493642,-0.9976264888038292,-0.17345115776781292,-0.7850851117251231,-1.3010291413577206,-0.2112854835110155,-0.43364667626859643,-0.9639392972662978,0.014753501879311985,-0.5522254846044075,-1.2211948824571683,-0.1730058707276857,-0.4974609687788772,-0.8898158883109695,-0.283836611040075,-0.42380076863309296,-0.6301892622168959,-0.32697317038579654,-0.24908516999217525,-0.9683502215364836,-0.01595075359386901,-0.3537112466820231,-1.2695035909313952,-0.2138149160932598,-0.3091511474055419,-0.8553560938892016,-0.26993683592507595,-0.2434916662787025,-0.6175070461628251,-0.26313382416093606,-0.04278225975032617,-0.9481360831888098,-0.0732491066211272,-0.14011463582005076,-1.2798168247880832,-0.2450171945619086,-0.1423748007097946,-0.8533741483860158,-0.1877846397027006,-0.10225621218997069,-0.6250595555146302,-0.10400458618756205,0.1695411886122706,-0.8805949449423112,-0.14050132296799814,0.06343049092522993,-1.1209497317526977,-0.23826280134146885,0.023733937098546223,-0.8373556524999015,-0.18525373661629901,0.05736054386479752,-0.6782268097245198,-0.11817894119132974
A,0.0,0.0,0.0,-0.3147493992017274,-0.2670696982157894,-0.061217179866941016,-0.5437322966101655,-0.6154752321220841,-0.10720123985031862,-0.6582727837089665,-0.95178726136838,-0.17111245788666188,-0.7207811765411668,-1.2490017802036084,-0.21940001099197956,-0.38387986139459374,-0.9581767519970503,0.041206594797983,-0.5085135346013225,-1.186378571514863,-0.12464244922091676,-0.47033950203437824,-0.8858203650298322,-0.24055608504348575,-0.39978904825224637,-0.6458766791477851,-0.29509248230022467,-0.2146358663320363,-0.9766450121911936,0.009796175067833163,-0.3175806592042993,-1.2338816871280034,-0.16260756761767375,-0.2887140196244091,-0.858832508942364,-0.22554177521148155,-0.23161776807116966,-0.6238023287405235,-0.23099971316422863,-0.027734748558793685,-0.9606893803155955,-0.048780178050903206,-0.13108976646265588,-1.2445546107949554,-0.2021078765726993,-0.13380644637019487,-0.8687736288747852,-0.16996008508417448,-0.090244320198556,-0.6427856099585337,-0.10937599981893376,0.16364536642727767,-0.8939715835600112,-0.11738569513373943,0.05143066664843433,-1.105751317049916,-0.20974041977556898,0.022699354176669427,-0.8550325048852856,-0.17531399326956917,0.06682495036297621,-0.6921076256399431,-0.12499111102758705
A,0.0,0.0,0.0,-0.3178211257592669,-0.19637850957517722,-0.08163628039957495,-0.5743763469247332,-0.5988816218684483,-0.12242881577591024,-0.6997048174800153,-0.9478361936200499,-0.17049099856390038,-0.7792320011253987,-1.2281697249880659,-0.19374186480755565,-0.42510172468123253,-0.9586430533131146,-0.0004022420488194215,-0.5502466773978881,-1.1817660480885066,-0.19349596814778428,-0.49031911531060923,-0.8355897441171154,-0.3109692664448083,-0.4102169230387318,-0.5964774963788321,-0.35910275051150176,-0.24301816784126196,-0.9698435984834609,-0.018589367383744917,-0.35500710711960876,-1.2279574671690165,-0.22155691427851718,-0.3045838043036167,-0.7992293840125538,-0.278445380199622,-0.23119192716985795,-0.5841832643171263,-0.2686446288393923,-0.043842996898403826,-0.9513462335563329,-0.06495760756085218,-0.15137232728730074,-1.2333042531268612,-0.23843028742097647,-0.144269267253078,-0.8187742428443255,-0.18815530903122066,-0.09211153274582916,-0.6238546791844258,-0.1073419328801553,0.16160292424563477,-0.9005144049822592,-0.12200358163830102,0.04869012523297185,-1.1032121569437665,-0.21857175783014557,0.02185471718560146,-0.8316609365388185,-0.17224739021292565,0.07083955785418093,-0.7061781061614113,-0.10903556033102556
A,0.0,0.0,0.0,-0.3603767211589798,-0.18608199326667219,-0.04181036901236837,-0.6349413486973481,-0.5830710271889542,-0.051009205531340945,-0.7454814760545025,-0.9471183824859578,-0.08047887147951989,-0.8061075462125407,-1.2527732204065951,-0.0945287804052234,-0.4861641964203034,-0.9252092883061407,0.09070263100542202,-0.6132383285725628,-1.1641258761426463,-0.0700037890470749,-0.5549002880933103,-0.8555489017251536,-0.1777356643405283,-0.4602854315145864,-0.6054619913784681,-0.22349211351433235,-0.2990054582204593,-0.9526950683725144,0.05447790977142098,-0.4097711689715337,-1.2431926424947775,-0.1189649802845387,-0.36595969694168057,-0.852159927004302,-0.1821400841592474,-0.2812067578667189,-0.603122576446436,-0.1777821322808992,-0.08728222358382334,-0.951154576859214,-0.009553862633178674,-0.20053169705302037,-1.2516582030545114,-0.1684415565503493,-0.19195249192905264,-0.8429805165363979,-0.1359501785195859,-0.13249911427248884,-0.6041368488518021,-0.06682147472750587,0.14706011723806786,-0.906390985126573,-0.08077728840601722,0.013929454749330489,-1.140341326827744,-0.1832685075187911,-0.012178091802583196,-0.8641033736981811,-0.14793722805283802,0.039029765050886955,-0.692692829709045,-0.08973034256903449
A,0.0,0.0,0.0,-0.364544619374065,-0.2155614187419285,-0.04542441688740356,-0.6355107589873399,-0.5897256531998165,-0.05518398039311244,-0.7507106629070959,-0.9455858052712063,-0.08610261336971342,-0.8017811009304572,-1.2508051483578804,-0.0984634642989471,-0.46817948469746085,-0.9308580608861463,0.11835880545518007,-0.6001914813302802,-1.164943232713189,-0.04623371463973588,-0.5456751556119842,-0.8577886545685733,-0.16242044656243138,-0.4566511054938042,-0.6190703068190091,-0.21357412997299038,-0.28610704011506416,-0.954485848846819,0.08425868470231888,-0.40717025682575086,-1.2327186418475578,-0.09848776900021357,-0.3679032862801257,-0.8450577520650374,-0.17292855201850654,-0.28392499688598566,-0.6154241731426312,-0.17460385055785943,-0.08532478412718245,-0.9485030359575948,0.01924180708869273,-0.20613909784429207,-1.241705620554439,-0.14592152980417852,-0.20071388860096961,-0.8409753240058861,-0.1197385226600653,-0.13631580933621965,-0.6145641533117254,-0.05284657513385216,0.1379252042855077,-0.9043376087931567,-0.05406529164924218,0.003301059288955059,-1.1099377659551053,-0.15599226966145963,-0.02641761535501591,-0.8475839174895204,-0.12479457896030285,0.03271503248707809,-0.6948098499942283,-0.06896476981599807
A,0.0,0.0,0.0,-0.34284344964735936,-0.2177327251856717,-0.05359759386096951,-0.6050965805791512,-0.5887315257984449,-0.07830828662596627,-0.7295999529945181,-0.9191823899886066,-0.12119672191887784,-0.8043815523995542,-1.201283402469854,-0.14511028207433035,-0.4570907271620411,-0.935352075943457,0.07057855724267452,-0.6000593918377326,-1.161721712470778,-0.11064758508024339,-0.5459873400067847,-0.8497031421043665,-0.22840767047745253,-0.4551569283721037,-0.6174859113960292,-0.27765896714823995,-0.28049810212380977,-0.9591538030412586,0.03667147142440958,-0.40882558650811374,-1.2287719137964375,-0.15680504100465428,-0.3669821224249224,-0.8412060898897874,-0.2235599515263104,-0.2815243987046125,-0.625798624399169,-0.2193508201278902,-0.0807673349862874,-0.9502491071266409,-0.027337480413163914,-0.20673312578529288,-1.2265848859082946,-0.19789557569222638,-0.19662168156548185,-0.8317245089785081,-0.1649980781710397,-0.13347515008324015,-0.6285410204951934,-0.09384401271979934,0.13272495548955615,-0.9035191622301669,-0.10024386737922532,0.00351935106567007,-1.1059737920952266,-0.2030949540095751,-0.022696234269220315,-0.8464242727956498,-0.16895667006985193,0.031927659909262725,-0.7055546703127945,-0.11145326677104397
A,0.0,0.0,0.0,-0.3544087524200656,-0.21059845760706397,-0.056236227804429655,-0.6206108610001977,-0.5816882507737595,-0.07609365672644339,-0.7470132081615813,-0.915464883419608,-0.11372303788727528,-0.8159562735664285,-1.2062853725139293,-0.1309913609587658,-0.46426005844389057,-0.92922156932386,0.08366044241380806,-0.6113939796258717,-1.1590532418209547,-0.10301622917520868,-0.5595589536836035,-0.8466778175456462,-0.2262525290392029,-0.4741077561030729,-0.6148181511470419,-0.2779213054814089,-0.2855895048246974,-0.9569850312893955,0.051169176483689786,-0.4233026361546277,-1.2364502818033969,-0.1531012490163786,-0.3811157630170586,-0.8448564593863873,-0.22986354090760627,-0.29401675220993817,-0.6276379307778065,-0.2284571360459734,-0.08577646932966108,-0.9497494166843676,-0.01282784129468499,-0.22077624518270594,-1.2290963948267597,-0.1929278565243576,-0.20692883227855666,-0.8294417784679818,-0.16846272554932334,-0.13993394283342594,-0.6279248390059383,-0.09901485484432176,0.1268094368462932,-0.9108855335540553,-0.08544316838374784,-0.007237978234283675,-1.1029421378284214,-0.1963815506840214,-0.028049733831944527,-0.8446729144837897,-0.16872116795396536,0.03521298501821668,-0.7124569484412178,-0.11300525595484712
A,0.0,0.0,0.0,-0.3505259939303005,-0.19546707742408576,-0.04554185772538167,-0.6116655469623753,-0.5909627152969595,-0.06186709238898497,-0.7314221119815403,-0.94303370849501,-0.09871183000054456,-0.8351114375976649,-1.2196069065786268,-0.11904210298576212,-0.4676900236256734,-0.9337726297753961,0.08554530876764038,-0.6131160272291355,-1.1675922284606082,-0.10104736082898304,-0.5602285840380369,-0.848370848396881,-0.22737924443003507,-0.4662638171065468,-0.6088626721845989,-0.28183420202827036,-0.28996864094610225,-0.9558072480354697,0.04848393415073325,-0.41966416624124536,-1.2370252524979108,-0.1498843762673056,-0.3769364258148094,-0.8326813877682367,-0.22100783152055298,-0.2887224564655483,-0.6051928778484786,-0.21762456648303052,-0.08726045691160401,-0.9468880823896666,-0.019272193452229434,-0.21548509217667045,-1.2409664174249229,-0.1977253816327645,-0.20631060633637,-0.8298308571838817,-0.16723952375078635,-0.14020774232135863,-0.6125386092650181,-0.0949694930742387,0.131430553330082,-0.9047957196921059,-0.09472183892555014,-0.00465996508653014,-1.1118559389860105,-0.20626813080633477,-0.028330931166672912,-0.8398394682540902,-0.17551776338254083,0.03285119835865852,-0.6886067879105813,-0.11866032399683266
A,0.0,0.0,0.0,-0.3239523620438481,-0.2705231844698521,-0.04236834879410243,-0.5634309562934569,-0.6285516148848781,-0.06856195552699594,-0.6718616265969328,-0.9871717084017654,-0.11573807037764113,-0.7257206914937866,-1.274760647064283,-0.1435876102637993,-0.43202267225533025,-0.9427247219732305,0.09619787087767707,-0.5344744551308576,-1.1857831733662247,-0.06029736038439701,-0.4675815337919255,-0.8903611741794686,-0.16848592795188796,-0.3944706967673036,-0.6495454304081802,-0.21620404562532355,-0.24881069368111697,-0.9667445625313211,0.05914549455407491,-0.3436299316573644,-1.248397216235782,-0.1098794781238444,-0.28728265530563996,-0.8658823630124073,-0.1759310219836427,-0.2304225588230012,-0.6425011404131703,-0.18101697584347654,-0.049709470722778135,-0.952521017916683,-0.005127633607743262,-0.14066199492503337,-1.2438407968758836,-0.15430755615615876,-0.1290729870485219,-0.8605642114908383,-0.11493770487619014,-0.09748672062442396,-0.6464416984683088,-0.048438693074291946,0.1582562469575334,-0.8843611559264535,-0.0781182788579579,0.06301416526678372,-1.1042506800933352,-0.16038604815871513,0.03875234267970612,-0.8538582419100647,-0.11474059744882274,0.07344165940415731,-0.7098359913731163,-0.05722826780275359
A,0.0,0.0,0.0,-0.30627476842266127,-0.23919878885311013,-0.06464371499481703,-0.5392701289467731,-0.6251970818117653,-0.09818428095414783,-0.6561158381237429,-0.9719359466484324,-0.1465990577533072,-0.7164157425631613,-1.25418543384398,-0.17073247697425117,-0.4100303213096039,-0.9699024861995027,0.055352245468740964,-0.5010384717973438,-1.2693355483783622,-0.11931834294604603,-0.4749511468512353,-0.9705004040462741,-0.2116079945984765,-0.42830815710399517,-0.7554067578314898,-0.23962199142445142,-0.23293893003385432,-0.972073587974669,0.028502533865193504,-0.31515005779037153,-1.2776716812141562,-0.14526893896107287,-0.3150582969062138,-0.8919172661133963,-0.18026886180282548,-0.26697951920685775,-0.7279808035164913,-0.1549898269577933,-0.043815086135468445,-0.9288183904425377,-0.030756640140231724,-0.12548963353462453,-1.2138514955825028,-0.198716633111628,-0.15376376265318845,-0.8212896005570322,-0.14690415042563396,-0.11567857942847097,-0.6712720864070661,-0.0621939071685496,0.15015368337645685,-0.8436549666457247,-0.09802432811613816,0.05700681730795913,-1.0492525880999668,-0.19205245289655193,0.011244633908650672,-0.7911179348660717,-0.14381905872076495,0.04946942125926595,-0.6803178939953369,-0.07787970116591723
A,0.0,0.0,0.0,-0.3290556370226991,-0.21351956813760917,-0.07845480669746432,-0.6029725211708773,-0.5754774746938844,-0.11855618979995414,-0.7358733639177105,-0.929188134295021,-0.16730047204192341,-0.7685689736375126,-1.217818408835854,-0.1845658929312068,-0.4670779266531173,-0.9428473907056998,0.008672367650649623,-0.5814407646880754,-1.2102888401713288,-0.1652493417155162,-0.5139609859861053,-0.8926341239104223,-0.24236215304995182,-0.43792171818529696,-0.6954387101908109,-0.26315335507065657,-0.27359169057200783,-0.9617460646566003,-0.013859796805619379,-0.3693053105075692,-1.269352721743159,-0.1923750260083198,-0.3246223053773483,-0.8534318271384129,-0.21581282509915642,-0.263689757342277,-0.6961251361117664,-0.18639637378512475,-0.0708494035674316,-0.951632403661259,-0.06646906101095061,-0.1616113530059281,-1.2485254105656198,-0.23855209149520612,-0.1599943948172294,-0.826504954372859,-0.16761081370368439,-0.1123339679831101,-0.6678667997776323,-0.07246913764859302,0.13962460706936725,-0.8896122168515154,-0.1288299488015725,0.05046666438709856,-1.1230637580088958,-0.22558056318755196,0.015380107612024092,-0.8402053175039887,-0.1661193753082121,0.05072231440195812,-0.7155638284861258,-0.09341925427362681
A,0.0,0.0,0.0,-0.3691233523736537,-0.2371485102681452,-0.07118206267038099,-0.667770662805429,-0.5558006945436125,-0.12608201254710474,-0.801476997753265,-0.8951366199005124,-0.19494923778251627,-0.7684595239398277,-1.1712900721994892,-0.23713380296850728,-0.4728374853125393,-0.9233471621277862,0.01900903521358682,-0.6137746071266657,-1.165559012783212,-0.15014270741281754,-0.5595429721947018,-0.8439141212077478,-0.23924919391359456,-0.4793280897929957,-0.6244774742689551,-0.27147459483010206,-0.29197628099401096,-0.9563837052456543,-0.008947607361731473,-0.4128871126686999,-1.2372038563997487,-0.1933255048460931,-0.3706524172150991,-0.8261743873565347,-0.23220576296333795,-0.29990236403724413,-0.6292811787420608,-0.21353711562003375,-0.09935166283291984,-0.9642499400103659,-0.06486929320564515,-0.22028801803815473,-1.218990323676906,-0.23013898040867986,-0.21419816232466196,-0.8146893853586633,-0.17393919156487908,-0.15827023942008933,-0.6345627893215969,-0.09067690596402443,0.09552489349450574,-0.9195975501288388,-0.13038824654086892,-0.0360870450789866,-1.1280925235590842,-0.2134147236901526,-0.05817193997522041,-0.8585760693238104,-0.1576999552702044,-0.001788407381705938,-0.7226917264360491,-0.09034597102073458
A,0.0,0.0,0.0,-0.3546080218389936,-0.18979724385991223,-0.08648063669532027,-0.6416578983094671,-0.558747509371783,-0.1376609775980156,-0.7783633454367206,-0.9325694309367989,-0.19319011536528322,-0.8290217655988656,-1.2245868766787238,-0.2190237508344853,-0.5060347690322392,-0.9202493320805467,-0.03795587866048175,-0.617925965066803,-1.205038353200655,-0.20743696292386649,-0.5540967907959506,-0.8615470717249774,-0.2741875833449687,-0.4882387302043112,-0.6489810104215604,-0.2910578144706345,-0.3085908208604524,-0.949266298154296,-0.06054089914356683,-0.411918468017095,-1.2690348393475306,-0.24371263293216036,-0.35754180187754003,-0.8331043592330367,-0.2586902250683153,-0.2965817504916793,-0.6570098354466236,-0.22366908769818825,-0.10248649129641592,-0.9438292750475559,-0.10980517816018806,-0.204562363702958,-1.2202315585579946,-0.2844749463283412,-0.18912033555563512,-0.7896624128444208,-0.21251335386193465,-0.14600381995884454,-0.6322752566758497,-0.11952731772996907,0.10803566851785283,-0.8873314865529959,-0.16791793994158213,-0.010883239173701103,-1.0931937348312113,-0.2697084858452632,-0.02206402382655706,-0.8030084460613429,-0.21488642078299802,0.0241355041963684,-0.6864622414028435,-0.14772469309601025
A,0.0,0.0,0.0,-0.3489585288931361,-0.19486688350147302,-0.09052815031320506,-0.6310000694464613,-0.5599838843204171,-0.1348080733292266,-0.7690758820091973,-0.9251073024402434,-0.18602290176717926,-0.8403216314895263,-1.208543147457967,-0.2029883128169832,-0.49543692187458915,-0.9305176704749015,-0.010190760453065165,-0.6281044082711296,-1.2031004012234037,-0.19010922748971112,-0.5490035908155306,-0.860746733415493,-0.26139960638072063,-0.46459654061686145,-0.6907264721478015,-0.27806608424141965,-0.2988064474124981,-0.9538643944752232,-0.029281802149761466,-0.41029625750689014,-1.2412728404345046,-0.21238468155498408,-0.355009168538538,-0.8122266882273885,-0.2226353170109869,-0.2888552556127158,-0.6957310917494096,-0.185414042115015,-0.09594885753074554,-0.9456654175117679,-0.08093509677245624,-0.20477986319145694,-1.2146629189355997,-0.2609159387886639,-0.19228917041530344,-0.7817103806642104,-0.18117762082952035,-0.1345185860055517,-0.6540766834187425,-0.08074590489772694,0.11107851944694391,-0.8885024348173597,-0.1435588743601591,0.0029014950852245154,-1.0932440858990182,-0.24269929991458428,-0.021682309507882646,-0.8055961579386343,-0.18217952192974904,0.02539384298173373,-0.69840243908936,-0.1098447546666191
A,0.0,0.0,0.0,-0.36293979330815157,-0.1750938168837399,-0.059962110400319686,-0.6615279531905497,-0.5273622783705354,-0.08192088173526847,-0.8196840313555445,-0.8882411356078959,-0.11902162029720574,-0.8852065839836412,-1.184512993661416,-0.12759749966948186,-0.5300124373273543,-0.8934325870667701,0.06870161255953605,-0.6774108969253657,-1.1803376291136662,-0.10600402317134366,-0.5982561137124117,-0.873510294651143,-0.19579154773550067,-0.5108651127860053,-0.6844434010970153,-0.22358901772370612,-0.34740710387100615,-0.9368426154930384,0.0404254619778537,-0.47700925819097856,-1.2504235678387743,-0.1305887987184606,-0.40667507706840406,-0.849977936834352,-0.1611230420164991,-0.3250550734686984,-0.706347331795396,-0.1348369761080229,-0.14772156448350662,-0.9471048244893332,-0.02101841018256352,-0.2728394960914747,-1.2340556979696544,-0.1907729217735632,-0.23549615165916554,-0.8152645909042758,-0.1318029032945646,-0.164879992978451,-0.669200215787722,-0.04260098113479921,0.06853533096139877,-0.9146717603759417,-0.0905745132607305,-0.060651786800167286,-1.1233703669936,-0.1870867002552013,-0.06562899982830975,-0.8363881776071554,-0.13497840169694228,-0.006186033885107075,-0.7215141761833244,-0.06577563788600704
A,0.0,0.0,0.0,-0.3469500664153607,-0.18463601200642274,-0.07898704808401716,-0.6299963248323337,-0.5573480813974557,-0.10846981208958441,-0.7651522866887656,-0.9137143663594224,-0.1465839412308981,-0.8195630841794433,-1.212491604558089,-0.15363602253221906,-0.4690354502937195,-0.9392193800545757,0.038782261206438025,-0.6202677798973598,-1.2088269280387178,-0.14596390476480112,-0.56028469978178,-0.8965645525116521,-0.23291582335164723,-0.47758855064544387,-0.6909921209174038,-0.25539215623887807,-0.2838380949136085,-0.9587060143126124,0.017852562747078367,-0.42187651044286834,-1.2654100587313735,-0.17301251015291644,-0.37766591293986873,-0.8416642795437086,-0.20356269707278338,-0.29324071366252275,-0.685861479998576,-0.16935583523865275,-0.08463271343177961,-0.9453418682878152,-0.03696723070685801,-0.21540672668023864,-1.2115117156864752,-0.2241499770267652,-0.20406730915661037,-0.777486365278052,-0.16149584095570946,-0.12907943156021953,-0.6322552981247785,-0.06323730996067996,0.13442860715919663,-0.8883068960408164,-0.10062617273576173,-0.003994823332300552,-1.093359018133722,-0.2098186919406902,-0.027898343609621398,-0.8036505002027116,-0.15674354699486287,0.03407312072019267,-0.6928391141314986,-0.08163504446873028
A,0.0,0.0,0.0,-0.3452291305901029,-0.17897116488185147,-0.07516107136179828,-0.6172621220349178,-0.5441213776159821,-0.11392479009788398,-0.7505175300234681,-0.9012792041997627,-0.1656995915063931,-0.7838755554832205,-1.2127338636007767,-0.18855190037457895,-0.4509520458726274,-0.9399546854863623,0.04049271022394188,-0.5996588603381849,-1.227031176786863,-0.14279294161588885,-0.5483996896828762,-0.8984711513718242,-0.24049287227767704,-0.46835452905526903,-0.6953437257220999,-0.2742601454366124,-0.26963897587984964,-0.9628433266170149,0.015084796171855588,-0.40536174818169723,-1.2632270324768617,-0.17589810547644716,-0.3629834688132511,-0.8316445299511022,-0.21418078779436672,-0.27710653531452173,-0.6676168040951221,-0.1877163267601836,-0.07810306093296285,-0.9513240699050717,-0.042657185918362685,-0.2099394443306461,-1.2345343158382633,-0.22226674833671203,-0.19834224088913205,-0.7967681854008748,-0.1604929525011866,-0.12151347761376001,-0.6316264343761969,-0.06626958829672504,0.1319846135547604,-0.8968150023199313,-0.10999422773110466,-0.014893737038195675,-1.0934868623104792,-0.2134490108695421,-0.033653281540725215,-0.806397233920725,-0.16068353608663832,0.03517039639801845,-0.6881222677594436,-0.08790686009587459
A,0.0,0.0,0.0,-0.34161988100807517,-0.21489362433710968,-0.050657958073939725,-0.5899528382028348,-0.5740928246256652,-0.06795819752444145,-0.7062872528952744,-0.9188136181394623,-0.10547673670907098,-0.7423166649061377,-1.2392739593744995,-0.11804370776573392,-0.4114109191780813,-0.9559533555698086,0.11692095127309658,-0.5432816258124777,-1.2257975287041925,-0.06102599661596531,-0.5198938854365259,-0.9193390409006805,-0.17449311426024067,-0.44994266984222614,-0.6972235572285037,-0.21947076921318262,-0.23914081351704258,-0.9676039676508416,0.08095821821628749,-0.36153105710999334,-1.2661183693762448,-0.10299512802419618,-0.3501005104456493,-0.8612566663750342,-0.1648365580759089,-0.26653054092824635,-0.680968711401642,-0.15277560612194013,-0.04834481141463362,-0.9436215303282603,0.010871440042523928,-0.17768695926960615,-1.2230293159313508,-0.16412088636440295,-0.18828539951831985,-0.8097799272081911,-0.12790085556684241,-0.11535202716471712,-0.6467284914225233,-0.04881452443153611,0.16158596538913603,-0.8797038004141402,-0.06692290426067739,0.013399810768622625,-1.0593290085415377,-0.16935419908997396,-0.02054392793979691,-0.7848220399788123,-0.12817661324562452,0.04599438625483822,-0.6707102145782445,-0.06216720975213952
A,0.0,0.0,0.0,-0.3198611575587601,-0.20292507456108735,-0.07402489350578223,-0.5718848338055228,-0.5830627194243193,-0.10678708810581881,-0.6856824224782208,-0.9418772753923653,-0.15093087127339677,-0.7109917300093125,-1.2503576236321907,-0.16820967217194527,-0.3938887443689786,-0.9640932482027704,0.045950596527510705,-0.5219374279053355,-1.231741067629658,-0.12827466595097164,-0.49521030514570097,-0.9166513167831012,-0.2234989561225271,-0.42696049701194216,-0.7050356690689673,-0.2579957151701511,-0.21943090992841222,-0.9753573297619256,0.022981624130495225,-0.33675556186906874,-1.2633271674645936,-0.15508133342663766,-0.3245324277571069,-0.8482132127340712,-0.19183171625945195,-0.23985895510121713,-0.6826520166843792,-0.16657223155265644,-0.028460957045141733,-0.9414896881799095,-0.03167128982020307,-0.147665230254714,-1.2085818481279471,-0.2019635434573973,-0.16307407993004763,-0.7932716454648767,-0.14686940299251938,-0.09235649576804611,-0.6415976167721127,-0.059617697352354906,0.17726636913507915,-0.8637265185375844,-0.0956091288572328,0.04048872678203087,-1.0445345787254894,-0.19711266565895222,0.005873890095151256,-0.7774626424263288,-0.1508604934661705,0.0716853741165075,-0.6740125916918418,-0.08368036664409283
B,0.0,0.0,0.0,-0.24067546162961162,-0.23199883630991067,-0.08452865424563619,-0.3500849728088306,-0.625226500690643,-0.10036659506776782,-0.2197805440860793,-0.9347181356973844,-0.11359024173313327,-0.01954424484640278,-0.9822094037313621,-0.1209805614983852,-0.34710650475448146,-0.9273452316391003,-0.0024683396540701842,-0.3964769221108197,-1.29870226212856,-0.045711895987017685,-0.4098928035134802,-1.5326387732713938,-0.09319320048957964,-0.41200212406021813,-1.7389328996118583,-0.14070708437500387,-0.19730915019645515,-0.9803180251978393,-0.006757863638842687,-0.25785226222224217,-1.372514505023059,-0.04709152775645051,-0.29007994607418786,-1.6377480788862593,-0.09280456134533537,-0.31698530252525386,-1.860837607296228,-0.1326338259502302,-0.05108731125202655,-0.9562430759945495,-0.02908801338110135,-0.08833945386153992,-1.3220766522352625,-0.08335521639398538,-0.12695930271230182,-1.5815361822102731,-0.1414224795793293,-0.15986658129884204,-1.7929587156031854,-0.18496753403635002,0.10683242330552047,-0.8615542593732616,-0.06261679453704652,0.06503647361287467,-1.145672901763336,-0.12320933523272698,0.037056475230915466,-1.35329171372721,-0.16803095009155172,0.019236985915948253,-1.5236168911151267,-0.2018690135937492
B,0.0,0.0,0.0,-0.24960564059508217,-0.2202280019081452,-0.09360815449403186,-0.36457563782462776,-0.5951900295941561,-0.11166687012962578,-0.2291555550706267,-0.9027410954071731,-0.12611990963665665,-0.022050610389183066,-0.9400216252925643,-0.13517777815216145,-0.35993085521090207,-0.9326984328842406,0.006404283563299533,-0.4021709503863802,-1.327834122312647,-0.0403359963656302,-0.4122310499031117,-1.5792576148829836,-0.09172775204836306,-0.4113025249179275,-1.793944554637741,-0.1400418957247873,-0.20462672036648122,-0.9788341135191193,0.0034181169227790486,-0.2568768087530096,-1.3867032776539785,-0.04314287474226616,-0.28886213302317637,-1.6713003811170135,-0.09798651510770802,-0.3092326238419563,-1.91305035990225,-0.13986429104738302,-0.058905116804738936,-0.9474311252130663,-0.019349541868464607,-0.08877111216475111,-1.3313537906078938,-0.08040755536185766,-0.1258979667298472,-1.6066070270337318,-0.14600730314638474,-0.14744223971425127,-1.8319887861343649,-0.1905300522116603,0.0997537430894323,-0.842680896397782,-0.05365255248736505,0.06447267056950363,-1.1453941864101191,-0.1211272298323486,0.03954802002478514,-1.3555112632665833,-0.16809598773495063,0.031217906641048572,-1.5329240263278183,-0.19946048229121444
B,0.0,0.0,0.0,-0.24916659387313933,-0.2010155269711355,-0.09371431002016604,-0.36021709291195375,-0.6013457148427824,-0.11159154445164987,-0.22415583494849634,-0.9157826678783176,-0.12485137749084567,-0.014419230089576827,-0.935894782000442,-0.13317951423713867,-0.337972122841091,-0.9371450941679922,-0.009890387761040051,-0.3776559874398937,-1.3304809093383012,-0.05645645695766604,-0.3888596273682228,-1.5849430167637715,-0.10594706172404349,-0.38939196332719983,-1.7996335822022853,-0.15388351344560205,-0.18550051767853715,-0.9825486853759732,-0.013698131512788482,-0.231044593399726,-1.3920035932456745,-0.05961882057859985,-0.25868467050817595,-1.6759551560498958,-0.11166501659773158,-0.2758721981035546,-1.916669097801559,-0.15185484495113452,-0.04140379642479067,-0.9485155594557556,-0.0357968412911405,-0.06373029768635437,-1.3350995885752128,-0.09478853833441479,-0.09612602643209349,-1.608880323488385,-0.1589712008570211,-0.11495220552796134,-1.8373775061928084,-0.20379375689865634,0.11229027486787402,-0.8405803044973261,-0.0692951931561975,0.07687889552700627,-1.1419971026757139,-0.13710911380095045,0.053098881284145236,-1.352519668212991,-0.1849339932238497,0.04592965553690409,-1.5313047752949889,-0.21750918466358185
B,0.0,0.0,0.0,-0.24918679590555226,-0.18565887639288617,-0.0953159607828766,-0.35322283353121675,-0.5914500638333272,-0.11570991724196199,-0.2156973011743433,-0.9007174111073748,-0.13172173795088604,-0.010789529333749366,-0.921482812908145,-0.14344837936749405,-0.3332298751617054,-0.9430144884642055,-0.014989736297139896,-0.367422466166287,-1.3318568356580034,-0.06258036189454608,-0.3760464392350855,-1.5831830284024,-0.11169793120153206,-0.37379327357138165,-1.7969379921883335,-0.15870157671932877,-0.17850600086202176,-0.9837155940414992,-0.02095799837360909,-0.21878510060306863,-1.3914040802357799,-0.06764815687137403,-0.24403832470334094,-1.6799160205841261,-0.12072918000520257,-0.26211276063368105,-1.9281475038627127,-0.16073937441916145,-0.032652393095800064,-0.941776111103804,-0.04505286388276786,-0.04891985432847977,-1.33033070461043,-0.10474842361478003,-0.07646745752792564,-1.6042646877933167,-0.17065032647080353,-0.09490985293302834,-1.839642021372048,-0.21605571742895488,0.11760537616379062,-0.8303209147324738,-0.0802875247265751,0.08971325825826254,-1.133614288159722,-0.14822596049885775,0.07339520568264096,-1.346311399304093,-0.1957715503537293,0.0709781734252132,-1.531287662747822,-0.2276091606169366
B,0.0,0.0,0.0,-0.2394323902618506,-0.19429147661000923,-0.0951316766183211,-0.34198610824254355,-0.5834831415242179,-0.11543306552962553,-0.21391251047958365,-0.8830728206566778,-0.13241851039818364,-0.021299510002802353,-0.9207141151437314,-0.14382849477758486,-0.3214204327002266,-0.9434474897929332,-0.008007782399154319,-0.35731681626444334,-1.321373645454348,-0.060355099997262775,-0.36687309688422554,-1.5678495319261807,-0.11418319502613467,-0.3675350972612469,-1.7774034037532267,-0.1640118915117615,-0.1734769640465424,-0.9847119452086917,-0.015752076323745447,-0.2152210176077812,-1.381459569745307,-0.06814580052241895,-0.24272948079208642,-1.6605048183830105,-0.12443320421033426,-0.2605619398841694,-1.9008138896406008,-0.16550630747810705,-0.03371718161390137,-0.9441390689102045,-0.042553165989053725,-0.04973289569968354,-1.3304223924517473,-0.10815562437257785,-0.0788745278992149,-1.601894661953805,-0.17244105486728928,-0.0955942629533258,-1.8305465404021974,-0.21445599745691785,0.11064162542378417,-0.8297709917187476,-0.08120010463261669,0.08715563616155735,-1.1314821238324635,-0.15229529179816273,0.07027791307420693,-1.3495157040349586,-0.19855482762963317,0.06899945419007276,-1.534503962580657,-0.2281049721628836
B,0.0,0.0,0.0,-0.23237132302390026,-0.15421692570448917,-0.10717946020791023,-0.34344737651262397,-0.5490992474615118,-0.13355974277946328,-0.2237931663557012,-0.8526703318145694,-0.15355805634502726,-0.040575891427430004,-0.9120637329829315,-0.16856674500228427,-0.31807212507360577,-0.9467975049902975,-0.04504208471754666,-0.3563460079537465,-1.323776494694076,-0.10987052747060899,-0.36594779679118883,-1.5790075648257023,-0.16801769977835027,-0.36905203848222135,-1.7898351928465113,-0.21919569494346,-0.16653147511990388,-0.9848172932431284,-0.049011903897591975,-0.20724681004114515,-1.385681610968355,-0.11344382113131328,-0.2449736370406739,-1.673921489452926,-0.17023662955928595,-0.27281556593543393,-1.9172658678458006,-0.2102753847568186,-0.024524083156142403,-0.937302788835603,-0.07169703876349219,-0.04311510548321339,-1.325429030012038,-0.146893607353783,-0.07569897927621304,-1.6065503614429775,-0.2111680044587107,-0.09402453929984832,-1.8445228091530723,-0.2526418611024015,0.11658233927695355,-0.8142800655836157,-0.10648293291919021,0.09254847362079355,-1.1211367331278097,-0.18585940278745455,0.07217673189449321,-1.3429833202764252,-0.23402964617912436,0.06888941648604234,-1.529713315391187,-0.2643455061896304
B,0.0,0.0,0.0,-0.23851851053366405,-0.19194985628044978,-0.09544091952762246,-0.3457764131053811,-0.5767087675992323,-0.12492669545067733,-0.21203304091878006,-0.8663941650929674,-0.14991539922559152,-0.015911594182005436,-0.9377086816967073,-0.1711907272389817,-0.3241116746176839,-0.9459653920958648,-0.041726769166025454,-0.3629791507329496,-1.3340962455610603,-0.10769247460254197,-0.36907644360354225,-1.6001426644589363,-0.16487399504641376,-0.3634951186554381,-1.8226918658216367,-0.21466919505049184,-0.17240201385418757,-0.9836163667654215,-0.0526914476002745,-0.2165460267514866,-1.3981574360259759,-0.11717675018645794,-0.24326011298340997,-1.6970066685509748,-0.1743362196296898,-0.2566512140610537,-1.9485257352723357,-0.21633227387101078,-0.0266694233959451,-0.9396556958295127,-0.08129565510872783,-0.04655397058111184,-1.3312019306377574,-0.15839988498974092,-0.07547794946445226,-1.629710685515881,-0.2262998360099928,-0.09248592449677313,-1.8852135140545896,-0.27094452133800695,0.12067470007554004,-0.8230820230082496,-0.11999731534692697,0.09874076093263151,-1.1453755735038051,-0.20153026564721846,0.08021588099617256,-1.374305850094467,-0.25195555068865755,0.07410747340155795,-1.5747657101178414,-0.2846065055749571
B,0.0,0.0,0.0,-0.22421134467755874,-0.18727945460484036,-0.10290893375951723,-0.32739827613022354,-0.57182214254881,-0.1374160370942827,-0.2007857082295627,-0.8713833839580017,-0.16633260802241706,-0.002115414955800575,-0.9102285934617494,-0.19007636166267083,-0.31445339896319896,-0.9512879459462549,-0.04416762049933314,-0.3511666769806552,-1.3311813233465213,-0.10500300713097559,-0.3592649731330567,-1.5793440497628721,-0.16180407460792895,-0.35572765192308087,-1.7879665733418955,-0.21256910410510718,-0.1644782914725974,-0.9851191821825388,-0.04987071816468237,-0.20490983021945272,-1.385918404446464,-0.10468203666168074,-0.22972526775561353,-1.6670479401437412,-0.1571478744440632,-0.24779843485057856,-1.9049484265448855,-0.1986778204620019,-0.020594628890250793,-0.9408441168851452,-0.07381333129599459,-0.036863040265840384,-1.3208087566192153,-0.13634292655985716,-0.06344815909145766,-1.5895752980860338,-0.1962120323650002,-0.08464610529211354,-1.8156904048764164,-0.23926816843321252,0.12360377566639512,-0.8322343816406172,-0.11006568328575081,0.10320066429824154,-1.1332628105785885,-0.17698623413656053,0.08796462886783299,-1.3474893558373897,-0.2212822234655592,0.08151891365949705,-1.5298351000897925,-0.25273853571991595
B,0.0,0.0,0.0,-0.21957760661067294,-0.1993261181133424,-0.10221800719091223,-0.3124870964470301,-0.5792205476393822,-0.13563491563533978,-0.1739948704660253,-0.8738281400113794,-0.16387712527374218,0.029672055375513057,-0.9022552537161118,-0.18507300184353506,-0.31924988483095573,-0.9490941009028387,-0.03155780525495265,-0.3526696188603844,-1.3247881376541515,-0.0848638126097693,-0.35429148248959275,-1.5569419244722897,-0.13731069807480534,-0.34330374644324374,-1.7611891257465346,-0.18744326875338094,-0.165682021554097,-0.9855388729923207,-0.035533048768352955,-0.21208224930284164,-1.3789283851296503,-0.08292658599261904,-0.22936516711723992,-1.6381659471393475,-0.13190729309456956,-0.23804678257363188,-1.8708623349235103,-0.17254980966538538,-0.015636410651689737,-0.9414943188379454,-0.05802220667389705,-0.03814801256672335,-1.3134198451714125,-0.11471350863605065,-0.05986605724472849,-1.5629519326890073,-0.16890512635494298,-0.07704650050975177,-1.7807431490583268,-0.20911501816026923,0.13822256544536574,-0.829568353844995,-0.0934230802356115,0.10968428990247045,-1.1181184238493533,-0.15383240328989417,0.09134843722866375,-1.3215004420769718,-0.19337546811567483,0.08259430950463449,-1.4947377455023754,-0.22251024127340083
B,0.0,0.0,0.0,-0.21672365629232898,-0.20103652488808763,-0.10467721317859548,-0.303623602987299,-0.6007839957939203,-0.1422307712335149,-0.15703479689914265,-0.8923045823771384,-0.1728829040149624,0.0600411931361365,-0.907820479582306,-0.19827783198656215,-0.29631866749471336,-0.9658836710855203,-0.05387574673752281,-0.32190320607216766,-1.35886157762118,-0.11450100462039073,-0.32392524942295864,-1.6080570163312817,-0.16851679528275348,-0.31442844571548006,-1.819990431137896,-0.21696920311264487,-0.1386195453232382,-0.988553000273805,-0.059561626103031465,-0.1706008791708241,-1.4049152092456312,-0.1160016821150512,-0.18710894819613932,-1.6939870763153457,-0.1692306014251116,-0.19734477192945585,-1.9434444751633306,-0.2090669958631819,0.013860280947044806,-0.9290360797471784,-0.08215913976511637,0.002146417162052365,-1.3276227871368618,-0.14738100972108886,-0.0206289644828603,-1.602965089078166,-0.20932254793111543,-0.037652321607240156,-1.838255148122125,-0.25081563764939635,0.166462543193003,-0.8039394558121102,-0.11635241934572861,0.14990091943875933,-1.119172103295874,-0.18478437450764632,0.13834719133993773,-1.3459959348304837,-0.22912993618799277,0.13568266740887716,-1.5386011132497739,-0.25821050632986997
B,0.0,0.0,0.0,-0.22362797553635602,-0.2102366141505433,-0.09811175647451044,-0.3160087551057604,-0.6135686869492675,-0.11919336285509156,-0.18061600460580865,-0.9072196401321018,-0.13467571047897087,0.001888512199347726,-0.956630317888995,-0.1454481150245848,-0.2620136648475993,-0.961404830517875,-0.02300417624274237,-0.29066729226771126,-1.3402216645657647,-0.07722610447627912,-0.2984894467378088,-1.5916991552430764,-0.12817689909565744,-0.29413075894380253,-1.8013207335472579,-0.17548712143742215,-0.11706789668009927,-0.9927823051084252,-0.02604615577200054,-0.14152867486664208,-1.3944860889304134,-0.0801087459071914,-0.16362840332607323,-1.675341675850191,-0.129373483171663,-0.17519615476396855,-1.902238513677829,-0.1668282628044157,0.016570752750044184,-0.9448952947179181,-0.048585158075719066,0.014235500132333847,-1.3282554911048934,-0.11721537972869321,-0.0028479189823207795,-1.6044585898180383,-0.1802327274838926,-0.008980465156113325,-1.8336878139178978,-0.2226008583551505,0.14984517156411656,-0.8246230285200401,-0.08239431733578932,0.1400967305559051,-1.1308476156684577,-0.1560960638727596,0.13393511144929518,-1.350354605347434,-0.20620431287067656,0.14120948682254156,-1.5370188036740722,-0.2407335646577558
B,0.0,0.0,0.0,-0.23811214629465424,-0.1947817673835897,-0.09613746243453206,-0.3348073839551444,-0.6126420828065282,-0.1156280304364657,-0.19545434968477532,-0.920390878931447,-0.12884876459077174,-0.0014244599030661814,-0.9608736559638146,-0.13832547282734345,-0.2763113943906646,-0.9542447006184585,-0.029045785395616898,-0.30650730848079694,-1.33733172031364,-0.08132638798964299,-0.3105917852575919,-1.5892377344560582,-0.13160008912463253,-0.3028137070158764,-1.8006517460740614,-0.17957463839179144,-0.12947824330626068,-0.9910115812467903,-0.033636740999405404,-0.16251209447389722,-1.4020248243338185,-0.08693302976906203,-0.18937233422509922,-1.6904927813883681,-0.13612268067481373,-0.20455354035316647,-1.9213651129713707,-0.17385877337616584,0.005420196232546044,-0.9467902833894134,-0.05662519481000387,0.0030327706833669647,-1.345970295343368,-0.1267889812933908,-0.017051125504289662,-1.6326309345748755,-0.19303479603019033,-0.026690227112038813,-1.865240953481418,-0.238261562693471,0.14008733950644472,-0.829773043984609,-0.09009922687684978,0.1278029378813284,-1.1408955146895114,-0.1684401559108601,0.12150236612195288,-1.359718365212753,-0.22195483280718403,0.12860731292605138,-1.5431287252020813,-0.2589401461795184
B,0.0,0.0,0.0,-0.23151300082727294,-0.20093833667033037,-0.08578807776744696,-0.322380433814616,-0.6105993535360106,-0.10104666523853337,-0.18266423471807183,-0.9068730674030554,-0.11331359859530878,0.006039874549106767,-0.9424321558080121,-0.12205983223848058,-0.2668761516763337,-0.9593507106344377,-0.010254795995572772,-0.29486284987760536,-1.336011753955645,-0.05945195469736778,-0.2983035133591375,-1.5841577519191858,-0.11029871594176256,-0.29058595898360606,-1.7926096407329382,-0.15908977276140288,-0.12215894463139237,-0.9922909374227358,-0.0208779250705737,-0.15557623677317614,-1.3904760336233286,-0.07132651599927481,-0.1800376491861663,-1.6765706494778447,-0.12432319497655066,-0.1956101981938287,-1.9112854403489403,-0.1654086595504307,0.01184485120511629,-0.9418728534745445,-0.04978066506679602,0.010141273545216654,-1.3246587344125749,-0.11577945143869839,-0.005776125560822532,-1.6000773091780145,-0.18298387495820628,-0.013586139745339083,-1.8271129380758353,-0.2295986831610953,0.14458987603035625,-0.8195832838058883,-0.08888340130671261,0.13299446185291963,-1.1210381545857655,-0.16480531386200745,0.12630555124909448,-1.334314877928092,-0.21760812824593526,0.13284475420151626,-1.5160764368451756,-0.2539660171505082
B,0.0,0.0,0.0,-0.23169047042138025,-0.21072566102910517,-0.08149098760045542,-0.33121786060613667,-0.6154769111159643,-0.09108552311569225,-0.2072069316048883,-0.9254291074616703,-0.09915308445762265,-0.01532830452826741,-0.9702327833452706,-0.10277645492918669,-0.271815777220155,-0.9486207332121906,0.012652144228002217,-0.3080690806983067,-1.3099643580609301,-0.026603483901763314,-0.32014296912075224,-1.5522480252893829,-0.07200682099130416,-0.31899768923848393,-1.759551389226866,-0.11919503730256305,-0.13188580809387285,-0.9912604021745142,0.0029914384911653674,-0.17616739512594368,-1.3819803976303535,-0.039430332190231746,-0.20803769731765298,-1.6566911295131597,-0.08680713369005565,-0.2266271892293336,-1.8827208118681356,-0.1258789960588953,-0.00268959815776737,-0.9495927617850517,-0.02594897753632308,-0.008832781379475808,-1.3262555849611597,-0.0905920881511255,-0.030457673590746314,-1.59586217449404,-0.15344396235067378,-0.04085975692511009,-1.818773800264345,-0.19768140473896453,0.1289769606375428,-0.8345742061713383,-0.06486452408636918,0.10476800880199834,-1.1397710977092408,-0.14056229261677053,0.09400097695469156,-1.3488051068021514,-0.19228797998452546,0.09943761238358778,-1.5238459014322858,-0.2286751037547312
B,0.0,0.0,0.0,-0.22036399489549316,-0.2181831256812833,-0.07710155299251967,-0.31466163991719226,-0.6179896043031913,-0.08615576190839971,-0.1928632173523215,-0.9209937767384797,-0.09387693904678725,-0.01164263000892225,-0.9710070691340527,-0.09739232079436176,-0.25449305452205884,-0.9516415344382254,0.01002426597115412,-0.2963069678967542,-1.3129450099870503,-0.029328786324248235,-0.3131625765178934,-1.55824684828223,-0.07289459842412997,-0.3144407530210312,-1.768232868426399,-0.11872260913271476,-0.11512849983149619,-0.9933501496175677,-0.0009533002175860476,-0.16078866910554201,-1.3868052325470441,-0.044882571219685245,-0.194878720537011,-1.6628719727842998,-0.09085643638167702,-0.21637726163097853,-1.8898991896189177,-0.12840770231434678,0.012919609941658305,-0.9512184271441705,-0.029980145031358717,-0.001906854592211562,-1.3326020292327412,-0.09546301554998757,-0.02508394464573884,-1.6027428742124237,-0.15529736143909018,-0.03726072368199746,-1.8323616232231283,-0.19723667539188786,0.1418036437974678,-0.8350032020738147,-0.06830215374368998,0.11531827589721202,-1.138119373498706,-0.14395403855903297,0.10475327719209608,-1.3476874316015475,-0.1936341010548516,0.11068348010311546,-1.5269822585403878,-0.22828685467486845
B,0.0,0.0,0.0,-0.22494198978117275,-0.2244085750885646,-0.07877575668001009,-0.32581102963649833,-0.6151144356103376,-0.09019976771445964,-0.21054523356440477,-0.920309247036978,-0.1007291592183823,-0.03174077080465505,-0.9889802681661686,-0.10679281008733615,-0.25987137859532683,-0.9492320946046049,0.012331917561544125,-0.3061104200958021,-1.307572023291165,-0.029883677623359105,-0.32277758905843723,-1.54748770785093,-0.07735624639646049,-0.32485288627696646,-1.7545598108403067,-0.12548193016246384,-0.12171375837856775,-0.9925625793563038,0.002299365765805958,-0.16984522265845137,-1.3886055543406957,-0.04137411240370342,-0.20185628658272659,-1.6636999007837612,-0.09000435852465191,-0.22282168492515872,-1.8870367005928803,-0.1315235872580177,0.005876216933590543,-0.95325632144411,-0.02671889457366645,-0.008770801531169757,-1.331417168548489,-0.08969862498169637,-0.03270200534808012,-1.6007703209704183,-0.15123585056199124,-0.04713140446676013,-1.8217395212120686,-0.19621661020282571,0.13556720811426937,-0.8417142891371038,-0.06562380476110859,0.10267478583836902,-1.1383138782777074,-0.137670282782262,0.08983771736674688,-1.3500851990215055,-0.18860835656612476,0.09307554702382545,-1.528017453333954,-0.22595611764319334
B,0.0,0.0,0.0,-0.22663330954110664,-0.20748440661027093,-0.07190482834641322,-0.32928785673554856,-0.6119782358866487,-0.07467165745007173,-0.21282974088602785,-0.9059982123062404,-0.07810815371271589,-0.02925382527129356,-0.9515854684934788,-0.07822974560234017,-0.2542766405011277,-0.953110526093849,0.02629733054192675,-0.3024401705342612,-1.2945958890486975,-0.0064452295122998165,-0.32273348220363757,-1.5350046987000907,-0.046098748299519855,-0.3248947601526286,-1.739828379614785,-0.09146879642220763,-0.11501947982127349,-0.9933103451881424,0.010250726991633142,-0.1681655458779609,-1.371193470494482,-0.031509987494835676,-0.20562868185502542,-1.6382832785855463,-0.07786363113774532,-0.22705064448341009,-1.8664071755842961,-0.1158336782628341,0.01062098962014401,-0.9453956157209072,-0.02489096028618355,-0.011722556895580974,-1.3170832253026556,-0.09596497258149266,-0.03973004029198363,-1.5780066941827946,-0.15809065700893463,-0.05202184697317262,-1.812981285833256,-0.20032198319792527,0.13440474944509523,-0.8232334298959623,-0.06872923567076332,0.0979232738898383,-1.1292534478600884,-0.15343220188084203,0.08069460412420887,-1.3376033012681154,-0.20787000575931544,0.08496373130096378,-1.5246956638716274,-0.2449842392604638
B,0.0,0.0,0.0,-0.22048324217537738,-0.21414092816130034,-0.08739749607496712,-0.3221662335355022,-0.6108921041880722,-0.10258911732391493,-0.20390009484039182,-0.9210229875130297,-0.11456571104149235,-0.023530170398302207,-0.9704695995931705,-0.12104561627165461,-0.2728707987176713,-0.9454535658824481,-0.0018405241204002382,-0.32317491390124453,-1.314945294673842,-0.04509659834159894,-0.34010914428093403,-1.5590933643530225,-0.09051867663640711,-0.3412743501611906,-1.7680898681439734,-0.1371261838901196,-0.13217931967963045,-0.99119823663678,-0.007394804741709088,-0.19029390353240205,-1.3903656341594326,-0.05216992929447524,-0.22420633880990584,-1.6650285727657606,-0.09651099954060523,-0.24522829777441219,-1.8908790831533355,-0.1342163781408008,0.000217970989839916,-0.9554757151132228,-0.032024411445894345,-0.02323423377632762,-1.3398415275351867,-0.09629062926540141,-0.04723029636665408,-1.6066658300107066,-0.15478563726872033,-0.06003353674369595,-1.8277965672529586,-0.19659539088871883,0.13530055966609494,-0.8471427069621967,-0.06724267449598906,0.10110549897210298,-1.1430315512170905,-0.13924268041871446,0.08870920116278841,-1.3526863654293737,-0.18833162813268872,0.09264646558558924,-1.5273949866380747,-0.2238485242152444
B,0.0,0.0,0.0,-0.2321529082960954,-0.2274221953591777,-0.09424763762491656,-0.3326575658151251,-0.6115035579478174,-0.11600214238684911,-0.20684274759756843,-0.9156970019198006,-0.13491377676491503,-0.015380193375092614,-0.9532439187290209,-0.14855344046184957,-0.2990647682169125,-0.9410224908786416,-0.015810979605960673,-0.3551289098254935,-1.3080535660579737,-0.0629805889568514,-0.3696599862131903,-1.5439494296207508,-0.11152290872070846,-0.36765404313209477,-1.7513724777002078,-0.16048882181261864,-0.15182252915037425,-0.9882010458851844,-0.02021416715601212,-0.20927216246733965,-1.384149684876948,-0.06848319133083271,-0.2413464327844423,-1.6459781051410027,-0.115962062989778,-0.2640636009098468,-1.8640182612879717,-0.15678307189419927,-0.009817865121137704,-0.9570508180070125,-0.043027465779636086,-0.04243777574941883,-1.326637594618703,-0.10970801124227682,-0.07102086319499792,-1.5917810371506724,-0.17100598161558273,-0.08888057426088819,-1.8110300668424073,-0.2155234391013578,0.13718335421046282,-0.8541073656380195,-0.0772703882321052,0.09287964874281686,-1.150342468366961,-0.14984977946215755,0.07389273859383377,-1.3531367250015882,-0.1983140494975406,0.06765230640598661,-1.5138297412736914,-0.23379218021812784
B,0.0,0.0,0.0,-0.2175955404289294,-0.2214146760844225,-0.09124762795443636,-0.3125169928958061,-0.6079514406406517,-0.10844724871773011,-0.18439074283336876,-0.9086147240384526,-0.12170050826303995,-0.0012661408652471396,-0.9503872364134318,-0.12983725643420738,-0.2982861292637449,-0.9499293455818997,-0.003265917063257708,-0.3353733034525512,-1.3195721860419283,-0.04704803457049093,-0.3459548124135733,-1.55530862083445,-0.09343521076702828,-0.3451715722977499,-1.760350835119506,-0.13953409463773642,-0.1516154107001065,-0.9884131088420489,-0.007231424993316974,-0.19264093081382788,-1.3810637516522193,-0.05197733651794806,-0.21930238469314872,-1.6498130577100494,-0.10046933280594848,-0.2365982302892118,-1.883043652976015,-0.13945637934772392,-0.011213257283448736,-0.9461820445804391,-0.030008182561305823,-0.029074084636994183,-1.3209989632961008,-0.09212508219377123,-0.0511337136242473,-1.5820377226855131,-0.15594035287901167,-0.06226808499928001,-1.8051475643940822,-0.2001768241856633,0.13413667319346997,-0.8332636975855843,-0.06346454260878759,0.107389943206448,-1.1246226304725846,-0.13205243829715996,0.09758297046911955,-1.3300131106186783,-0.18087745830598526,0.10140430964160753,-1.5027108905188171,-0.21513104735921246
B,0.0,0.0,0.0,-0.22619290650882454,-0.20472280516370925,-0.09644248256718288,-0.31715357210975054,-0.604935346394022,-0.11888327131342893,-0.18211996340676911,-0.9075303589396988,-0.13532656865917295,0.005900772279911814,-0.9503582539075817,-0.14686873713844056,-0.289270442133556,-0.9573464569828454,-0.02208587218703453,-0.318685724306598,-1.330734202098514,-0.07177089981712553,-0.3234679288509277,-1.5700767753103728,-0.12094829466325142,-0.3196771674310331,-1.7756883790645168,-0.1681630087189194,-0.13794308734560032,-0.9901330108327487,-0.024664255773082167,-0.17112561718022504,-1.3853954227790073,-0.07292392621393229,-0.19442334954809695,-1.6579724923050476,-0.12124996061392188,-0.21200519863976913,-1.8898039765832932,-0.15977396543957245,0.003935709245104397,-0.9412495178338781,-0.04572540964522934,-0.006454795078491547,-1.321356614651236,-0.11020519133373768,-0.029527053051592637,-1.5884108499305043,-0.17456915232830117,-0.043997999707983966,-1.8135498246969144,-0.21935694320944457,0.14780619632295136,-0.8212346511978218,-0.07755854568789906,0.12722231671804482,-1.1172413019282952,-0.14976402968372182,0.11705385098891843,-1.3269828450133248,-0.20072944319092778,0.11888362938686335,-1.5015744331162149,-0.23624949828676944
B,0.0,0.0,0.0,-0.22730725647925634,-0.20247964904410484,-0.10480496773870823,-0.3189079800607017,-0.6089103631578536,-0.13228409451085593,-0.18606803574770603,-0.9087522970695507,-0.1528514428810746,0.0043659743602061825,-0.9356401355604556,-0.16815146580419502,-0.2817790694573785,-0.9648061619726259,-0.038161985385735446,-0.3068163464247527,-1.3441669234464344,-0.09673757250540063,-0.31202783596381345,-1.588503613918817,-0.15242476175729314,-0.3111159185269773,-1.7959293506533884,-0.20305177004744843,-0.1297862691791714,-0.9907349488186109,-0.03999731893434677,-0.15226441762676832,-1.3916337643699963,-0.09689750508892844,-0.1763378777325813,-1.6736804111009573,-0.15040188844613356,-0.1976816974361869,-1.9079233368101411,-0.1909268316908425,0.009262959600932862,-0.9355183117611009,-0.06052160878109561,0.008960886302532984,-1.3203589687808817,-0.12718709966077207,-0.01356719332813276,-1.5931188298277028,-0.19065454099645154,-0.028675623464768048,-1.8140738453406078,-0.23373428780887734,0.14800990789930502,-0.8104987095066798,-0.0933014822616229,0.1389054435475326,-1.1114287702792796,-0.16538600858342734,0.13157384696970237,-1.3363206834713304,-0.21493636278970246,0.13449243857090887,-1.521725111005885,-0.24859764596139414
B,0.0,0.0,0.0,-0.23453623378691896,-0.2623774365677772,-0.09308770993340502,-0.33000298438757125,-0.6646249442045812,-0.10674345202952013,-0.17531909501510923,-0.9681569763451217,-0.11600791456446212,0.03510440158196564,-0.9977975598304254,-0.12018858666566551,-0.33193536484319563,-0.9374213223421466,0.001756400640181529,-0.37181245661127227,-1.3209085677312418,-0.0379007799380966,-0.3819105509937032,-1.5639584333781398,-0.08423058856117221,-0.38419390955376614,-1.7816270031465153,-0.13222193777046373,-0.1732360599740786,-0.9848779875406837,0.0021487630093566332,-0.21802825759103295,-1.3907063663543617,-0.037745270273277884,-0.24968525854288295,-1.6770755456480786,-0.08733302844284846,-0.281630621787112,-1.9183232058170547,-0.13070581416883326,-0.0252087492986743,-0.9568164524286689,-0.01683868040383352,-0.0472356266740114,-1.3362586221996071,-0.07352359365860386,-0.08343768814933514,-1.6088131291082586,-0.1381107960011477,-0.1169879935237198,-1.8302261715173478,-0.18589632662425365,0.13310073683070417,-0.8569997860722018,-0.0476299875936197,0.10550058138649591,-1.1514624121712882,-0.11194032167648452,0.08666146087923844,-1.3661947476098757,-0.16244470412677417,0.0736430215178239,-1.542893626769295,-0.200784339368529
B,0.0,0.0,0.0,-0.2462477156912061,-0.24472536563493655,-0.10349521979196509,-0.3398165541613254,-0.6463863017573458,-0.11847971993181838,-0.18431714964341,-0.9637787455538619,-0.12712381016576688,0.0265326894493864,-0.9948570568882023,-0.12939236782937436,-0.3442206551825797,-0.9278729479854021,-0.0041397696647314545,-0.38942303128491745,-1.3254406109402734,-0.04118413245762725,-0.39974981577334756,-1.5721350239333731,-0.08471607375634257,-0.39968906305648483,-1.7918003648137277,-0.13063185276497974,-0.18677598634682321,-0.9823970985158207,0.0032667647402529064,-0.2402579216647052,-1.3946476099484384,-0.03005145464402084,-0.269936801230382,-1.6756070262034108,-0.0727719174295634,-0.2990616065992448,-1.9103292686263817,-0.1121645353545722,-0.036623762815415004,-0.962324918910798,-0.010014591786877596,-0.06616159246868568,-1.342791045282281,-0.06071209840854388,-0.10219666616721378,-1.6136735167100302,-0.11964478720443529,-0.13592784613789327,-1.8341915149072836,-0.16454303915037533,0.1233339021225083,-0.8726174100961633,-0.036813792757226384,0.08241600541287344,-1.1720079761739246,-0.0963804629389352,0.05948962549353624,-1.3837907697791634,-0.14400417624794049,0.04552756797050609,-1.556861013844449,-0.1809192665900749
B,0.0,0.0,0.0,-0.24493507506796003,-0.25005914715543526,-0.09991023557660565,-0.3491620798362744,-0.6524287396171741,-0.11471131240716975,-0.19563758590857397,-0.9757833923354226,-0.12491414768914474,0.01944456837204027,-0.9879342449649432,-0.12889738396506187,-0.3388088579036793,-0.9366037603555216,0.012359740994249755,-0.38049292164089604,-1.3261793112227847,-0.021066325124079827,-0.3922321804529162,-1.5692684575213591,-0.06032974063905338,-0.3918210578361226,-1.7875662032262183,-0.10417207663300428,-0.17695353547751352,-0.9840583835501171,0.01779168476392712,-0.23159844585945807,-1.3941358771757641,-0.012301695634172233,-0.26469911751929665,-1.6704164012702605,-0.04919274995559606,-0.29495161650611634,-1.9105665509595557,-0.08426665924456753,-0.024138669814444794,-0.9554404798156263,0.001002928048578521,-0.056414504636808055,-1.346440470419929,-0.051489709832898696,-0.09752558831440179,-1.6156765439458702,-0.10666504496062189,-0.1356704635418915,-1.8411286477841753,-0.1477625374428252,0.13372676062581856,-0.8572987965769178,-0.02926294240869257,0.09035674075921786,-1.1507614188491455,-0.09384847408234617,0.07101136013598568,-1.3626047750706987,-0.14460762783461908,0.06011178098370899,-1.5395260332997875,-0.1826914236704734
C,0.0,0.0,0.0,-0.33292381099825585,-0.16143453398226523,0.21076123977965347,-0.5390690102105661,-0.3220052892436772,0.2635603292798685,-0.7270669818777792,-0.4037788204644883,0.22853924512145862,-0.8971911429158399,-0.49164211197075774,0.1760737652712338,-0.41144039991633086,-0.8723073600289251,0.39731306836589636,-0.5205092512226912,-1.1589871837325167,0.38771345513045286,-0.6722935898400632,-1.1797189667006582,0.3224251047060929,-0.7972312308475683,-1.1377875297378102,0.269542062541837,-0.33865725435885474,-0.9176387910249314,0.2079670966196916,-0.4639500092567892,-1.2780974353271042,0.18905825258438397,-0.6548948684440568,-1.2923971400310243,0.09726233038642666,-0.7902820665119118,-1.1924518831094473,0.029192352461432227,-0.2771789139748043,-0.916042911169944,0.0072430969411154105,-0.39549210057602924,-1.259306693728639,-0.009967898109258877,-0.601291700806585,-1.2750118707472824,-0.06558880397904086,-0.7476192939822943,-1.1866851922518695,-0.10924438067214598,-0.22769898279654857,-0.8773314505427964,-0.187307596495624,-0.36112884384653704,-1.1730836849845065,-0.19397049332028612,-0.5413786175829362,-1.2443407266839444,-0.20588518226641855,-0.6859735130789192,-1.2389032297931641,-0.22411424349445808
C,0.0,0.0,0.0,-0.3283844678834169,-0.15590186498514325,0.126931928640699,-0.5399657720954051,-0.3275882466015728,0.13278374771848678,-0.7368193723433731,-0.402120207082406,0.06940370541803872,-0.9056685774713326,-0.49397459700603286,-0.0032323017196336386,-0.41623211589679804,-0.8857617419251781,0.27523225655620115,-0.5315673212595172,-1.1833025743250338,0.22339135342037472,-0.6896498332068733,-1.1914214243997394,0.13843141967873493,-0.8128429713838629,-1.1304413022108988,0.07793700740775733,-0.3474863921473798,-0.9294604949228672,0.12392092498902682,-0.4845589816294645,-1.2881124512668027,0.07151117307263735,-0.6780906119945735,-1.290374566982274,-0.024738578292402707,-0.8097059898834024,-1.1829879963124525,-0.0922663034462333,-0.28163834901385143,-0.9230001314144912,-0.042906999636218524,-0.41214216723322455,-1.2707624310729058,-0.08398827700578669,-0.6264854794306766,-1.2775441073441323,-0.1424880219001145,-0.7721862616328374,-1.1748322137362701,-0.18364672853059189,-0.22516551275527535,-0.8740428419564921,-0.20969662036930695,-0.36822268822670773,-1.1654782973621693,-0.2288928039807896,-0.5505975530206129,-1.2370328464739238,-0.2460212020095732,-0.6953149530584443,-1.2248076453599888,-0.2647017698816843
C,0.0,0.0,0.0,-0.33652255695730154,-0.147724913332532,0.1984699673270318,-0.5533201932649789,-0.30486515402905634,0.24332514328845437,-0.743255234556526,-0.38435017848441316,0.20270270874352492,-0.910729567544459,-0.47368647207266007,0.14498949814859197,-0.43437670264846995,-0.8643567031145699,0.3797575156847117,-0.5509547238084397,-1.1518419883833904,0.3674978116805592,-0.6969858401112589,-1.1673800252318638,0.30058816844523123,-0.8208631281714646,-1.1234625322174339,0.24517764761067765,-0.35925330206513156,-0.9129708288957911,0.193445936996959,-0.5016242503938122,-1.2699100655692384,0.16863707777367742,-0.688806968032584,-1.278095335578732,0.07261752495616837,-0.8254473559123179,-1.1727230696296624,0.001373004909651735,-0.2958939313112134,-0.9124278872494058,-0.004302439851555581,-0.4317427407158434,-1.2550512021699307,-0.029437472465067983,-0.637333187793644,-1.2612521208432146,-0.08718017352236904,-0.7868732382231427,-1.1654962758423226,-0.13138678682431937,-0.24079605419085473,-0.8715254742879319,-0.1963877094358111,-0.3885794313739727,-1.1676581146041793,-0.21219536942918035,-0.5701200565037411,-1.2365333841971569,-0.22768538043058045,-0.7193262011299875,-1.2318826400376182,-0.24734791784009888
C,0.0,0.0,0.0,-0.3399345476657701,-0.12343568497775075,0.1502358889963577,-0.5591355007212709,-0.2861380824018829,0.17543317004989623,-0.7501117989009766,-0.3604532205835358,0.12820896396050227,-0.9138138655017818,-0.4363677407165508,0.07219653115646199,-0.46277240540927383,-0.8578479195881968,0.3020912297786996,-0.5881763727801502,-1.165034844514469,0.2584643714314864,-0.7377046100504067,-1.1543838702143752,0.18073799944068916,-0.8460761578665695,-1.0781054407760606,0.1261260240713835,-0.38920904329324724,-0.9100929178107766,0.14229266168507146,-0.5269677371247494,-1.2790921840763096,0.09503952086845407,-0.7217868776393263,-1.2624976535607069,0.007716320795617743,-0.843119408625279,-1.1298911435298062,-0.050237429266891204,-0.32238349357537216,-0.9100283657791751,-0.03236362541668708,-0.4428704151301748,-1.2667966857683903,-0.06646794302911774,-0.6562250836741432,-1.2661241024013266,-0.1157659732514496,-0.7928127459770407,-1.150011634671886,-0.14891606875756572,-0.2610932251102486,-0.8725786488339875,-0.20606373555034932,-0.38495127114699984,-1.1698043745194948,-0.22330054214326478,-0.5659296575043941,-1.238038644775806,-0.23844186168456166,-0.7078096990854602,-1.2162478975445747,-0.25361929764388297
C,0.0,0.0,0.0,-0.32063290914449655,-0.12645772878093048,0.06008410698487402,-0.539628683264629,-0.29766064211442705,0.04388182329772786,-0.7426545844094842,-0.36982336073158073,-0.024352482246218343,-0.9164140059038597,-0.43928517066234773,-0.09401099921427726,-0.4259374049438229,-0.8809333527813944,0.2115977959324962,-0.5353105918357901,-1.1729329785797622,0.14794073241228478,-0.6863647841290527,-1.1975427475690874,0.060039420179391054,-0.8086272650710582,-1.1526063354634564,0.00028509134834027986,-0.3553137896421149,-0.9294894734885704,0.09900216949188287,-0.4705206546213555,-1.291817209227518,0.03773253658866598,-0.6618028735996099,-1.3016215923365522,-0.04933571998754171,-0.7962961821953392,-1.1947132192717667,-0.10392467547105487,-0.2871831462700627,-0.9238221654353281,-0.0335371775911339,-0.3917445982224201,-1.2760709507803123,-0.07580381415046496,-0.607126233475563,-1.3085638538867936,-0.1269525624892529,-0.7606126463345357,-1.224046638880142,-0.1581624411407912,-0.23090943633390212,-0.8660204916528325,-0.17203497384049543,-0.3522137166459324,-1.1538487988422166,-0.19158402012694292,-0.5282823088296391,-1.2382814363982135,-0.2083413401107828,-0.6727925787365961,-1.2336978542889057,-0.2220029835787257
C,0.0,0.0,0.0,-0.3356965958539346,-0.16325884417314612,0.17849267128969684,-0.5328626963537018,-0.33186788622265334,0.21692508364536756,-0.715695683772065,-0.404966351353978,0.17717818766471874,-0.8725244124815268,-0.4987623876090202,0.1276766690370605,-0.40536911553582,-0.8794764554470337,0.36449645892807153,-0.5008702848234778,-1.1603467525486921,0.3537641164300256,-0.6386941299306227,-1.1870750068233962,0.2955498212379012,-0.7532633903381857,-1.1548215335461098,0.2498469151735562,-0.33453377352261177,-0.9223182168799555,0.193432833779846,-0.4436991341629014,-1.2629194221102913,0.1816348933820855,-0.6263378932093886,-1.286546000200207,0.11266381790168474,-0.7521459402249147,-1.1949137189658632,0.06352744518328826,-0.27618118126196556,-0.9151956606111871,0.007718794730636976,-0.3826539996491433,-1.249312068525413,-0.0013851011253562535,-0.5882010249965189,-1.2834377582732814,-0.0331950501380183,-0.7334543503183031,-1.2091239448735374,-0.05782629089581847,-0.23485698822807163,-0.8628796312706055,-0.17618561982725334,-0.36123537284416224,-1.1430075095300172,-0.179184534797885,-0.5377843570604292,-1.2275403615872993,-0.1811878088713112,-0.6806754851551327,-1.234221347198311,-0.18751006732097128
C,0.0,0.0,0.0,-0.3228328446127806,-0.1349124318578937,0.14245467131985984,-0.5192859599642955,-0.32240581390100226,0.16985533478476583,-0.7027920737726933,-0.3966098666817469,0.12726941767291586,-0.8571449848335858,-0.4713220444734035,0.07993099141183399,-0.40057953151981657,-0.8849939539018569,0.32720298661342906,-0.49674026137289246,-1.1587721647004003,0.3087210766396082,-0.6348691700417821,-1.1806577359177597,0.2517441726206959,-0.7432428002398438,-1.1327693765787432,0.20976949142662854,-0.3302913444323505,-0.9275817129421475,0.1746419010672466,-0.43805320714938834,-1.2711278216723754,0.15496393671475805,-0.6217762976557115,-1.2842467035714606,0.09203434028137455,-0.7456916502827008,-1.1740518140894454,0.05306632294219905,-0.26914189148430484,-0.921391251053662,0.004885443887938447,-0.3795088591132617,-1.2576951443938382,-0.009136818922993359,-0.5891708512568028,-1.2794200104452318,-0.040151904593496844,-0.7319268819596635,-1.1901698005196544,-0.05919972235684617,-0.22638205429707248,-0.8662002511821908,-0.16615307120294268,-0.35897855164629866,-1.1475800635696287,-0.17187799494949715,-0.537661334775017,-1.2257686155114553,-0.17715148552291815,-0.6775727356970548,-1.2188688751920123,-0.1825330812252907
C,0.0,0.0,0.0,-0.335543941792108,-0.16256144112355084,0.1950645870042866,-0.5282507176196938,-0.34245918355936167,0.23739633172490535,-0.7170847312487041,-0.4169007040923045,0.19536303310814307,-0.8878257725784757,-0.4786360652763962,0.14171558665205605,-0.4009007527982624,-0.8843320040242545,0.39503045045593144,-0.4939397942090754,-1.1611436764030183,0.3939974067325742,-0.6306242621241193,-1.1983814473380048,0.34224118210102694,-0.7461873524743629,-1.1631498214940135,0.29980369025582293,-0.32828666408292817,-0.9207822215085893,0.2106845194574343,-0.43034237234646966,-1.26765385097596,0.20175367800887253,-0.615889783062816,-1.2933801582633344,0.1335489849254222,-0.7468420607042309,-1.1899545849144413,0.08858375077183436,-0.2719839839018269,-0.9158876041513643,0.012206547633851277,-0.3758576061089269,-1.2490293965396078,0.010263554175090039,-0.5830454222877386,-1.2793422053253318,-0.01979081490323763,-0.7300316725602254,-1.2000264194849943,-0.04249273386025877,-0.2339987560919742,-0.8659762776488471,-0.18421355571836467,-0.35921226195110834,-1.1487199144023117,-0.1819088632695339,-0.5358338306341187,-1.2308179570846398,-0.1829762953755959,-0.6779889497943739,-1.2306177779676513,-0.1889220429482228
C,0.0,0.0,0.0,-0.33292455336218346,-0.15286392051968842,0.15401375658740035,-0.5229045997310267,-0.32234826965645563,0.17553184458631693,-0.7071327951461757,-0.40246887144271976,0.12107484115546763,-0.8650059378217952,-0.4741504168056827,0.058673909705489725,-0.401549212354151,-0.8870254840276699,0.3482273307518773,-0.4922889771553346,-1.1696622045057528,0.3332386385133312,-0.6300451898300716,-1.1775805836031545,0.26979658212213964,-0.7415959168794836,-1.1239885936650529,0.22024423148427008,-0.3315601745811407,-0.9249552958155339,0.18581052546753563,-0.44071108962612343,-1.2714076586661411,0.1674039311503381,-0.6248946701409944,-1.2691038146394267,0.08883439904218982,-0.7460585299368139,-1.1522050167978757,0.0345525595036435,-0.2737247665305531,-0.9170620317420872,0.007649243430258974,-0.3841171396702291,-1.2476203618920416,-0.0009316422304197762,-0.5917823487408186,-1.2536820669014426,-0.0412982712613606,-0.7321229586366957,-1.1517447788792181,-0.07190698656738004,-0.2311868583148869,-0.8633667230875522,-0.17101905134353693,-0.3574511098454665,-1.142024345766238,-0.16567798672423908,-0.5369311364227872,-1.2131090519826897,-0.16857496900470711,-0.6796893226083301,-1.199674045570588,-0.17808628891518258
C,0.0,0.0,0.0,-0.3130996970898286,-0.12059585184009325,0.09278596263182692,-0.5214325690740659,-0.3024152653233504,0.09994495634875296,-0.7055084951512436,-0.3862848076000848,0.04913694698146607,-0.8565726967460541,-0.46715455470026307,-0.002424193296357039,-0.40839233037544054,-0.8826844622441806,0.26135161709189697,-0.5141808061537071,-1.1714676476015802,0.21949419282288943,-0.6592869199379913,-1.1768878151515936,0.15017647954038746,-0.7623283789791311,-1.1101108692478874,0.10278974194793992,-0.3382366904348849,-0.9308613878187537,0.13817748699335836,-0.45876200945649,-1.281512069346643,0.09909473886323981,-0.6453737838934913,-1.269488374185212,0.02946393875911296,-0.7601998146382607,-1.1446013099690782,-0.01350625983303681,-0.27445201333990854,-0.9289367880459811,-0.004450785643134534,-0.395343758955123,-1.2731344693189826,-0.03286989653788297,-0.6083070674652946,-1.273494014662008,-0.0721260098469047,-0.7434621402680214,-1.1635547470274348,-0.095915581751882,-0.22363569808812742,-0.8803568792340699,-0.15097893900852208,-0.3645712364206754,-1.1596159837047544,-0.1637224506129011,-0.5491709976985766,-1.2261934808610586,-0.17556892669190352,-0.6904250089097252,-1.2065683692339584,-0.18591690293665275
C,0.0,0.0,0.0,-0.29944418874683826,-0.11431272485280713,0.04017200001275953,-0.525899936178439,-0.28320631964965515,0.019177537802097848,-0.7243012036457276,-0.357390566738868,-0.04724883744578273,-0.8795842470343643,-0.42752711446982716,-0.11131029996754582,-0.4121917227960127,-0.884210835109843,0.18386041789386848,-0.5360291554191926,-1.16913005319897,0.1161879225093041,-0.6903844464514836,-1.1538243421803949,0.031214286234129564,-0.7920496180305219,-1.0739954373529847,-0.02354447199249639,-0.35252247551939175,-0.9315025535113367,0.08961527244582367,-0.4904707409076477,-1.2872450323040092,0.03234154607103566,-0.6813342813447603,-1.2621608207247537,-0.04299893137745792,-0.7940241931843491,-1.1412824103008563,-0.09116375088973727,-0.29405065717757956,-0.9298165531656755,-0.025533403786507453,-0.42657246401967075,-1.2759049350815417,-0.06721867213410893,-0.6362339460084119,-1.2621835449764214,-0.1117904077540527,-0.7639082989616229,-1.1466003489513026,-0.13944165543757908,-0.24119358403860616,-0.8835205279954113,-0.14737430329552348,-0.3946683103187793,-1.1679161607757083,-0.1626111749037537,-0.5761386190130242,-1.2225933769092172,-0.17353713423358608,-0.7102069503091641,-1.194324523774837,-0.18410331706619454
C,0.0,0.0,0.0,-0.31908222377865364,-0.12812306169013232,0.10361680672768123,-0.5383365490668878,-0.29345082602978795,0.11155070520388619,-0.7351451778256448,-0.3632424642348557,0.05740652632649491,-0.8934942946260531,-0.4401762390446819,-0.0012100927365719348,-0.41014858344698857,-0.8791099611914791,0.2857702310940293,-0.5153153218571677,-1.1580304199447176,0.2556422847885737,-0.6603968707569634,-1.1747672749851203,0.18381258021505353,-0.772563768425536,-1.1421257611249993,0.12952964690779084,-0.3486833327167051,-0.9242464649245905,0.15552622145467704,-0.4705252182643648,-1.27651844409132,0.12248646421110496,-0.6591225165147423,-1.2847038376126145,0.04078817012756028,-0.7859210709260156,-1.187189493785342,-0.016718086859326416,-0.2936059562558594,-0.9231308057076137,0.00716996947855901,-0.41976862424917083,-1.2611816946570615,-0.017320132654106323,-0.6248513977362142,-1.2766852521077852,-0.06695191152686182,-0.7635887104254117,-1.1840281315396157,-0.1025940105803617,-0.24830498006436152,-0.882239854865197,-0.14405917835160215,-0.39638600015779457,-1.1615177769285907,-0.14845611228303146,-0.5759492368355325,-1.2376170199596537,-0.15857107628071315,-0.7153829146045199,-1.2363443866549642,-0.17305256585825965
C,0.0,0.0,0.0,-0.2807442338109798,-0.09858876914264682,-0.01418668066100945,-0.5203239791939986,-0.2782299760827704,-0.05239752769715611,-0.7285011470997697,-0.3576111536434638,-0.12063409246586876,-0.8885267233360395,-0.42325303057667063,-0.18327045311173457,-0.38029727873961744,-0.9059046561609719,0.10353575617905512,-0.4848174915761381,-1.229425557972171,0.015143781089013921,-0.6458039432723829,-1.264272949063962,-0.07460163887053367,-0.7639056249371552,-1.2263190767962033,-0.12809531095621085,-0.3259983226742368,-0.944445084666462,0.041815973777293944,-0.4281614011805298,-1.346229873581651,-0.03580282322165654,-0.6230345101888413,-1.3639433052401457,-0.10683403757589613,-0.7492513532509074,-1.2803057695891298,-0.144938967555905,-0.2707696608040263,-0.9321342043261279,-0.042987298121135546,-0.37529256556530954,-1.3142192044685712,-0.10550278337564935,-0.5824140739234142,-1.346346901468696,-0.15415569290207903,-0.7202631489251538,-1.2755215108848486,-0.17633327444852054,-0.21797279875614117,-0.8769287780170256,-0.13689379620243708,-0.356915503612724,-1.1873810935073617,-0.16988691159365485,-0.5287640134060555,-1.2688911585144698,-0.18902998553146408,-0.6611265207009931,-1.2700107158551837,-0.19947261695650365
C,0.0,0.0,0.0,-0.29049597652372483,-0.11626346602154888,0.0016981339292789963,-0.5136063086181227,-0.2916742944687311,-0.03591629779156867,-0.7142388310438228,-0.37114916060856773,-0.1083885180594987,-0.8700827039393838,-0.4441720040392151,-0.17724475528099448,-0.3766849900164007,-0.9070054044686114,0.12294984168938784,-0.47827182379067334,-1.2079344389901743,0.0405347739684201,-0.6357108176736724,-1.2463018633851672,-0.050378680603835733,-0.756381237003373,-1.2215099543861219,-0.10876396707243484,-0.32203932141817293,-0.9454391196059395,0.04935125711943527,-0.4306915053739476,-1.3219918043490966,-0.026567801222689626,-0.623693549039739,-1.3409526139254913,-0.10609350321239375,-0.7529843888815523,-1.2673022181340716,-0.15416300932848132,-0.2657789208212329,-0.9307593109272597,-0.0456213444696934,-0.37363699692611846,-1.2919353055629392,-0.10707866305427831,-0.579699007360489,-1.322122452353782,-0.16014778588349307,-0.7192006931076045,-1.2524845799536202,-0.1885878781391655,-0.21468422632075487,-0.8674823114655765,-0.14862127590140908,-0.35159753479111144,-1.1614577233276147,-0.18039881355901288,-0.5223982564260276,-1.2465487964003654,-0.20096631047632618,-0.6538824912048532,-1.2549903700138867,-0.21517973616153596
C,0.0,0.0,0.0,-0.2962716672544598,-0.11432107872806861,-0.014353438309296557,-0.5314599861247793,-0.2687453519082184,-0.06307510599520413,-0.7348324628079085,-0.33973674667566445,-0.14383912718088646,-0.8856951557836362,-0.41036299190945585,-0.22113372953894134,-0.39871087948226314,-0.8991873918449939,0.10629254264881782,-0.5090980404893092,-1.1966214212871145,0.020618579802123144,-0.6671200951698089,-1.2397239649866447,-0.07479301297083969,-0.791145735018513,-1.222060085004652,-0.1376648622025331,-0.344925424837853,-0.9378271129692783,0.038816974123894066,-0.465809001304981,-1.3199300925096091,-0.042209955706199044,-0.6594448976707153,-1.3407361665637771,-0.12792095504343087,-0.7897018652805688,-1.2646220923866465,-0.18187036921247077,-0.29259586346649663,-0.9252993735286691,-0.050644404324365275,-0.4077256556212849,-1.293930243359891,-0.11341017363046875,-0.6138153205485847,-1.3298743401888427,-0.17010199116112718,-0.7553878722931611,-1.257660857629985,-0.20317586105445887,-0.24361172004878748,-0.8641667547886991,-0.1494972949837201,-0.38691474601495324,-1.1609481153793269,-0.18402220626161703,-0.558199544064936,-1.2464725661387048,-0.20784865441335112,-0.6927578006696499,-1.2531281155842646,-0.22529352962404056
C,0.0,0.0,0.0,-0.29832158276878334,-0.12582562410625311,0.04073866532033413,-0.528742770965303,-0.2776596131787144,0.018305852291068722,-0.7271223421759578,-0.3407972669220145,-0.05026050521433599,-0.8787198763293069,-0.40802780566013497,-0.12015007305225586,-0.40690742837757693,-0.8896853983756299,0.1798472492662244,-0.5115715943253885,-1.1898404346286078,0.11603211476591478,-0.655771501644801,-1.2219640625611015,0.031918444131036915,-0.7665299788572044,-1.1973102550403796,-0.025393226042984683,-0.34615276132288925,-0.9344157250790996,0.0839375872505233,-0.4635198841454573,-1.3119416842418266,0.02242075340885609,-0.6424603468008849,-1.3232153758890584,-0.05865240253488758,-0.7592239408906708,-1.2330612810180692,-0.11165280363768725,-0.2855216494461883,-0.9335743047390892,-0.031721908280645396,-0.40403046042503693,-1.297589648857778,-0.07874665957794431,-0.6001350360038081,-1.3111483929537064,-0.12836907393733255,-0.7286922831148532,-1.219288590116848,-0.1594195108125821,-0.22624653170308986,-0.8877250374411775,-0.15340396298085646,-0.376659157332665,-1.1876349986463466,-0.17601583262003218,-0.5502903390549532,-1.2627610963746505,-0.1912359119707431,-0.6818062058931381,-1.2598303723417654,-0.20515716540247234
C,0.0,0.0,0.0,-0.3056622055157337,-0.14798757239199228,0.10298045795772656,-0.512350185535056,-0.30571259030688114,0.10829878392868218,-0.7076571553886086,-0.3608486460001264,0.051945806644079946,-0.8633520063707442,-0.42188950158417476,-0.012684225382257453,-0.378726743095251,-0.8885555631323799,0.26347180287096295,-0.4896908481323109,-1.1426589268293093,0.23029418855382047,-0.622256422552075,-1.1499331513284512,0.1585685417614244,-0.7213445984622208,-1.118780043627335,0.10592180965580766,-0.31479163203997335,-0.9393453459555053,0.136148997166126,-0.440698548048222,-1.2706206706807464,0.11106271924390561,-0.6044171238720746,-1.2673450214739959,0.04101427013831506,-0.7119962000608424,-1.1626225716086382,-0.011156822629562978,-0.2546398447959192,-0.9430538366592018,-0.007761330167603034,-0.3791064360783284,-1.2743863491853653,-0.02982992516048063,-0.5662345937266954,-1.2694421555342237,-0.06743771392044878,-0.6900720129019279,-1.1620796063909566,-0.09617559370583349,-0.20168436632967546,-0.907079095779925,-0.15424298924585986,-0.3428019618190106,-1.1917590120995238,-0.15858457175963078,-0.5163405759563116,-1.240255649143274,-0.15709234750999862,-0.6513979653002918,-1.201742960429743,-0.1623619695115579
C,0.0,0.0,0.0,-0.31225577783992114,-0.1498761027303807,0.17931217158967763,-0.5076756258856642,-0.31212480565969997,0.23840300860481492,-0.6927104375792104,-0.37160549591043157,0.22021086600129278,-0.8505034425326508,-0.42899917294155165,0.18947727280655155,-0.3610242046608536,-0.8739999330135122,0.39661320774490316,-0.45411176657478525,-1.1218750544161191,0.415584751760188,-0.5837891729056348,-1.1224782585877588,0.37531243332577785,-0.6761830296848855,-1.0876544031878452,0.3388715087519764,-0.29119081435707916,-0.9265830262698621,0.23801639662562163,-0.39253023374379764,-1.255171177344431,0.2536248638424163,-0.567009277493073,-1.258113170448592,0.19829787544665176,-0.6818065968298952,-1.1472633200839641,0.15636617355380836,-0.23434115996895857,-0.9315932205956993,0.06442862847718282,-0.3428426628723843,-1.2495619479924425,0.07036619074719282,-0.5353279409266652,-1.255851256491418,0.03878750667762767,-0.6634989638120203,-1.1614647515416592,0.012404739336828499,-0.1943745110793814,-0.9045486856177277,-0.1065780318680305,-0.32949265227260255,-1.1835313268064722,-0.1039479111836974,-0.5083579421351084,-1.2423185152954734,-0.10512850387305339,-0.6458268712649394,-1.2187760625277644,-0.11228697751988655
C,0.0,0.0,0.0,-0.3127310401567781,-0.16550778406242705,0.22471404985810423,-0.4939086513934203,-0.3287805404984583,0.29984718097770563,-0.6730704952803463,-0.38866801972497816,0.2871966303753757,-0.8282710912761707,-0.47023323366237724,0.2560973265420085,-0.33274892667415656,-0.8777919485313971,0.4381242414339618,-0.4313199598505867,-1.128112892118812,0.466936684042311,-0.5699349773249218,-1.1423569898523787,0.42833934835545534,-0.6744442200543903,-1.1149041955669625,0.3895267113937949,-0.2647981825425069,-0.9300292675916408,0.2548087203082761,-0.3740161936748571,-1.2628557125000404,0.2770071126422786,-0.5571280461485311,-1.275562251209133,0.21264569247594167,-0.6818997537334309,-1.1769014806568703,0.15981487748956044,-0.21258354220905312,-0.936068358377641,0.060596596383141084,-0.3274542259937811,-1.256536070223148,0.07465554968334563,-0.5246655015646036,-1.2716516371348692,0.035250797558547244,-0.6620938937609113,-1.1947790623334538,-0.0029160235947030618,-0.17972206709051575,-0.9096131348115815,-0.12706948900973375,-0.31843356690684055,-1.1841689373085673,-0.12018226760601498,-0.4973124154745567,-1.2472029921240504,-0.1255814419469796,-0.6356329027600215,-1.2389555603168856,-0.14019789358219942
C,0.0,0.0,0.0,-0.30549445711479395,-0.14092868765398514,0.10838870177150942,-0.4988313870852399,-0.3250187861893125,0.1272773588391175,-0.6883222375284463,-0.3983687857095754,0.08456050853602871,-0.8470138577227053,-0.4645046936509164,0.03548160088739367,-0.3559521155088559,-0.8946966089096607,0.2908441164338267,-0.44830815643775224,-1.1592246100797314,0.27398435114140945,-0.5906476006254688,-1.1964042683891203,0.2156504929641402,-0.7058456597884022,-1.1839528789933442,0.17119926013201064,-0.2836148641933917,-0.9450075875100858,0.16285965846989722,-0.3818981412277305,-1.2904187726637444,0.1483250395358716,-0.557022949660235,-1.318495229459399,0.08476315229414,-0.6880386947174849,-1.2332293790491726,0.04159035800288713,-0.22183283950930785,-0.9411078492929064,0.01729442188380514,-0.3344331699812951,-1.263882882589562,0.004720704018157052,-0.5334501057877267,-1.3063906677238208,-0.0378121010886172,-0.6804604293299299,-1.244819465459181,-0.06731941855638561,-0.1814027798469682,-0.8936901510663825,-0.130693464642637,-0.32170338443398333,-1.1653550439239873,-0.12874142726549287,-0.4919633606984528,-1.2536360742897015,-0.13614023864626168,-0.6308773218042317,-1.262483658385285,-0.14682963582961878
C,0.0,0.0,0.0,-0.32514859303448007,-0.15738229520814806,0.2385438205261366,-0.5127385836266742,-0.325232930499011,0.3209789218865307,-0.6935872059143214,-0.39998740751604944,0.31439604409437294,-0.8569504965850351,-0.4721484120943904,0.28964748226001447,-0.3666849851247024,-0.8685379299471025,0.44635161934344314,-0.4713630433070391,-1.1182712752865565,0.47075391101092945,-0.6134659467793441,-1.1627720720124177,0.43213808524757685,-0.7333585217248078,-1.149248597736633,0.3946241799766814,-0.2938616833984274,-0.9212555235849437,0.2548206649674896,-0.40683057228513764,-1.2568381111283478,0.2645681296180827,-0.5912515158645223,-1.288890354633707,0.19786597237631445,-0.7322186302924374,-1.2069300808309718,0.14836201536947874,-0.23969871353022038,-0.9259845274784604,0.05296779236819767,-0.35876489580852705,-1.2402346975228664,0.055364075896259024,-0.5588007682988172,-1.2825956695971847,0.011245899148211912,-0.7115985018321135,-1.2312199384464788,-0.025336201314369283,-0.2061219081660329,-0.895017794913636,-0.14059949676716102,-0.3499968524372037,-1.1568902016919873,-0.1414456500647943,-0.5236682038462748,-1.242822541103637,-0.1545550812932021,-0.6648171590065383,-1.264391179826819,-0.1728303372562328
C,0.0,0.0,0.0,-0.325086814946757,-0.15767571633740887,0.2262039503846098,-0.5174510940012617,-0.32991843300566276,0.2996651905396991,-0.7003208403421962,-0.40892776182835594,0.2858124865498936,-0.8670441785589751,-0.4808171547117657,0.25488073714830817,-0.37799544415226877,-0.8735410879837081,0.43260283068463534,-0.47669671983793377,-1.135922221315787,0.4510116631379611,-0.6179593837719584,-1.1754646389201155,0.40890262139294814,-0.7365333670273072,-1.153744001501278,0.3702649215028999,-0.3029836052503459,-0.9209579124048705,0.24502542424892493,-0.4090386494789469,-1.2675125567399732,0.25111517734698924,-0.5935349456892456,-1.2992255353358626,0.18345454975274478,-0.7342367473976874,-1.214811471265514,0.13416458138986465,-0.2447760881000156,-0.9239548438812707,0.04593685184624954,-0.3546177182864982,-1.2488663337904624,0.047879464257350735,-0.5546672428715343,-1.296552866231645,0.004664174662054226,-0.7099274466705348,-1.245324847095919,-0.03123179880408341,-0.20604071911843752,-0.8916203212260526,-0.14632275351580218,-0.34070457953881716,-1.163851875355283,-0.1463957273740955,-0.5126896454895213,-1.2563658770968757,-0.15845326456685013,-0.6552992682380777,-1.2821658359647272,-0.17603178620423665
C,0.0,0.0,0.0,-0.3256806502285972,-0.166295130457776,0.21176113293695228,-0.5181979968826715,-0.33806473864092573,0.2740635039729558,-0.7020675125929149,-0.41633298823844894,0.25016762895163097,-0.8593462345664077,-0.48494610454996384,0.21100772711441101,-0.3821767068059536,-0.8755014695956953,0.420468701224498,-0.47086843060141664,-1.140616409753614,0.4344400509803869,-0.6077718898733154,-1.1687523639620383,0.389390753681549,-0.7216786249786216,-1.1446000098444455,0.3481633287029504,-0.3113513456059496,-0.9206478327936052,0.23551625753183655,-0.41206267341361136,-1.261631370307229,0.23899769265133947,-0.5921421360968353,-1.2815411844807427,0.16972610457243748,-0.7213491271826753,-1.1923928806278976,0.11842067374828145,-0.2546500472781458,-0.9206230790402274,0.037609039946506134,-0.36273487500929125,-1.2472676638147298,0.03534959298818408,-0.5637819362721813,-1.2749508387389286,-0.00748008400358173,-0.7097617392973686,-1.2049775329160197,-0.04213408627420985,-0.21327677981163418,-0.8837243935917813,-0.15503430781958843,-0.3465051838084262,-1.1649738107102101,-0.15588794685216542,-0.5241248640693831,-1.245912054722268,-0.16543660976193253,-0.6659618243540563,-1.2541509614567554,-0.18086527583811365
C,0.0,0.0,0.0,-0.3227850254368455,-0.16036861408339967,0.15888741618940552,-0.5191842794182125,-0.3345871244733788,0.18813272936073883,-0.7078807557372508,-0.41377058040680176,0.1415825607710192,-0.8715068189838361,-0.4856896520589834,0.08483369609524502,-0.3957497682812317,-0.8857735322634852,0.35102036456156277,-0.4817465634937436,-1.1614289154434623,0.3426240279746914,-0.6162644831311036,-1.1844789921288008,0.2838390552931011,-0.7288341940107577,-1.1556491841830043,0.23566251591175427,-0.3228093479331564,-0.9274252187483983,0.18888247276138667,-0.42047025124547005,-1.2713807215084927,0.17449463737309248,-0.5974408324781103,-1.2866333785599702,0.09838198241417895,-0.7253578423807742,-1.1921292018152319,0.04460438833644037,-0.2611992878826813,-0.9229853824258414,0.011709544511097427,-0.363659372785629,-1.2522228326803884,0.0025479775510264214,-0.5631720043693723,-1.2841283575891118,-0.04125138175696248,-0.7104607056886797,-1.2101909110414537,-0.07475636517907407,-0.2148413945107742,-0.8750894834605978,-0.16482568901594796,-0.3398505911347216,-1.1550194472926325,-0.16192401765792297,-0.5106714057094,-1.2460295209080634,-0.1690368399321625,-0.6504765260569223,-1.2573583120123533,-0.18211817477769232
C,0.0,0.0,0.0,-0.3393961596881556,-0.15404581924098737,0.25177875704530334,-0.5341084143263598,-0.3156212996364752,0.3374268867617291,-0.7167506073923399,-0.40487509715170933,0.3296284736637621,-0.8801386854112994,-0.48992202203964513,0.3047623542922578,-0.3872353876464344,-0.8609625777848755,0.4706030081366054,-0.4792298868207436,-1.1205503896543538,0.4958861652110701,-0.6205468810360425,-1.1581312323163928,0.458348114021222,-0.7367338154176934,-1.1354214499601036,0.42189213426930994,-0.31829586902034623,-0.9086846922403161,0.27014786664474044,-0.41925323655172014,-1.2566916631734208,0.27744882887848893,-0.6100501738564048,-1.2774095946339747,0.21095027965874666,-0.7452231111662537,-1.190079365928468,0.16350432631615008,-0.2662716760305798,-0.9160149328497742,0.058573756515713817,-0.37547530831773634,-1.2418045304726137,0.058798047044668685,-0.5808877855583423,-1.2684976051326011,0.01896664039209235,-0.7290026862792895,-1.2031565626763228,-0.013523845378155989,-0.2297265303162796,-0.8938270426591045,-0.1444466275231015,-0.3625152250727198,-1.1629340120241287,-0.14878683960620978,-0.5446554885019732,-1.2424970766672814,-0.16211576896200053,-0.6887494240441835,-1.2589433340605924,-0.1798428785136461
D,0.0,0.0,0.0,-0.2016180693508164,-0.1934069984763212,-0.16116527719453377,-0.36014949535528146,-0.47580728338162126,-0.26408812752737865,-0.39044549930710076,-0.7505170521432295,-0.3694735651872985,-0.2396286944131413,-0.9046100690636685,-0.4627608653835339,-0.2596975330871108,-0.9897763871816134,-0.07801463727064285,-0.32112017751255023,-1.4134861779298549,-0.1949916856755025,-0.3765342134398411,-1.6700508156803362,-0.2802184772461836,-0.38292775105784854,-1.8763641949093537,-0.34705186602692045,-0.0862126800236823,-0.9936307432370428,-0.07256252405571387,-0.09072603023021512,-1.3689269743540238,-0.2350710937213674,-0.1719166233158552,-1.1729846398545773,-0.30258066433868874,-0.19517632179918143,-0.9534889389687153,-0.31736064349928494,0.07892772760179113,-0.9234856649835335,-0.0925966414946547,0.10503162458185265,-1.3102083069257608,-0.23244670063213438,-0.0012491437666376562,-1.1800456130517554,-0.24719861204440755,-0.04813020902914201,-0.9703800489436547,-0.22590841597118785,0.2365533883746584,-0.7890547974915211,-0.13046171640595353,0.25367110379637625,-1.0799083284631965,-0.22722971049938775,0.14522388983129214,-1.0624567076646028,-0.24734375771033876,0.0674963457133496,-0.9245468462852108,-0.24417430630049658
D,0.0,0.0,0.0,-0.19480704975706056,-0.18299657623990165,-0.15561373577996612,-0.3329303552356518,-0.4838573601395268,-0.24681114975337776,-0.34661656155566195,-0.7703870949135209,-0.3399615850823126,-0.20377109015562445,-0.9192518627454234,-0.42075840332017106,-0.26569890687731856,-0.9821721417958396,-0.0698644310178433,-0.33910093583668627,-1.3882342188822863,-0.18321983951001194,-0.4047277220801439,-1.6430340797070513,-0.269497499460588,-0.4274013534179271,-1.842653302307657,-0.33645840209178496,-0.08917481144481303,-0.9940614548863322,-0.06236727437567162,-0.09681690500236889,-1.3654802208123638,-0.21789131959183164,-0.15822205162288178,-1.187082110630663,-0.288527950296721,-0.17911052976446476,-0.9694713346950761,-0.30577666018210975,0.07900336111565337,-0.9265186570265284,-0.07888159983953903,0.09997774194004555,-1.305270648641704,-0.21117084251153664,0.018761718610078238,-1.1933127276622388,-0.23149842385808833,-0.020326674596010917,-0.9887986747477402,-0.21492397844718267,0.23526931320354463,-0.7943260727690834,-0.11277740852291218,0.2662511656803563,-1.0746461889450774,-0.20598301246369558,0.17397774901919055,-1.0862487779698382,-0.2310103773104505,0.09645668641912236,-0.9703601411198751,-0.23136350892236524
D,0.0,0.0,0.0,-0.20108929994837413,-0.1794186827215235,-0.15498926892115436,-0.3345878151725048,-0.47381618349743665,-0.24838387324914468,-0.33397663577161274,-0.7482960020372005,-0.34473553859030615,-0.18061922689254378,-0.8876293763814024,-0.4289564436379679,-0.2745665224535625,-0.9848760424105761,-0.06767218259458414,-0.34587522276502314,-1.3996340121633437,-0.17566638454512945,-0.4059135235011712,-1.656393787646663,-0.26034395254389253,-0.4296299094062649,-1.8586311287564223,-0.32821201878777084,-0.10169851453276776,-0.9929078936662193,-0.06157375120244235,-0.12712993712935436,-1.3309096061183894,-0.21883306728964141,-0.16604723841204927,-1.1381846456750548,-0.294859158395064,-0.1710104366503279,-0.915965287655368,-0.31662828809113736,0.06460809614166854,-0.9253350413079428,-0.07915216091995501,0.07466556527256109,-1.292783362505512,-0.20728843654560578,0.01815383993006609,-1.1828329092770642,-0.23269450887741705,-0.0055754868576841,-0.9766301119818437,-0.22239742543890767,0.2235108581088072,-0.7939360918599558,-0.11449275244306238,0.24899848111007353,-1.0705297111467855,-0.20628699709774365,0.16523159306518423,-1.0832332210414313,-0.2356709349971349,0.09363135315444748,-0.9686163779619196,-0.2405618491622893
D,0.0,0.0,0.0,-0.19511320377871377,-0.1723302875488233,-0.1818634659039131,-0.3265589826448217,-0.46311859020632423,-0.29110646307738286,-0.32428753220480544,-0.7235721990973429,-0.3997779216155823,-0.16167101370502623,-0.873399792378562,-0.4969469749318597,-0.24783615747943788,-1.0044624649981961,-0.111102955888385,-0.2766377154877679,-1.482623572710142,-0.23451433174964356,-0.2973083942631896,-1.76688991798478,-0.32780425662730905,-0.277725730120031,-1.9896207108848778,-0.4038940037553412,-0.07069429713747047,-0.9923981720955546,-0.100738197192728,-0.08701025198787621,-1.3650385636260125,-0.2787682785278681,-0.13826617175034056,-1.1588931971082208,-0.3650672473912759,-0.14379544682989837,-0.9350120193103161,-0.3962554231568744,0.10075267818907943,-0.9115942057619418,-0.11617348300519073,0.12884506317807864,-1.3089118104334843,-0.2710417620742419,0.06567517884530896,-1.1754413967935715,-0.30374908026918485,0.04038074884563125,-0.955338684313394,-0.29706460036745297,0.26627838753638633,-0.7710007879494176,-0.1504659121795724,0.29398340164537023,-1.075178973768695,-0.2694558070527481,0.2048680199255944,-1.046196701914046,-0.30684258324758223,0.13546110903845,-0.8945621478627005,-0.31651661568513856
D,0.0,0.0,0.0,-0.2057853112921097,-0.148013397963933,-0.16606338654339015,-0.34510366624941885,-0.41773178670099337,-0.272811541102019,-0.3329185884209451,-0.6728745436044545,-0.37812056729171345,-0.17127865502500836,-0.8258412692854838,-0.471413164550796,-0.29434137408756544,-0.9754402706132999,-0.12696875377951783,-0.3579582502404433,-1.438541360772461,-0.24979502987824986,-0.39368981712029383,-1.7257913544811114,-0.33984551727716034,-0.4040471332744965,-1.9571302778236817,-0.41321591451574624,-0.11278749047119782,-0.9863656327023789,-0.11984081365230113,-0.14130520232837068,-1.335946108366588,-0.2813561176059509,-0.15544002394950077,-1.0919016720471166,-0.3427948002787793,-0.15393223959519325,-0.8741192634454447,-0.3595166524867004,0.06349407315886414,-0.9207226713234002,-0.13473413461504954,0.07831662438149618,-1.3124386109075619,-0.27214123458573053,0.04438277512791604,-1.1327371152343182,-0.26631178631040675,0.024257531520726298,-0.9142599175007396,-0.23771531143668564,0.2309963719428249,-0.788579261883981,-0.16823037507111155,0.25580980043912666,-1.0652207514961276,-0.2772637652917377,0.1914171968173787,-0.9992471414140159,-0.2898494919925593,0.13560405691377114,-0.8491075113973132,-0.28141618518006156
D,0.0,0.0,0.0,-0.22934833124467807,-0.16432708961115294,-0.1568017951056368,-0.38241327814146636,-0.4587158567457873,-0.2351847693672353,-0.3874535153870494,-0.7535200922855362,-0.316172600531438,-0.24871394003779906,-0.9562557614816473,-0.3838413408531614,-0.3683609885149718,-0.9517304537881403,-0.01322422699243388,-0.4567758409003176,-1.343981660816779,-0.10664045234377494,-0.5246905294442203,-1.5983704700150714,-0.19161515959110798,-0.557743824238264,-1.7955446906568733,-0.2599642926800061,-0.19073035977137992,-0.9816424340239838,-0.0002481631495944186,-0.2406033197361911,-1.3169866840787514,-0.15100287215712946,-0.2617773764716082,-1.1876393818809898,-0.2511447063431271,-0.25606708518333726,-0.9841172716509218,-0.28930600719494876,-0.023410013116407283,-0.9436248937905005,-0.013059508100063327,-0.04405029502979778,-1.28947817373457,-0.14368111398318723,-0.07687648687161268,-1.212779495474806,-0.1979027617648562,-0.07949563040826499,-1.004886678562122,-0.20169833872749848,0.14460097778360664,-0.8429267642486522,-0.04293719087159212,0.1426028556891226,-1.1253946766868526,-0.13785896162206718,0.07275652697528373,-1.1787930980783474,-0.1820004402757405,0.011253941532071316,-1.079972166815467,-0.19406783657653
D,0.0,0.0,0.0,-0.22377237900297345,-0.18476352111686073,-0.1333391773995862,-0.3559169754051748,-0.5055357642214241,-0.18984453887185118,-0.31895712794353015,-0.8008960287516107,-0.24933092020318748,-0.1744556451297135,-0.9762061150746865,-0.2959633533456177,-0.3347489961644308,-0.9685295150111926,-0.012331476148417378,-0.42247986754763045,-1.3479015880239955,-0.09480244864179393,-0.47739250438757935,-1.6068567965983669,-0.17033246300064414,-0.5015357339487899,-1.80789353029972,-0.23388707879312018,-0.15812052448019284,-0.9873959062485517,-0.006871976550459422,-0.18960462190609076,-1.3137631365200255,-0.14768708121469462,-0.19801624287182756,-1.1711152324579401,-0.23989186346592534,-0.19439993270639463,-0.9669860260644693,-0.2762575629262585,0.009170086342309827,-0.9432424515266064,-0.022980985519194103,0.0104055002435378,-1.2784559413387042,-0.1487867621412482,-0.007505711824821523,-1.2001142156048372,-0.19992301846197555,-0.014360473167068661,-0.9959959988087086,-0.20509671483577077,0.1697726113822566,-0.8436946492812087,-0.05334302502332509,0.17463074604736717,-1.126369987919113,-0.14761832754632198,0.1302230653069037,-1.1571274898007304,-0.18782809657700683,0.08533422336280407,-1.0401857192018835,-0.19877581897441382
D,0.0,0.0,0.0,-0.21155662398954103,-0.20019835469534436,-0.14730098318562837,-0.30322510861989077,-0.5447020057501848,-0.20835874340845642,-0.23701820853801037,-0.8209763634568567,-0.27017310548753554,-0.08647009693830239,-0.9610518527425097,-0.32110860449890904,-0.27816670030264945,-0.9832910919635774,-0.049262367970434144,-0.3516035749101333,-1.4021559542016293,-0.13590230050198318,-0.39789299457139526,-1.6784714914283554,-0.21278549393111668,-0.42407761487895523,-1.8949759784018931,-0.27923276749052256,-0.09645833317692945,-0.9944116692373685,-0.04290946335342626,-0.12372530449763411,-1.350553897621751,-0.1980514137725724,-0.11854453780951692,-1.186132597248445,-0.29860325460028186,-0.11065166877736705,-0.9669370765225302,-0.33884998670047894,0.07308866824721186,-0.9428256056338834,-0.056242368444359946,0.08224163059301925,-1.3073813845632867,-0.190150045479016,0.0803287940033403,-1.2227796886395352,-0.24915538969244663,0.07545677794930365,-1.0105889000411599,-0.2599561553215379,0.23120404337166464,-0.8405255265888045,-0.08485080452859663,0.24930502812626568,-1.1344063317441244,-0.18590612484292188,0.21916602469759708,-1.1592452436428446,-0.2329406424305593,0.17439641662531102,-1.0363563622339387,-0.24990430630105967
D,0.0,0.0,0.0,-0.20910277787381357,-0.18176429773745761,-0.15714026832202801,-0.332313121749953,-0.494276384851925,-0.24048956478567682,-0.3109775957534437,-0.7644628020771771,-0.32554839280284603,-0.15672848962396854,-0.9231584924223215,-0.40024592132764625,-0.28030272823427227,-0.9874130274609253,-0.056057601688123744,-0.3437647730964176,-1.394731193095562,-0.15283128998380133,-0.39128482527012165,-1.662499000612859,-0.23635556820361367,-0.4069461365628895,-1.8702557793620505,-0.3069441342714978,-0.10065111431314966,-0.9937417290966168,-0.04844304944558308,-0.11596928745730942,-1.3448356338532783,-0.20687432122658628,-0.1417442918113696,-1.1698669674283921,-0.30601357072693114,-0.1436883049955278,-0.9514082053642183,-0.34555956449255426,0.06908726654412366,-0.9291534057227184,-0.06272670080839587,0.07843558388756683,-1.2903901749582105,-0.1969165363022978,0.04187856181656012,-1.203347713922967,-0.25071230004473866,0.022657028610249756,-1.0055903735163758,-0.25971829734823865,0.23065989444585455,-0.799126299955919,-0.0928161239233046,0.25162722479407534,-1.0822079797032516,-0.18882429625393335,0.18718251455267337,-1.115399255977638,-0.23168804789934472,0.12099705606855035,-1.0154334829803733,-0.24798236492797482
D,0.0,0.0,0.0,-0.21299301355874292,-0.17020038612568056,-0.15637522103177684,-0.35037026077594235,-0.4843999642331054,-0.22960686792335055,-0.34043425704225505,-0.7814976062896752,-0.303941490264694,-0.19203808176463733,-0.94916568172077,-0.36487321708666953,-0.30610972745380455,-0.9734593651789789,-0.03062554991506225,-0.37262548743878293,-1.3817820715669917,-0.12836612877837575,-0.4252216759689243,-1.6516628453334885,-0.2119879519549862,-0.4451247363708709,-1.8591163707897405,-0.27911971985289,-0.1266020659865843,-0.9917996772952958,-0.01747332266272135,-0.14943551325642535,-1.3435524483902406,-0.16990576562481088,-0.18414128308980204,-1.2052212587643065,-0.2598086060162223,-0.18760050517477514,-0.9965152337693387,-0.291198165622941,0.043420981693468176,-0.941152715140096,-0.029746881059041583,0.050822055810376854,-1.2897554840346914,-0.16300805069168556,0.0015021389434530556,-1.2103311500942397,-0.20638097983956227,-0.013968208581275175,-1.0080173529743324,-0.20366090177704482,0.20756641970934944,-0.829051434269284,-0.059494847038443786,0.23002311631516623,-1.1094319347714725,-0.15674531916576662,0.15236365533386875,-1.138128961765166,-0.19474417320750942,0.0883702915523176,-1.0231062731882634,-0.20316325979394134
D,0.0,0.0,0.0,-0.2052442623825323,-0.1779014655907336,-0.14773528702078673,-0.35151397300207954,-0.48441508548328926,-0.23485812081700322,-0.3803511161261165,-0.77135768690999,-0.327208021508405,-0.23467884019474075,-0.9365688877082693,-0.4083402835894128,-0.2882529317980877,-0.9735405237972862,-0.04885814590353118,-0.35343389185059004,-1.3960349031144457,-0.15284010389038064,-0.41110665887504494,-1.6591836141233305,-0.23627558019139872,-0.4271240233931079,-1.8665811860828418,-0.30358627811691674,-0.1196445570847734,-0.9917657000396599,-0.04567248827063825,-0.15217721166202638,-1.3692109211885353,-0.19884934017226535,-0.2035552655241097,-1.1992492980365974,-0.2786655273175769,-0.2077887720414039,-0.9830977696814589,-0.3033896810854706,0.047016932560793194,-0.938223512132312,-0.06582093336829181,0.04438905550582899,-1.3314993282455896,-0.1932128187738907,-0.026555838957157005,-1.2291135312785542,-0.22213156082277627,-0.05099084174219085,-1.0208740245796883,-0.21305291785432637,0.21139161085386096,-0.815383078262021,-0.10286248935058619,0.21774861218461153,-1.121793960657342,-0.19145694046942857,0.12022509041018355,-1.146025957186287,-0.2189552440413533,0.044967499898763016,-1.0290432697849528,-0.22285354810983668
D,0.0,0.0,0.0,-0.21446547658194234,-0.17334941143270774,-0.15143681591762218,-0.3676187695877215,-0.4802292923614583,-0.2418799948809008,-0.41329286680156035,-0.772649787822561,-0.3356491996313768,-0.26989325722728963,-0.9373455753000779,-0.4181366077459432,-0.27987795621676037,-0.9756745231333733,-0.06110417212088299,-0.347821278272319,-1.4135605760669123,-0.17897821155574822,-0.40438399059640306,-1.6970617643414891,-0.2690993595353954,-0.4172100070991216,-1.9137803328990963,-0.33776914319780443,-0.11105681787239882,-0.9922743050720935,-0.055299970142405314,-0.13421155122071274,-1.381968201436456,-0.2208626412002242,-0.2083199923233363,-1.217775146355107,-0.2961411162791811,-0.2289866298216172,-0.9960447980433519,-0.31147028708297736,0.05505431060653426,-0.9327624884272838,-0.07375623027806527,0.06806031267012654,-1.323378197203985,-0.21016026256983478,-0.02531742348544906,-1.2196134534245766,-0.22967802206502422,-0.06403845350078421,-1.0109114008424764,-0.20751268519583435,0.21581741357895987,-0.8006309976089415,-0.10957104954863453,0.23189912344302863,-1.0975429509300298,-0.20219077549194514,0.12780590601502556,-1.134546550542346,-0.2253072874747042,0.04926470688874677,-1.0356913219938617,-0.22158989535712967
D,0.0,0.0,0.0,-0.211352317771228,-0.16547534335451855,-0.15289890801894718,-0.3662317326846888,-0.46976120113380665,-0.24308620924502367,-0.4055323927157006,-0.7544987880638597,-0.33626007100609334,-0.26499485199373435,-0.9339826386034434,-0.41840378493408714,-0.2885098355737276,-0.9729517048567834,-0.053049461846975565,-0.35175105408655744,-1.3954970453491815,-0.16066911023614414,-0.40728247098674614,-1.66045515210255,-0.24606368198263412,-0.41949844092329197,-1.8683288876149042,-0.31382665845552926,-0.11846369955836059,-0.99179836819426,-0.04798279623103868,-0.14476422849113094,-1.377139497610677,-0.2075043793413636,-0.2111718424887875,-1.2127070097910466,-0.2894795872810307,-0.2256545898538027,-0.9884355383681743,-0.3122333877886456,0.045471693132888374,-0.9374195499865133,-0.06672699711584291,0.04791874881838076,-1.326805118660897,-0.19751599108929097,-0.034098597932456606,-1.226367767114204,-0.2279631292730962,-0.06321796951356348,-1.019734799168628,-0.21751127566859366,0.20674527243355745,-0.8105202071773995,-0.10246755562148568,0.2108262599064724,-1.1081371486247595,-0.1915741847466004,0.11218390842601768,-1.1366955888422112,-0.21962459492499883,0.03893892136446075,-1.030202365550177,-0.22292144586439536
D,0.0,0.0,0.0,-0.20660761667996655,-0.16814160525309818,-0.16873111013815248,-0.35449371135392505,-0.46367042910985784,-0.2630361074385416,-0.36677151799247126,-0.7449676546316962,-0.3579887549888924,-0.21273947613553032,-0.9222354658031939,-0.44181337457880043,-0.30010328504619077,-0.9692726266881668,-0.06726086354585577,-0.37665441096984553,-1.3768252980121702,-0.180257996881136,-0.44116123433691834,-1.6451578521355064,-0.27289877131982565,-0.4654188921791061,-1.8557618929392572,-0.3464198251843938,-0.11686439060829468,-0.9916101272831914,-0.055245539884815495,-0.13661679322199552,-1.357098781597601,-0.2183233775534992,-0.18773147071170623,-1.2004011656164573,-0.3120350063786367,-0.19600977153609533,-0.9916263281697228,-0.3473869476716847,0.05651555998883887,-0.9386557686891966,-0.06828529997106281,0.06585413839807475,-1.3038808064042846,-0.21065496526596755,-0.0038057995621505465,-1.2031859571339405,-0.2570970077157984,-0.026721249174525646,-0.9929285624729851,-0.25812305652543266,0.22494032856305207,-0.8140994789103145,-0.09869042933236385,0.24654491513912102,-1.1035159900333038,-0.20055611182968006,0.1514441263301334,-1.1223047920915685,-0.24003641761861774,0.07485637231519014,-1.0017279331152718,-0.2519862883773465
D,0.0,0.0,0.0,-0.2163829740459624,-0.1654615877207237,-0.16494115128852418,-0.37178072702146886,-0.46075479792079804,-0.2594191533445196,-0.3840430387830709,-0.7440314940100344,-0.35549524742604444,-0.21940974402960564,-0.8985830747873974,-0.43940285393420925,-0.3163323862744093,-0.979672070675236,-0.04152874447717756,-0.39096714690839984,-1.3925892318594084,-0.1402629146770686,-0.4505563676570965,-1.6551749791375268,-0.22563060267563176,-0.4726182524476117,-1.85646428976086,-0.29621041222838307,-0.13788763630575057,-0.9900177957242187,-0.029184994489850794,-0.17192835514575278,-1.340094306120679,-0.18096531797786894,-0.2002510620148887,-1.1680583413983852,-0.27058962057892605,-0.19784872834729245,-0.9521631194547885,-0.3034577041615189,0.03233467260322417,-0.929232588105812,-0.04276848167865432,0.032519814545471974,-1.2935768918440713,-0.1714246804925079,-0.014497884004682661,-1.1834934647117934,-0.21173263370538517,-0.028183014934371357,-0.977642861517603,-0.2100231620084843,0.20057923780421605,-0.8004949406227576,-0.07425550955362133,0.21172685471316907,-1.0930200448523653,-0.16587024468598208,0.12802515177750862,-1.1093549780565717,-0.20148313484412092,0.0581389143518196,-0.9946413314119413,-0.21131080082343157
D,0.0,0.0,0.0,-0.21661887604751598,-0.16652926913415828,-0.1700563052755196,-0.357326818581146,-0.4635003139417,-0.2618776364472495,-0.3639627145430159,-0.7461384417332145,-0.3537842831012351,-0.2089431917391979,-0.9166879233964017,-0.43471842420446605,-0.3165257523545041,-0.9750353549671554,-0.047264729519631496,-0.3966737099762025,-1.3791985987446693,-0.1509242480025604,-0.4640261723234067,-1.6471618335661746,-0.2436098538855503,-0.490599745219172,-1.847391988735761,-0.31900574439578777,-0.13409523138219964,-0.9904235168699238,-0.03285918671492472,-0.16207576945930774,-1.3544984593359366,-0.18847059945862363,-0.20037959639339734,-1.203557111087246,-0.29203036445460734,-0.20445021068425118,-0.9902639112908116,-0.3356764211296596,0.0393614239030493,-0.9346526233636604,-0.044255476579323674,0.04120176023315013,-1.295202046592956,-0.178693140681472,-0.010974311613886803,-1.211785366711038,-0.24055552811969383,-0.026892700051053424,-1.0051403273051842,-0.25399123077303504,0.2110474652953886,-0.8110093733369685,-0.07285909068644185,0.22361279252421556,-1.1034760126902166,-0.17006402304529902,0.13706389515368783,-1.1314385741389403,-0.21854129859861143,0.06478541661452436,-1.0114837250425968,-0.23858488223454147
D,0.0,0.0,0.0,-0.2112370385064337,-0.15775989167430868,-0.1913850049427701,-0.3514203457762179,-0.45610979008969194,-0.2984999365641743,-0.3601592173255139,-0.7428479185594019,-0.403529991684854,-0.20092737358933427,-0.9239606938913364,-0.4988961006391633,-0.30565698780960376,-0.9743432577792086,-0.06629878520480297,-0.3864580052682159,-1.37568763045743,-0.17426052992232685,-0.4558515192574114,-1.6475287239900187,-0.27131736900194386,-0.4814663353638675,-1.8508299557228436,-0.35117751890294685,-0.1239266626657304,-0.991196450501192,-0.04660234751997267,-0.1460449467398121,-1.361940938307649,-0.20885401817053884,-0.18650604368953377,-1.215307860795522,-0.3215135428554839,-0.18976397314274746,-1.0017608026281815,-0.3712545549954067,0.04680977570463088,-0.9362928552775495,-0.053835509076129356,0.05420620563844633,-1.301395137980353,-0.1903749443040055,0.0015922951021462306,-1.222080573753285,-0.2637266108935011,-0.01434432368843321,-1.014077962804388,-0.286211362027036,0.21464114641715623,-0.8099063275309571,-0.07989359010326694,0.23274577341391342,-1.1060880510600515,-0.17724842717791459,0.14767374478630776,-1.1382081418858747,-0.2337833623197484,0.07313356566401058,-1.0156750916297586,-0.26152562086032266
D,0.0,0.0,0.0,-0.21688478378815648,-0.15907735250127153,-0.16361411910654328,-0.363573593080134,-0.45214782325278935,-0.2559681182539356,-0.3781534703822028,-0.7338394807465762,-0.34966595099348896,-0.22042910160980736,-0.8985493606484841,-0.432689221876135,-0.31089930605676663,-0.9670007915113111,-0.053167368126181426,-0.3913403836283069,-1.3666377112629797,-0.15947448597117697,-0.4599816592195567,-1.6299309168325855,-0.24871727376810074,-0.4824115294865564,-1.8327033870614493,-0.3199522215581822,-0.12935952199117579,-0.9907278379165911,-0.0415266811499682,-0.15488016005994729,-1.3564290438671505,-0.19552923954164506,-0.20111159676457363,-1.1927657417646584,-0.28488926861733527,-0.20535940347565537,-0.9777517899832553,-0.3162575859500446,0.042973493432059424,-0.9393213806470844,-0.05469083497662468,0.04655490640255539,-1.3072684917760529,-0.18623972810894887,-0.017404219501468813,-1.2026210984761543,-0.2293908042618961,-0.03543955113528852,-0.9903723839569912,-0.22850657956392562,0.2122315683170301,-0.8177585994738309,-0.08509056190826103,0.22105988400750187,-1.1107842263120782,-0.1777752127865672,0.12561670390637167,-1.1273756498855194,-0.21330296794244288,0.05210780288367102,-1.0012930309096535,-0.222338130304558
D,0.0,0.0,0.0,-0.225584497686883,-0.15048203310503874,-0.1704718100152772,-0.3787349331107052,-0.43439115433736075,-0.26905429359708843,-0.3763061794901755,-0.7045807929544292,-0.3661844541814309,-0.21684477882045844,-0.8570541154121434,-0.4512646874507529,-0.33074698379644124,-0.979908123488188,-0.06371751154309818,-0.4145873025897507,-1.3820519349585634,-0.16664250797438365,-0.47767206595858924,-1.6511076201444832,-0.25258304642557533,-0.5054900425775727,-1.8485793635848962,-0.32294420014551173,-0.1499625240189731,-0.987397712812301,-0.05056676895843486,-0.16889736548357162,-1.323035119063432,-0.2022575697078689,-0.19961098911051492,-1.1363445673821122,-0.28679137800214677,-0.20286489308653408,-0.9205991242681222,-0.3168474472720665,0.021967905435866925,-0.9220472315239437,-0.06305696765774306,0.03665636005434401,-1.2734425936206706,-0.19520992387711034,-0.010346565009655048,-1.1551141842029213,-0.23406637410359954,-0.0270848429321402,-0.9486028367354478,-0.23240800673312267,0.188994130203709,-0.7903414631400041,-0.09292350589843873,0.21288490026243873,-1.069691584068672,-0.19247946097696242,0.13626185009722258,-1.0555565266133478,-0.22766768900266054,0.07258339680371821,-0.9214784306893874,-0.2365168955439808
D,0.0,0.0,0.0,-0.2207698627744056,-0.14092858471764141,-0.14836273852831208,-0.36796114182822987,-0.4375554232737815,-0.23253716983609019,-0.37638901722122536,-0.733744578529298,-0.31813768696028055,-0.22757175129720014,-0.8979420620037025,-0.3912241653508591,-0.3371362736813326,-0.9529639284363963,-0.058877421632088194,-0.4177797514020411,-1.3578471831867778,-0.15850149874536393,-0.47787642057733876,-1.6201252756967224,-0.23293625098567053,-0.5089017562450224,-1.829971677270661,-0.293110845421052,-0.15252060056819522,-0.9868420331021021,-0.0536681293248301,-0.1793436986577337,-1.3430298896405137,-0.20136733358699296,-0.2064241993510275,-1.1278541665522044,-0.2590861390963412,-0.20918295542623108,-0.9014545693654471,-0.2645280536510552,0.027178880561694527,-0.9393392230100922,-0.07131229917762125,0.032078593505009044,-1.3170769672546438,-0.19734599466971356,-0.022112070153458174,-1.1734592504055161,-0.19977947509543728,-0.04596086632546784,-0.9702713697069542,-0.1697334372739791,0.19890679091433688,-0.8249585364151062,-0.10593570962190216,0.2187472254130145,-1.1190148095320789,-0.1973460564661133,0.13059260129078998,-1.107827683692682,-0.20882646801872007,0.056446809015710656,-0.9917115894023389,-0.19729171683193383
D,0.0,0.0,0.0,-0.22254595379342296,-0.14168707180061468,-0.1732749640976962,-0.39112848850182025,-0.4254940457353979,-0.27722922193491906,-0.42670096623498766,-0.7066303908511359,-0.38063314727187864,-0.27242312799923174,-0.8894807098922075,-0.4724921131681309,-0.3296349928635533,-0.9623614232480422,-0.08480467240189396,-0.4115929870625385,-1.3944402930677702,-0.20282752433090634,-0.4778473501765803,-1.6649582754967407,-0.2924316997349276,-0.49803926678062016,-1.8757229567322284,-0.3620173169326501,-0.14844181595234032,-0.986419442858083,-0.07029729744677529,-0.1741505890526303,-1.3596305479191104,-0.23443252376982238,-0.22279422342714245,-1.1695458931000609,-0.3132936914663588,-0.2251262543468762,-0.9526545952100239,-0.33562553614631446,0.02596467360909879,-0.9338680905890014,-0.0810293024971546,0.028639916445639884,-1.3241433407785106,-0.2233286688382744,-0.04755827548971706,-1.1818727732268812,-0.2495025260290364,-0.06841185994888417,-0.9629560991183738,-0.23460916521847391,0.19670248687469616,-0.8100404608171644,-0.10951472145070659,0.20732484246121957,-1.1155235565608572,-0.21107592355025764,0.10450927090331122,-1.1066087423722242,-0.2387719406763481,0.02948126478978856,-0.9746034764378233,-0.24017251681410542
D,0.0,0.0,0.0,-0.22163258504660358,-0.13297592427727217,-0.17178239800719036,-0.38343747654306615,-0.4179025253574384,-0.27698247742282744,-0.42393320112845406,-0.701176919452366,-0.38248238827465064,-0.27389110187615273,-0.881519132932049,-0.47684414992525337,-0.31789931600093907,-0.9639557312297944,-0.08630150332990749,-0.394888849327472,-1.4136196182737282,-0.2047322375680629,-0.4565018849200671,-1.6996789313104559,-0.2919804793130755,-0.46839466657033546,-1.9171431585615093,-0.3590970628181134,-0.13993040376357546,-0.9873771391549307,-0.0742015308250919,-0.16849643155774363,-1.373900314397273,-0.24243191778383286,-0.2296576961396478,-1.1820139314254794,-0.31771655446905755,-0.23794630177261578,-0.9554160286230367,-0.3333372796298787,0.03393398889191343,-0.9337667325018681,-0.08707962407822617,0.03721564315142782,-1.3334498316763594,-0.23009731093152586,-0.047204195651165425,-1.1898689923203565,-0.253744164896044,-0.07041447487542184,-0.9663081231441563,-0.23471859622714508,0.2059163569929326,-0.8098619408304135,-0.11777207732715417,0.21478783327250167,-1.1181213164897725,-0.21801250578490505,0.11041753498570643,-1.1128499453848926,-0.24467899977541788,0.03846909259907093,-0.9822451018903335,-0.24399477439971337
D,0.0,0.0,0.0,-0.21941252158763772,-0.15663854667293628,-0.1690783329240403,-0.3636765338122192,-0.4431081319721367,-0.2632787997109075,-0.36669493816343984,-0.7182285096684603,-0.358505532577406,-0.21256964629221267,-0.8916007236048186,-0.4434824370756634,-0.3301373195824518,-0.9659976645879386,-0.057119443490017054,-0.4148912747880462,-1.3656430190116078,-0.16276337511929195,-0.4850232326929254,-1.632761393306423,-0.25388014380716345,-0.516428687983269,-1.8425620415214121,-0.328981465141065,-0.14536628837419646,-0.9882575592887042,-0.04707057162435202,-0.16137735640747508,-1.3501009796191927,-0.2090560651720667,-0.2038187903685612,-1.171925771175786,-0.3085319838773097,-0.21328101997681143,-0.9594989790034889,-0.34685495528809124,0.02604942160803256,-0.9351455200586369,-0.061280182893300415,0.03570302866210126,-1.296040924962157,-0.201448856965078,-0.016415368730073984,-1.1798933737119153,-0.2529998211356873,-0.03535702837926385,-0.964947895022323,-0.2571349862114193,0.18955981272618666,-0.8096556895860058,-0.09240080128152142,0.21451383835768004,-1.0927159680689693,-0.19119635800334028,0.13885927415918137,-1.1092071997600632,-0.23148398094163042,0.07008524515083835,-0.9943684203803032,-0.24449092550925033
E,0.0,0.0,0.0,-0.25217277971357555,-0.1598622323837158,-0.14787603555650916,-0.3837578908926911,-0.5364117890211634,-0.21451027274878484,-0.265556561220042,-0.8124348324891081,-0.2801369280720538,-0.04194308728147588,-0.7433483338239639,-0.32408516143986277,-0.34055382238431997,-0.946343641134912,-0.03633473839184578,-0.3406799006208523,-1.2790558545885353,-0.16680952152077821,-0.31387475277084576,-1.1698020030474605,-0.2744526440455237,-0.3104923162958006,-0.9480735379481531,-0.33722163372407765,-0.1553341543934296,-0.9876533543101489,-0.020301531932083856,-0.1557292923366311,-1.3739731788325658,-0.14879108465037952,-0.15170771476976427,-1.2098849391861548,-0.2415101060776008,-0.16033512520149798,-0.9659889769531985,-0.28396764824536874,0.007434439862400082,-0.9692713860576194,-0.031851805085574225,0.025061529588310028,-1.3096072561592274,-0.13460402668225238,0.0014950412969245372,-1.1748636266349333,-0.1794235844558283,-0.020249278411896502,-0.9442038906221549,-0.18658824373836136,0.16947917799681378,-0.902491880487131,-0.06238540854558849,0.16926778814597168,-1.1783618005447762,-0.14447434679554244,0.15129587245453008,-1.1265826221980593,-0.18609910641593133,0.12867178915198807,-0.9518958562200588,-0.20116221175215607
E,0.0,0.0,0.0,-0.26768014646590954,-0.14278128473108695,-0.1509756284335614,-0.4210486671560623,-0.5072621232056894,-0.21509550545140957,-0.3355369820081969,-0.817214182296456,-0.28123784003082286,-0.11968206789354686,-0.7722882131216195,-0.32410293957496566,-0.38990403726270967,-0.9157424855867654,-0.025139765553056814,-0.41393591156308096,-1.2662678362616244,-0.15615382901670322,-0.4047339949704318,-1.1674547038549465,-0.2613713197738347,-0.3847361126845841,-0.9604725635627036,-0.32380169991154345,-0.20933790797117255,-0.9777658634502302,-0.012310830909345937,-0.22382805864148214,-1.3929997095108746,-0.15176950806038655,-0.24728841105077567,-1.2317042216061036,-0.24693405040893598,-0.24176307821757756,-0.9880484948072035,-0.2876661929824099,-0.044672925786830346,-0.9807535148431539,-0.028569995357867903,-0.04322341374424193,-1.3434292966784358,-0.1379580784619472,-0.09233992223420154,-1.208108753967126,-0.18153145876997154,-0.09912488103240898,-0.9733568619629741,-0.18462065365830727,0.12928487810254619,-0.932648765758921,-0.06538361184597866,0.10782008962959902,-1.2187375080925544,-0.14075818629228917,0.06817034428978437,-1.176490340708996,-0.1812018630272162,0.05199710306488068,-1.0006751942101912,-0.19717350559955382
E,0.0,0.0,0.0,-0.2612658370560029,-0.16479172222405897,-0.11549696247112137,-0.42680382482653983,-0.5091677176736861,-0.174389543985746,-0.3465551315692471,-0.8090135490971452,-0.23829587443191774,-0.12297377022492678,-0.7884288371856463,-0.2809951680776356,-0.3925537995848283,-0.9144778730445312,-0.0354985780553581,-0.4240396898215089,-1.27799451075883,-0.15379213130659042,-0.4246305936730448,-1.1524656209677426,-0.24201969369445045,-0.4150853177418595,-0.9467037166225217,-0.29573439621693914,-0.21427269129717524,-0.9760029368172851,-0.03880052948479103,-0.24309788524577194,-1.4005429198032404,-0.155949263791663,-0.26480576243813647,-1.2144058649449354,-0.2208859471955342,-0.25970896219423745,-0.9932354605455189,-0.24935691953395578,-0.04759728487926427,-0.9670298317416531,-0.06512039838491093,-0.05560971305222689,-1.3564410694406512,-0.1595899808369634,-0.09965281918284917,-1.1812012223268578,-0.17018523355723747,-0.10510574996993782,-0.9614620595444108,-0.15944710356393632,0.13109778189569837,-0.8913110619802663,-0.10816607428922426,0.09862739127232718,-1.1813351021622762,-0.17757565499674752,0.0612489557015331,-1.1020249930895647,-0.19474094610420978,0.046785657466369,-0.9271814913744668,-0.1973503557253035
E,0.0,0.0,0.0,-0.25818901725594784,-0.17348049304412597,-0.11875144318945632,-0.4249194693318766,-0.521668198179163,-0.17698235627452855,-0.3550826984593549,-0.8170681577784783,-0.24029324713273367,-0.14093570243934145,-0.8103179176999018,-0.28229881718691885,-0.39525799612954227,-0.9082629017059425,-0.03206177070373216,-0.4292875528326674,-1.2698911547739673,-0.15128381428433282,-0.43644596918878154,-1.1377796261238522,-0.23841347093068568,-0.42462637885356663,-0.9324082209605191,-0.2890942553215934,-0.22495988427755506,-0.9738596170515547,-0.0314721582041692,-0.257238265194854,-1.391898727671991,-0.1476392356798762,-0.2799922011189754,-1.204890974124698,-0.20962168697627812,-0.27116444334292183,-0.9879068543102288,-0.23369179228507916,-0.06001385942079337,-0.9741349867061081,-0.05525892633214565,-0.07719688604285317,-1.3535788400711863,-0.14881859134518852,-0.1199387165020456,-1.1853388326546959,-0.16373511963103082,-0.12251520481001503,-0.9670556171705708,-0.1538526492870984,0.11565286558790015,-0.9118385258971724,-0.09624118103638571,0.07041837229041799,-1.1981472051334483,-0.16079668598671434,0.028330818537561548,-1.1264907645046258,-0.17985334127786168,0.015469283587539493,-0.9554283674617468,-0.18342427393077965
E,0.0,0.0,0.0,-0.2375742426581706,-0.18237751284502632,-0.11589703251121752,-0.3671907960586242,-0.5583244608847381,-0.1646574477696999,-0.2527766162968774,-0.8492104465676811,-0.21545401190337415,-0.040012653391677956,-0.778973590889116,-0.24155655596224532,-0.35860006585789495,-0.9193240760893202,-0.0015931020893384163,-0.39653374461719176,-1.2386784780292526,-0.11684644570758686,-0.3898526464362195,-1.0950299194214421,-0.20062274037097055,-0.3740429172089059,-0.9099157590080165,-0.24616304377056092,-0.1922647315816563,-0.9812890959247769,0.010294814664079891,-0.21952123725590783,-1.3440107033192514,-0.09798259818977834,-0.23241256033335617,-1.1549684290943603,-0.14347427626778622,-0.2193931567352241,-0.9601776546488693,-0.15139772982727476,-0.03265829229877337,-0.9848040286979431,-0.004893432017597727,-0.04228113491690747,-1.3082391768482606,-0.08984679538874987,-0.07989778638156729,-1.1318997456926108,-0.0851510678043839,-0.08274038977429317,-0.9376793589886485,-0.05776386188669958,0.1391129958545893,-0.9392307016218281,-0.038066531197381674,0.10364085293303947,-1.189208403799799,-0.09473383858322973,0.07047378597120023,-1.0979454316236825,-0.102831325751089,0.06587558325487491,-0.9445243852995922,-0.09345789940929367
E,0.0,0.0,0.0,-0.25342575377484866,-0.14898487978544822,-0.12372880933068833,-0.3969099379700365,-0.510597568364358,-0.17788922207472868,-0.2851816881196398,-0.794942811494186,-0.23364249501207388,-0.05937224314124317,-0.7964761980309114,-0.27048107035526286,-0.38302464411645276,-0.9027970104385699,-0.026506066188233812,-0.43043489877985974,-1.2243275966684608,-0.15446792284478142,-0.4553056570109924,-1.1333734626799625,-0.24869555453235262,-0.4486839447585433,-0.9448823400119842,-0.29771957331796506,-0.21565658780681088,-0.976278482120965,-0.01930185180514216,-0.2475443500268029,-1.3541132911388976,-0.13582968960462183,-0.28657039020527136,-1.2084229568983171,-0.18983482801276097,-0.2848917435498748,-0.9811398029220415,-0.19985293099896123,-0.043314379850942455,-0.9778122524360754,-0.03915243946395384,-0.06277386285548812,-1.3136768653960527,-0.14372091676805304,-0.11497904465938999,-1.17629849935946,-0.1656844457961677,-0.110499775240446,-0.952944756321214,-0.15175720016788846,0.13410598369345073,-0.9223925428805498,-0.07576879213096321,0.08679244118302955,-1.1708575772526422,-0.1586431678244657,0.038984016445325835,-1.1110192352629813,-0.1845386143431861,0.034481720323289985,-0.9412049755282142,-0.18318454825678854
E,0.0,0.0,0.0,-0.24994283124599484,-0.15475051306946336,-0.10836927419327937,-0.40392942254664393,-0.5196958275266421,-0.15710134235355103,-0.3042554679424863,-0.810001848684194,-0.21164320538929687,-0.08835876661615515,-0.7907571299662496,-0.24673737962088904,-0.3783909827284018,-0.9022276609159561,-0.012751329584141978,-0.44323363397043347,-1.227452174221717,-0.1374404015429577,-0.47771219749941846,-1.1263322519476018,-0.22214613353829007,-0.47110065002983015,-0.932164058696835,-0.2628789744920407,-0.21655778017445554,-0.9762165960778256,-0.010192418169198438,-0.26127946065473157,-1.3609515828843533,-0.13105907658482602,-0.3079244176001594,-1.2106769189563886,-0.17677286156419686,-0.30561102112589633,-0.9810891115029077,-0.17581784076125023,-0.052120678357360374,-0.9822532098763987,-0.03381420784631278,-0.08424220358226929,-1.3083496110429895,-0.13861497158376535,-0.13857836891744257,-1.1584072891364057,-0.1480747769858769,-0.13033063232403783,-0.9387154563401159,-0.12088719780518899,0.12488489095171593,-0.9355358644176072,-0.07320937631472418,0.06722853110320157,-1.175003138531785,-0.14634822081228455,0.017162434194604323,-1.108963088302644,-0.1618382360488119,0.014683388514137922,-0.948222734091342,-0.1514395620644617
E,0.0,0.0,0.0,-0.2559922449635439,-0.13837605440478856,-0.11211778774567907,-0.4150124687635473,-0.4972066540520119,-0.15827169595594529,-0.3200176676580195,-0.7931735093284435,-0.21126142310073706,-0.10787475567036989,-0.7837939272968731,-0.24410593683854587,-0.3881969187773777,-0.8989294091810428,-0.0009679449652287849,-0.4598142454180284,-1.2219813578982104,-0.128936975044253,-0.5016373160073307,-1.1205384373476015,-0.2200041175949463,-0.49106500182239676,-0.9168718953941349,-0.26582035091106343,-0.22841909514476477,-0.9735628390293218,0.0003397564036253779,-0.2761314109212257,-1.361371963640945,-0.12815187174358883,-0.3356968220042829,-1.216281560007359,-0.18451448977023904,-0.3330898151321589,-0.9725792468447454,-0.1895869269274227,-0.06546885771671565,-0.9816677938993799,-0.026029411977964496,-0.10027830726131481,-1.3210158077987624,-0.13692899291102134,-0.1687063677233496,-1.1758084789223282,-0.15277110885587003,-0.1563338781801005,-0.9444065119547446,-0.12882818012952574,0.11090364017984805,-0.9367601691303202,-0.06914553610561266,0.04615962429248238,-1.185239375513918,-0.1507815808775575,-0.013469409270893943,-1.1226435651004225,-0.17367497536941126,-0.014067574197465679,-0.946832971103701,-0.16755792714585702
E,0.0,0.0,0.0,-0.25224590444071365,-0.1486016303100004,-0.09573835752763982,-0.42207620904942444,-0.5130531470134885,-0.13729830980777485,-0.3436313487044725,-0.8166055494402872,-0.18673443284676422,-0.14575282679666554,-0.7885890077633599,-0.21754923812550558,-0.40591963926145186,-0.8934228471415577,0.004562627714006579,-0.47978500563353327,-1.2200765174730428,-0.10991084325646373,-0.49226465463664176,-1.0987612511358362,-0.19365246154596236,-0.45810886766073655,-0.9037135104046129,-0.23829014880267196,-0.2553462924933436,-0.9668493969203172,0.0007173456088895754,-0.30916608725910155,-1.3420405879332942,-0.10945328752890622,-0.3422638356370451,-1.175002653258192,-0.15315674873091614,-0.31605116602949185,-0.9568691183457557,-0.15695388669388222,-0.10277574313434795,-0.9830436497760424,-0.02878611889417856,-0.1407242307554585,-1.3042100646981918,-0.11997197203617323,-0.19079902035306992,-1.1542953524186288,-0.12709886186904717,-0.1694418231276285,-0.9524548291264381,-0.10621199757076658,0.06149239503903575,-0.9513574690664738,-0.07431446400293339,0.004424210606721018,-1.2241739594487693,-0.13413198776431573,-0.050421218959607474,-1.1424055253455607,-0.14272086002196907,-0.04809233255497505,-0.9678685691657901,-0.13450621293987444
E,0.0,0.0,0.0,-0.25716571537810606,-0.1824750415876006,-0.0984947822455068,-0.41184180245103036,-0.552991204394261,-0.14183496520779096,-0.3178893080796415,-0.8560429973721837,-0.1942804525417742,-0.10720672958591493,-0.8093606557636797,-0.22746131017533114,-0.3971522574322268,-0.8986397925100972,0.009144735990099486,-0.46410705528792523,-1.2252096730226574,-0.10216205890828202,-0.47468728614156985,-1.1294106044977885,-0.1856700387364501,-0.4478590153708173,-0.9466314843897973,-0.2326861338030671,-0.23978219003722753,-0.9708072989429929,0.006139190497247185,-0.2793192413043599,-1.351090412035075,-0.10117249741862384,-0.312236111061866,-1.2095436179379153,-0.15061046969703004,-0.29582881834302055,-0.9951140670195685,-0.1623048574742125,-0.08521800533950787,-0.9832962513849418,-0.022530269558684715,-0.10274228722175949,-1.324479102398397,-0.10859120872883231,-0.15582267025291352,-1.187277542267344,-0.11313496536946284,-0.14782063313146276,-0.9768674136887852,-0.0928237305563983,0.08165007671521493,-0.9436090104836504,-0.06819502350801757,0.037683541016015794,-1.2238612956420927,-0.12689916560256087,-0.015918251594810695,-1.1574066366666476,-0.13719841514094475,-0.02595302773030911,-0.9793720847860306,-0.13064316706536017
E,0.0,0.0,0.0,-0.24988131091353985,-0.1711174517059935,-0.11442806713445615,-0.39704075006614725,-0.5335862781141308,-0.16610219072105167,-0.28761707125427827,-0.8244013015847681,-0.22313038009511457,-0.06668714983315091,-0.7885943956093402,-0.25928467223000184,-0.35638204661625883,-0.9233468680689363,-0.014752001786428454,-0.40835952600172215,-1.270404096924942,-0.13682192985357705,-0.42654443214188636,-1.1505409700568199,-0.22692831556785417,-0.41314214475521005,-0.9448914909140899,-0.2762444516513523,-0.1923854544326278,-0.9812617770212743,-0.010637757273145799,-0.22794293795106949,-1.362012644075051,-0.12891927971019562,-0.2629115494529031,-1.1892330077582909,-0.18380680226865492,-0.2514293980173874,-0.9700024189734389,-0.19762560715307767,-0.033934721302092165,-0.9812551434452906,-0.03260345523811679,-0.05146726262694743,-1.318538840508433,-0.12825624194495583,-0.10317769319638218,-1.1639389930017925,-0.13802071179919848,-0.09607085894895666,-0.9531355096158599,-0.12084480810316559,0.13282541863633823,-0.9244542014313542,-0.07220922953290698,0.09878266481108335,-1.2034444966496045,-0.13870709738276654,0.04904619692364814,-1.1260372037307198,-0.15318975738375565,0.03955430781397756,-0.9474608644233099,-0.14952996613087607
E,0.0,0.0,0.0,-0.25987319557246513,-0.12922724106173974,-0.11860662226550063,-0.42175793568441894,-0.5059625487575695,-0.16950722772256477,-0.32156092894448396,-0.8079970079558487,-0.2250374299926522,-0.09569114839595122,-0.7937078190892978,-0.26072998778759693,-0.3911314763433555,-0.9004340402516894,-0.028889995418679554,-0.4506777424422525,-1.236538702955946,-0.16295607062403805,-0.493918260654033,-1.1361166052403873,-0.25364954674507634,-0.48495274425821755,-0.9355161188130744,-0.2987791545146403,-0.22490440130953404,-0.9740357355299798,-0.025930603197209686,-0.250376819103286,-1.3924595665487711,-0.1567672508914141,-0.3181119638510326,-1.2483600672617423,-0.20673231274590928,-0.3188332400538845,-1.0097330955940982,-0.20731422463464144,-0.06065753581268732,-0.9755958080818189,-0.05024885100588732,-0.06792940269257366,-1.33694474385355,-0.16199059287695372,-0.14628017277822422,-1.1934760903467811,-0.1710863985295019,-0.14590682713375433,-0.9663240300478354,-0.1424129851208056,0.11476901232027835,-0.9256606803718391,-0.09169484126531652,0.07961916019599216,-1.2011734136484262,-0.1757510642210031,0.0076326034893979145,-1.1424521527665306,-0.1961011231304786,-0.010778163679163979,-0.9673176811074048,-0.18754801083507824
E,0.0,0.0,0.0,-0.24336494583095925,-0.19484169302442536,-0.10526932061329011,-0.3712687541968062,-0.5585329983569598,-0.15552376050308983,-0.22656026830081508,-0.8231872684929047,-0.21070862734734291,-0.009442546796775,-0.7684350501207339,-0.24850982350899922,-0.34800788254628684,-0.9372956423508163,-0.013631749629470504,-0.3742871161372641,-1.2929556000107199,-0.12731443342453783,-0.3749150187938462,-1.1429975017590095,-0.21545393095632057,-0.36193265681306175,-0.9304008096526213,-0.2653466731410274,-0.17774837381664074,-0.9839882257937468,-0.013141046564644822,-0.19299855493586904,-1.3827171134947909,-0.11774681554621594,-0.20826287968340207,-1.1789283659151881,-0.16831135681285203,-0.20616608678722234,-0.9540448619699761,-0.1829940597401719,-0.013463803644263405,-0.9717232807486836,-0.03692895737770705,-0.0231454894196122,-1.3186552239917608,-0.1269032446516516,-0.055675462319800945,-1.1386491735069737,-0.1418589103002346,-0.06037617162703482,-0.9292981649459677,-0.13196744288006299,0.15027474803540147,-0.903647020111945,-0.07614506013186444,0.12017450159767147,-1.1861900024474445,-0.14146034145885383,0.08049231918421569,-1.0866581263605612,-0.1556741528665606,0.06762496723359354,-0.9106641207548272,-0.15501991700727955
E,0.0,0.0,0.0,-0.24663168909153182,-0.16523392080905366,-0.14523852140923865,-0.3566255187415403,-0.5494245316295029,-0.2027835383108908,-0.19978652547201753,-0.8205299182834938,-0.25477600527252453,0.024809282795122213,-0.7950984597103392,-0.28782136121082535,-0.350326012635048,-0.9365357176512414,-0.043980690423051735,-0.35055339338457514,-1.2726608377180668,-0.1602608434873873,-0.303325163194518,-1.1833808835945547,-0.25754907619807027,-0.2866802113218937,-0.9905819652909306,-0.31595471599487535,-0.1655295914509097,-0.9859267133232819,-0.023419442983255934,-0.1664290885091473,-1.3777217157828676,-0.13001106954717276,-0.13744069130591036,-1.2058488256767839,-0.20436073215380485,-0.13739661500421332,-0.9857347071163184,-0.2397808407225406,0.0061513870325491165,-0.967310623838284,-0.02834392188077487,0.01766930025755736,-1.3026845550894919,-0.12264663837457132,0.014145655314593697,-1.150122854771349,-0.15939940480231565,-0.008401359274542448,-0.9450698733369054,-0.16740859376374373,0.17311166118618249,-0.8912093893378449,-0.05071012963976691,0.16005675246208262,-1.160145389606164,-0.12997394519434854,0.1507986482502619,-1.066535648223457,-0.1618775735837549,0.1329712029788903,-0.8977474371457963,-0.17372962963026564
E,0.0,0.0,0.0,-0.2430367053228683,-0.16510209125814482,-0.13000874807543816,-0.35933783921250984,-0.5455428638111642,-0.1826733509200425,-0.21389174146465104,-0.8174039749496332,-0.23591391232887196,0.0016050516454824081,-0.7668428693635878,-0.27012724088250806,-0.3420456079177088,-0.9392493872718323,-0.023625544102844377,-0.3517757977215773,-1.279738752793346,-0.14129652300098888,-0.340984242311585,-1.1664002837996337,-0.23696580818682328,-0.3313627897155882,-0.9613528159963816,-0.2929657529198036,-0.16308357438896998,-0.9865231239599329,-0.013261736569999358,-0.1659173376381327,-1.3850563921980952,-0.1241809661123919,-0.1756682572389958,-1.2121197568448887,-0.19200566996113946,-0.17781209515363802,-0.9807796510235272,-0.21810105689386888,0.004597868973403757,-0.9650758875366129,-0.029373422121111433,0.01131149640915705,-1.3123348509457653,-0.12557935581579058,-0.02099268851103826,-1.1674796466386028,-0.15822356829816617,-0.03552634918395699,-0.9524397570995005,-0.1591320987646298,0.17195592750266164,-0.8861958062762354,-0.06270607587299541,0.15573391909088216,-1.1712603847050191,-0.1360974074666853,0.12243884987434465,-1.105470133756886,-0.16477505574219914,0.103292620917426,-0.9366847344781994,-0.17371522827128566
E,0.0,0.0,0.0,-0.2384013590648269,-0.14858354074465718,-0.1311082326808912,-0.36763043904904585,-0.5339355467950009,-0.18654823095256073,-0.2213761067684761,-0.8122337801858722,-0.2414952024487933,0.0018829494455031956,-0.7578928006633727,-0.27697889047507157,-0.3394554899060924,-0.945561476228118,-0.03306141924120903,-0.3423367791476014,-1.2885184989230682,-0.15371002805504427,-0.35024610829343755,-1.151850168122083,-0.24824195153323966,-0.34344037581761083,-0.9415914656172191,-0.30310650868592937,-0.16075549084522348,-0.9867263287107643,-0.022996182119821646,-0.1510886166869546,-1.3952977375533862,-0.13303493716413428,-0.17925283301806869,-1.2084644325101384,-0.19198115206140723,-0.18172401587034706,-0.9832485210849199,-0.21122234164426443,0.00732994560145484,-0.9591480862470908,-0.03968117515399023,0.025227944965796365,-1.3211120713823117,-0.13911362755375015,-0.019945895181270802,-1.164533903881937,-0.16800627464629114,-0.03561561217180385,-0.9507361978942499,-0.1650178102760309,0.1734394149000221,-0.875380561085212,-0.0731138428441031,0.16778887190901157,-1.173475842503687,-0.1496763031422831,0.129805639104432,-1.1080527640196787,-0.17767005370640895,0.1122702958032944,-0.9411047231855565,-0.18537344702507724
E,0.0,0.0,0.0,-0.2365729846169887,-0.14957740093084382,-0.13000503355497164,-0.3713429984152129,-0.5210769240650371,-0.18562103606419023,-0.24184704970272888,-0.8112029265488631,-0.24218832824205186,-0.026884514707441905,-0.7564265248630115,-0.2784367669557901,-0.3554256242314864,-0.9374640930345322,-0.01991732362873102,-0.35801739101536395,-1.2741272925340312,-0.13846774371943654,-0.37253775419773916,-1.142061791650399,-0.23357984049081087,-0.3652121370945788,-0.9377803027102871,-0.29029309615178944,-0.18158298803552134,-0.983311149884867,-0.011260593598571445,-0.17177918681273163,-1.3870421241778486,-0.12038108704193673,-0.21069082297931208,-1.2095516440857403,-0.17948085668947186,-0.2141031362116214,-0.9892964543706299,-0.19983681971063377,-0.016872323686579697,-0.9638888860910969,-0.030366520639009822,0.0053699875976094364,-1.3171976157413607,-0.1255521771733774,-0.048914532370401075,-1.170852115644049,-0.15344760780078417,-0.06364365714353046,-0.9610734860091987,-0.15140363105925284,0.1485012470137683,-0.8880310957695511,-0.06729841596370734,0.14437695079607304,-1.1667040246947271,-0.13725121482799035,0.09872378382922581,-1.1093467311609368,-0.16528916985620865,0.07954318527853713,-0.9475547323112254,-0.17525754743324104
E,0.0,0.0,0.0,-0.24953261325905646,-0.1552748959685122,-0.13505077608960658,-0.38135141979344195,-0.5239094477508291,-0.191913139226932,-0.24766162798657942,-0.8029032208822722,-0.24601004158243328,-0.024841727353033898,-0.8002084879670169,-0.27894347329989244,-0.371735978922698,-0.9256863176536165,-0.036610483859695675,-0.38955647578535363,-1.2712985232296414,-0.1595305551741235,-0.3868371877470719,-1.1517935353823294,-0.25190523743699467,-0.3747637406939996,-0.951389392681563,-0.3022835253899518,-0.19731345842670941,-0.980112172331068,-0.021154875848511594,-0.20528926932474129,-1.3771554667598094,-0.1296713337370502,-0.22531838440148777,-1.2069510559912098,-0.184548184973408,-0.22355578697674475,-0.9889260227208271,-0.20084082083642413,-0.028360591584864724,-0.9678731700344657,-0.03305947196008424,-0.022889211398633084,-1.3111077490886942,-0.13104855481202934,-0.06932755312723535,-1.1703221022378807,-0.1570220838976456,-0.08031309312809629,-0.9623810714631805,-0.1521361179872391,0.1422883052778935,-0.899782197555891,-0.06205335911169509,0.11660940169917623,-1.1614094558453198,-0.13990854197591238,0.07192751861456038,-1.0939636308568856,-0.1679675659561084,0.054226536139760084,-0.9299905621484967,-0.17363260549152137
E,0.0,0.0,0.0,-0.23827788850768153,-0.18874638930306004,-0.10061232801209574,-0.39103229186754596,-0.5270146217351396,-0.1504146189216252,-0.3051878541837448,-0.8110986949343781,-0.20967243644226344,-0.10811781424351755,-0.7750854017355041,-0.2497745392175709,-0.3396770067512109,-0.9299246528784568,0.011634059453992117,-0.391675156725806,-1.2556106628965704,-0.10495594885167842,-0.4448851328724513,-1.1298002441282988,-0.18994100588711393,-0.43438718236979834,-0.9350984768631339,-0.23657380652249965,-0.1921227255204193,-0.9813593123211253,0.004770582691215244,-0.2163492671839864,-1.3623092411503759,-0.11568430805101104,-0.2976846288688241,-1.1959766451415252,-0.164701013880687,-0.3010778573249194,-0.9735245768210106,-0.16999128393721896,-0.04362267087766978,-0.9758329588314633,-0.02896241274390418,-0.05097828106090877,-1.3174461424691597,-0.13217156496118465,-0.13789767939154676,-1.1682378615216773,-0.1453441159312624,-0.14049889219963338,-0.9555136111832604,-0.12573523808824946,0.11352237085274779,-0.9119779929222586,-0.07854833483060394,0.07648076262081945,-1.1828406260371798,-0.1445032111690142,0.00322257845340996,-1.113546935126756,-0.15718655906615203,-0.012148782924580829,-0.9415157999674911,-0.15148547648206445
E,0.0,0.0,0.0,-0.254259303630361,-0.13667641471440564,-0.11733266143213561,-0.4076575004056727,-0.48869925110806495,-0.1681862451329068,-0.3155310174221128,-0.7883406323593349,-0.22138609144750926,-0.09937641156000199,-0.8025843551468403,-0.2559685054956756,-0.3939595462114267,-0.9001948121495399,-0.02023103266324707,-0.45923681995148996,-1.2289033727074499,-0.14399027152714347,-0.4732598856585578,-1.1455476887941225,-0.23400834237462234,-0.4445880745208199,-0.974524260541058,-0.2810982005294527,-0.22939891608497764,-0.9732168353517496,-0.015004288952253534,-0.25068691551523314,-1.3708769531799605,-0.13047515620918249,-0.29383334259001176,-1.2192914711866933,-0.17887066568907412,-0.2863703176659885,-0.998856094700301,-0.18276327992040886,-0.06566833810718559,-0.972319783478089,-0.03623557925111891,-0.0653082145852907,-1.32810809747213,-0.13635317526897434,-0.13570817563292856,-1.1844307930896727,-0.14797168074992736,-0.1412658958771591,-0.9713054820856719,-0.12554664887717745,0.10205430681874363,-0.909460781062378,-0.07403458350410427,0.07657510236881222,-1.1777025550803168,-0.1503101863426455,0.005987867784271654,-1.1183161391060301,-0.16826557466841466,-0.017745621608618898,-0.953794824790434,-0.1608566671437976
E,0.0,0.0,0.0,-0.25730986311063136,-0.14706054609876015,-0.1353690926533228,-0.40065845362593666,-0.5287810943128299,-0.18933606665888583,-0.28793722740371136,-0.8243128836750908,-0.2456935206844692,-0.058352943051590396,-0.8257206925330618,-0.2822332038052183,-0.4068435218808997,-0.902066101913922,-0.02855667265652331,-0.4465317452025854,-1.2439561776979011,-0.15841516314707632,-0.44619958992407627,-1.172822958575095,-0.26207956193556187,-0.42330398216110393,-0.9666587503568679,-0.32065433296436674,-0.2350532932204429,-0.9718300229356857,-0.017214989603516893,-0.2581137751615158,-1.3756258997901487,-0.14281943483582765,-0.29057136317762716,-1.2468288394725435,-0.2245304005555576,-0.28306128419208976,-0.9985569696285914,-0.25637741255517765,-0.07061934121003999,-0.973228685488886,-0.03294836566466448,-0.08076331527726244,-1.3342060162139457,-0.1334034193774066,-0.13325058866416636,-1.2289733270226009,-0.1728847526834521,-0.1294856807899347,-0.9980310571042853,-0.1751151121969303,0.10056506510548385,-0.9176677723146187,-0.06725487618148787,0.06672518160786672,-1.2042313691571331,-0.14483035825113497,0.02305277978968715,-1.1713199559398415,-0.1833985654065689,0.01580409256680255,-0.9879137998746821,-0.1959970436272055
E,0.0,0.0,0.0,-0.2621907411661651,-0.13255690865815473,-0.1344997070207932,-0.4053463782565598,-0.5174145162822298,-0.18996423693222358,-0.29064866811289,-0.8120851824071621,-0.24706577412788286,-0.06207826653169145,-0.8205084681171924,-0.28471274147735015,-0.40977133974031493,-0.8953983256582557,-0.030801982454783543,-0.44811981800095696,-1.2251163769919209,-0.16717664306098096,-0.44241850854046894,-1.1693345738037653,-0.2744765974386799,-0.4230650613974594,-0.977393628168315,-0.33349715907347893,-0.23930735437549797,-0.9707247481734109,-0.020626522379394312,-0.26150623783360927,-1.3833499246044225,-0.15242146287777555,-0.2814724032813647,-1.2566390409681385,-0.2335009494401798,-0.27539282236227575,-1.0091607939857077,-0.26147276828856636,-0.07451616810551408,-0.9668613390703246,-0.037669997489710214,-0.07202329300855648,-1.3428520956972818,-0.1463630101760916,-0.11625712532226291,-1.2279938874683844,-0.18326853301070445,-0.12169420478676993,-0.9915528430685572,-0.17928042287748197,0.09932909571461664,-0.9053850994562583,-0.07250104518472379,0.07981018662807376,-1.2010771748864641,-0.15905257300210762,0.03985901852668374,-1.1703013806676725,-0.19624238809335487,0.02038898435269227,-0.9959403846973901,-0.2035058014890184
E,0.0,0.0,0.0,-0.25256412038786646,-0.11179320577811598,-0.13179833503653865,-0.40604710581885545,-0.5088497172880398,-0.18411572862076697,-0.2955335025890208,-0.817725849257404,-0.23717937516584964,-0.05734026362922368,-0.8164452197407853,-0.26868161286628245,-0.40951723183060706,-0.899138764197212,-0.03263430447918433,-0.4455694687958474,-1.2415307780807587,-0.1655552656751431,-0.4495553896550102,-1.1475575268915492,-0.26332911807777293,-0.4301497959533059,-0.9333257699198231,-0.31517675387958577,-0.2390561491052171,-0.9707631304300028,-0.02170488822190612,-0.2590060360256928,-1.3890004787837038,-0.1532443383142839,-0.289096721792881,-1.2355112031716489,-0.22259671361097172,-0.2815798270479813,-0.9782276497897,-0.23914005027832702,-0.07089778613414799,-0.9654126253926468,-0.0381412095734407,-0.07034014232699169,-1.3422646902054856,-0.14660075176921944,-0.1225635362155961,-1.2065592969194892,-0.17600327247213204,-0.12623597498979672,-0.9723872808554498,-0.16571574552422716,0.10583268154840113,-0.9073144591304925,-0.07176480682678346,0.08288224988840626,-1.1938660966414487,-0.15831209008489555,0.03664941905338286,-1.1459344034344394,-0.1930549103273122,0.02107955209151054,-0.9710237236455939,-0.19765767009044874
E,0.0,0.0,0.0,-0.25022695236227754,-0.1373307351082666,-0.13153810065566102,-0.39446266496187216,-0.5147349852248186,-0.18830376894333903,-0.2768970808145707,-0.8108199588111981,-0.24618696307871105,-0.04569823389820004,-0.8120398962154324,-0.2848129752216996,-0.386889592892878,-0.9173512750288806,-0.03454281453682744,-0.4105207028964284,-1.2543241544887775,-0.15940641343275103,-0.4170169166394626,-1.1666027951881197,-0.2588070290285261,-0.4037630403771395,-0.961062874751435,-0.3159600021443496,-0.21425762513187394,-0.9764274027457369,-0.026138042008992165,-0.22638922487398222,-1.3937249473471112,-0.1447473970777035,-0.2589187710400159,-1.2421526667470515,-0.21757576572467185,-0.2580981842868205,-0.9949387291523502,-0.24475290712785677,-0.04664636811919931,-0.9634253268349823,-0.0435334880214354,-0.05038830960545133,-1.330709556092797,-0.14179699411483693,-0.10200243980092132,-1.2054991250099327,-0.17924232441073695,-0.10555000082885975,-0.9767902776449131,-0.18266586788234215,0.12402626344819845,-0.8916485776469593,-0.07804182901805706,0.09886270121155119,-1.1785762548963457,-0.1525495898170676,0.05270510816731228,-1.135664062458163,-0.18635000706826332,0.03961972634585179,-0.9588147917995349,-0.19826760592746737
E,0.0,0.0,0.0,-0.25761260588686125,-0.1466072976201599,-0.14353975405912603,-0.3912611540666948,-0.5271960801745748,-0.20093454292743673,-0.27294992420840397,-0.8237174972420208,-0.2582573208290296,-0.043697243119781876,-0.8321398597343858,-0.2959828738125047,-0.37950913345605136,-0.9106326328145281,-0.043919427206125836,-0.41122176411086153,-1.2603702203637084,-0.1706885889304137,-0.41309349419678276,-1.1959912267277721,-0.27134481514690506,-0.39783631434141314,-0.9957801760177112,-0.3297314496885703,-0.20587910275289928,-0.9781378724197759,-0.029327420407796075,-0.22014586420311133,-1.3886666185283094,-0.14874576766951983,-0.2489690696857442,-1.2574684255338235,-0.22643005939328512,-0.2476659209600853,-1.0175190565117873,-0.2599932225582016,-0.04224248679452904,-0.9754441415759447,-0.04155867605034111,-0.04467666627364395,-1.3369019269411535,-0.14093776484329182,-0.09295427734656926,-1.2276502555325168,-0.1803081254848092,-0.0973377880120949,-1.0005320276016367,-0.1864211019571741,0.1254018982610566,-0.9133103993992668,-0.07258694812399091,0.1042795976280906,-1.2003533812321276,-0.15148207868122857,0.05897324177063808,-1.154803861163332,-0.19023322958782843,0.03971040728945598,-0.966701648113168,-0.20584542919175908
E,0.0,0.0,0.0,-0.2475582140008202,-0.1596014188768918,-0.12886076805308075,-0.3746728635748878,-0.5442214648595582,-0.18033209401197056,-0.2428144780079473,-0.827622938132938,-0.23380379014394997,-0.016040421367792938,-0.8107633037347491,-0.2677024564033592,-0.36407197143725634,-0.9236401402953988,-0.027665295273534212,-0.3851978921699671,-1.2615857078686579,-0.14724353527069817,-0.39786332947058656,-1.1579209133426223,-0.24104580978143636,-0.3914664476250834,-0.9473900526386,-0.2944597354483317,-0.19132219285827465,-0.9813682387991111,-0.017669136827586262,-0.20014859521824832,-1.3761537164108537,-0.1284123805478468,-0.23503544545186608,-1.2288368130419405,-0.19268520752422214,-0.2372905930476345,-0.9982870354375738,-0.21742151104647214,-0.02690381645987746,-0.9729709749858133,-0.034213632925926815,-0.026732085555095094,-1.3199731775606225,-0.12725871686250526,-0.07777239760921417,-1.1890914879252217,-0.15499673742283204,-0.08444329404124919,-0.9719401177689192,-0.15397281549247718,0.14166214436193383,-0.9093534500244657,-0.06874095106441898,0.11964152448683496,-1.1897184000853172,-0.13815126846534678,0.07118906506709016,-1.1287776126552147,-0.1646989320130808,0.05346643569354995,-0.9516551123238021,-0.17301070780454733
E,0.0,0.0,0.0,-0.2608237998457102,-0.14020733488522555,-0.13017268808441934,-0.401185234346533,-0.5224663677435595,-0.18582386988856847,-0.269070679392005,-0.7956922722313143,-0.24278660608947414,-0.05409989412538559,-0.77712836877553,-0.28107712738787627,-0.3973265508278426,-0.9076486484516717,-0.025927793152236055,-0.4388365427891022,-1.2475920361575088,-0.15791553696476215,-0.45212062182679924,-1.1549798976165986,-0.256278519242297,-0.43066798810652707,-0.9449875681935916,-0.30832086018170796,-0.2242180372583753,-0.9743843467543398,-0.017361352715736265,-0.24253621922309498,-1.3812015941794298,-0.14270620317732388,-0.28052833189826754,-1.230859659456843,-0.20648608278208852,-0.26954518234546937,-0.9949805071973801,-0.22217348284891325,-0.057804660179324625,-0.9670109715893649,-0.037094106764973954,-0.05234159201030257,-1.3187805029626387,-0.14656810848910046,-0.11062312310408771,-1.1742798726405015,-0.17451181283028713,-0.11198433637519674,-0.9523507429111984,-0.16460018839711396,0.11552352731024937,-0.9068350716986396,-0.07385129362735754,0.08856447351964053,-1.1724448850193117,-0.15575074246828763,0.03918246845286524,-1.101042299894874,-0.18179161938262955,0.031169288441808354,-0.9284659400215854,-0.18254715832239957
E,0.0,0.0,0.0,-0.24717980189462715,-0.12498805437067094,-0.11311268141397945,-0.40464576989281215,-0.5055514156140966,-0.16145980533941626,-0.29428695052365506,-0.7956080380081387,-0.2129869528987812,-0.07439669840035291,-0.7771631211952786,-0.24504991697733192,-0.4030764210818879,-0.904475482174069,-0.023961188844384286,-0.4523621523099829,-1.2407387446655753,-0.15021631434013896,-0.4661246673432686,-1.1107438316699667,-0.23931937663561983,-0.4420990927901593,-0.9071455584136557,-0.28636486113656034,-0.23253064030447948,-0.9723327073715197,-0.02232952071047463,-0.264294142410801,-1.3783529786933542,-0.13593894607302762,-0.2996856698459435,-1.192559718842733,-0.17922665499600504,-0.2831440021596366,-0.9753544445818219,-0.18312466394147847,-0.06470423241419095,-0.9667704167477503,-0.047478440453312516,-0.07511960038105026,-1.3207988394676786,-0.14792560136133587,-0.1331619410282539,-1.1479880120240007,-0.15515443706395787,-0.1288238360453347,-0.9401175648019461,-0.13377349986092402,0.10763182239595119,-0.9117625490001062,-0.08862080844233777,0.07618506641156512,-1.1883875243695257,-0.1609805167344348,0.01717966507195595,-1.1048926055110073,-0.17303891857149245,0.007215677656323051,-0.9376451949765433,-0.16613292609374114
E,0.0,0.0,0.0,-0.2487748115501069,-0.14994393275682427,-0.12764897947387885,-0.39306639130292614,-0.5218283575145899,-0.1837517796314032,-0.2689585290439386,-0.8095217072059473,-0.24054716785218355,-0.04952835470811565,-0.7985967918903083,-0.2767965721404118,-0.38991557272365557,-0.914394610841038,-0.031176403362879683,-0.42749297762166566,-1.2361180342203406,-0.16260258132921354,-0.43656437585358937,-1.108060838595254,-0.26253816373636313,-0.4134882697379378,-0.9016005544083084,-0.31816740788770614,-0.21649927458308874,-0.9759766117083638,-0.02444826176353126,-0.23873624342513597,-1.3659169295227165,-0.14174603806298983,-0.271713426172056,-1.194417911412883,-0.19828137058230616,-0.25762899349099694,-0.9753527482784005,-0.21428101416535428,-0.050594336055482254,-0.9675381135094907,-0.0457026874026645,-0.05839706277733298,-1.301226252739116,-0.14565450613638922,-0.10888532431433223,-1.151083936985543,-0.16320464500990664,-0.10302301808345718,-0.9463468569985395,-0.15230840190686712,0.11861985719524362,-0.9034335491130497,-0.08459177212964682,0.09836300233436875,-1.1764719777695642,-0.15443602576530488,0.0478855509393805,-1.0975528738351488,-0.17067473817255346,0.03761034204944987,-0.9232263279555615,-0.16973618770820917
F,0.0,0.0,0.0,-0.30034659201971753,-0.13214590339837984,-0.08826046844179267,-0.5416722782239882,-0.3504453080446794,-0.1561516435883203,-0.6650408654341191,-0.5947468067409326,-0.232839280775527,-0.5897474492510955,-0.7804245369608568,-0.2951390529184228,-0.39018846647850863,-0.8594773575258351,0.0023668786692409524,-0.4781196211768915,-1.1258354404735023,-0.15265082827840312,-0.5357281499335412,-1.0726850079346877,-0.28465832397270635,-0.5595065372687089,-0.9522528755755698,-0.35133295560822,-0.22345319402260813,-0.9745772792029154,-0.016364502514212526,-0.28228743216945595,-1.3958550022440448,-0.09458638927681269,-0.3288968121964501,-1.645354052265018,-0.15850198585564296,-0.3713796372764439,-1.860902545224876,-0.20191073458019898,-0.04508473998276453,-0.9784521326650478,-0.06728606704045752,-0.04366805232519456,-1.3694449006493723,-0.14081715699718722,-0.04570134302462261,-1.6134707084414999,-0.18379481070370557,-0.0543603988726247,-1.819384169765977,-0.20698400478269047,0.12917496375718404,-0.8803301602155911,-0.13134184007449135,0.2016886059837216,-1.1744083919502066,-0.16774721285525337,0.24300138462288867,-1.3621860397332004,-0.1690759783541572,0.2805094038843169,-1.535592900876804,-0.16645499373724998
F,0.0,0.0,0.0,-0.3066499803552391,-0.14400237311331376,-0.08628036470204621,-0.5435909949159399,-0.3735035930290604,-0.14724028689278607,-0.6578375436461463,-0.6151414147037516,-0.21886878492621417,-0.5848963434617757,-0.795444395356593,-0.2750604078623436,-0.3705440734661008,-0.8708417060811718,0.01807330839306355,-0.4470860969897769,-1.148192778182782,-0.12219450006624376,-0.5067648965586597,-1.0984245118235985,-0.23898704714985475,-0.5328636216354541,-0.980110626895135,-0.2940174425267014,-0.2020549463110879,-0.9793661815699856,0.003959932859225528,-0.2506380631664041,-1.3940703976698545,-0.050573432510247505,-0.2923549530140152,-1.6339382283756014,-0.08765457792909598,-0.3288573713888712,-1.8470268047611382,-0.11182625876395427,-0.025416425562893297,-0.9813731092675724,-0.04422050824093379,-0.012596313052347215,-1.361658794870219,-0.09373471166918076,-0.009236153326916722,-1.600962188807536,-0.10792056456613133,-0.011144132221586354,-1.8034362233629946,-0.1122816142602417,0.14215681954628495,-0.8848689567184559,-0.10834836440473254,0.22243485917106773,-1.1592454153719158,-0.1285689529210321,0.27076175266666413,-1.3435821902559237,-0.11532706182083821,0.31862036303282365,-1.5125224568683049,-0.10105943873258798
F,0.0,0.0,0.0,-0.28930566151049086,-0.13277253892611185,-0.11893316341412064,-0.5246580020941116,-0.3578028919183928,-0.2066945793037842,-0.6532744045401644,-0.5961641741660396,-0.29817887153386285,-0.5787036794143855,-0.7912331253692381,-0.37438462584778465,-0.3552167153493058,-0.885746410972285,-0.04555480501149604,-0.4226840978880877,-1.1742932684034952,-0.2091946965062905,-0.4803885700405192,-1.1410237297465151,-0.3442173483229249,-0.5046285179524638,-1.035280795697597,-0.4167391937800655,-0.17669842495162066,-0.9827794950734379,-0.05405673577654439,-0.22559199839644525,-1.3917951430684479,-0.14658042019286896,-0.2743334554286049,-1.6518164196031067,-0.21999982656740139,-0.3164376980240051,-1.8829337997473783,-0.27360900880483985,0.002713796312699471,-0.9707352336046784,-0.09532020799351812,0.026294803582508915,-1.359238180905601,-0.17775253033911673,0.03165680835205751,-1.6028929167602057,-0.2249124952582403,0.031235426133597293,-1.8200268475049137,-0.25439838509240786,0.17011771089670824,-0.8605794419351063,-0.15190901367892148,0.25998235843947043,-1.142269405123215,-0.19862973010936355,0.31028350258590265,-1.3277048436677197,-0.21014265833248896,0.3542022766752349,-1.5025523872293947,-0.21683753377956863
F,0.0,0.0,0.0,-0.29107645769523643,-0.11901961560362039,-0.11875861207743203,-0.5231994736523031,-0.3508753250052783,-0.20447563274454164,-0.6442673943271355,-0.5989716714009546,-0.29506744604543084,-0.5552216819467585,-0.7890607315199818,-0.3683817560976471,-0.3693437779244343,-0.8741984573353402,-0.03674440390384668,-0.4364679031044373,-1.1512159424266526,-0.20418216385398097,-0.4672747876427578,-1.0749139328946085,-0.3392640569364134,-0.4599938195686343,-0.9478945219109703,-0.40903175380203777,-0.19405084114845897,-0.9798249170667094,-0.04782680153211004,-0.2520005114960098,-1.3962923518583625,-0.13769556186903986,-0.28953238998990927,-1.6599611668458092,-0.20696392068247815,-0.3152283104775975,-1.9001326773610603,-0.2560522513360699,-0.012906752008230214,-0.9740135471296906,-0.09353243778718882,-0.0036931026661873425,-1.375739926864267,-0.17872748557282375,0.007863790431737834,-1.6195526073204976,-0.22655600670189516,0.014026931092333522,-1.835214027235728,-0.2539984100403782,0.1625995988724667,-0.8714311289856861,-0.15477001306146426,0.24788430409879045,-1.1623468891916005,-0.2034733188997482,0.3005254700673717,-1.3512889219874546,-0.21559288592770118,0.3495971920475243,-1.5297707240637326,-0.22119586355653975
F,0.0,0.0,0.0,-0.29646765826441596,-0.10723767060118923,-0.0801772176608625,-0.5222403005327827,-0.3512252432784406,-0.14369017082189398,-0.5960713344720013,-0.6049943165734382,-0.21858804599999468,-0.48144635262575514,-0.7574808026629941,-0.27794188044541784,-0.3634163230947868,-0.8739753561455055,0.002439548207926981,-0.43451790322597045,-1.1580251781712962,-0.14795559987368842,-0.4655198308874141,-1.0529076021952475,-0.27235359601753856,-0.4611440553227806,-0.8963282016451382,-0.3351431603955438,-0.19797686340234374,-0.9798735274686955,-0.02555448538760556,-0.268720581379123,-1.3935857497188655,-0.10380743697432564,-0.31473031661441603,-1.6483100636639023,-0.1686288358128934,-0.35196629261722906,-1.8752370402795326,-0.21376854668892964,-0.024599565274671283,-0.9723553052994361,-0.08435003380855116,-0.03012899335883826,-1.3654823691425515,-0.15701437527289586,-0.03676356678973154,-1.608495707397279,-0.2020496447512565,-0.04730209099594564,-1.8219701254916933,-0.22920938792444023,0.1521995340190945,-0.8684568373050221,-0.15558236658249983,0.22204908362967005,-1.1618385432624592,-0.19063715132534645,0.2623819211831455,-1.3473309461165388,-0.19455365503620045,0.30140681834213473,-1.5205896062191528,-0.19581351440021094
F,0.0,0.0,0.0,-0.24979758807972186,-0.08592797332629169,-0.11910275461129655,-0.4628094463036301,-0.2839335695417678,-0.21343021075342347,-0.5683572693389132,-0.5067134836676515,-0.314518843950355,-0.4679155065785891,-0.6745410319887005,-0.39435634863433083,-0.3668079396362288,-0.8766087949682797,-0.03072001875025001,-0.41994910725721285,-1.1524777601169054,-0.21229074574663392,-0.4345925050104689,-1.0066035968306297,-0.35891135242711325,-0.41564353450806163,-0.8231931856352046,-0.43314566402284266,-0.20925067945414694,-0.9767759208232608,-0.04607552113485838,-0.27548443444249504,-1.3886588621413167,-0.1459477801338797,-0.30901961107536846,-1.653592710935198,-0.2248313265977862,-0.3369402490122321,-1.9063143915241527,-0.2794705780275082,-0.044576868503123916,-0.9623950579937335,-0.09743537648878581,-0.058593305531460554,-1.3418260476300181,-0.1854570292330794,-0.07000605977346444,-1.5745802393284494,-0.23700965317267453,-0.08666463265874688,-1.788691230753485,-0.26820504829570685,0.13008673788396807,-0.8517792373676008,-0.16469398144635694,0.19576887674260807,-1.1313473098319016,-0.20567215736230055,0.2341304017205496,-1.3013497013649844,-0.2133741414918316,0.2734665266049429,-1.47220391624911,-0.21831721540150176
F,0.0,0.0,0.0,-0.29441182960107826,-0.10517100670207527,-0.10062342250757675,-0.5344114128589903,-0.33900600126223673,-0.17923561609380603,-0.6083104702950893,-0.5623736415437524,-0.26560191698126945,-0.4863361829452826,-0.677638409105773,-0.33817667493483305,-0.3740805765907577,-0.8769593175618617,-0.036569223651681255,-0.4424693788420184,-1.1461609245340747,-0.19961910093981874,-0.4719329179494098,-1.0345701559106006,-0.331774155786605,-0.46778137347115034,-0.8782620388038342,-0.40105475129336715,-0.19412508614062354,-0.9790741913640104,-0.06106700202076818,-0.2507925682988522,-1.4058832674074464,-0.15588070099365836,-0.2952382935565058,-1.6706814268588703,-0.23393288845037735,-0.32927572598844346,-1.9105715085975081,-0.2888817665602857,-0.012021383984762792,-0.9624999224909784,-0.11598101058579449,-0.00831438594583767,-1.370779458641653,-0.20696664049607325,-0.016271826667760447,-1.6236408624318077,-0.2682871072911295,-0.027446332839203787,-1.8517377791892018,-0.30524709067911876,0.16678062439808397,-0.8449503883874304,-0.18326952076114375,0.2510583448370365,-1.1440773236795398,-0.23269510012288847,0.3000732067921548,-1.3325368705803904,-0.2465158021717625,0.3471632203215866,-1.513907655780095,-0.2549073098889804
F,0.0,0.0,0.0,-0.3051442248085584,-0.09994292631055707,-0.11900810411463551,-0.5560627045213529,-0.30405477772225714,-0.2121003305141597,-0.672768309483879,-0.5187939482793232,-0.3078856089797211,-0.6023132960193369,-0.709960651601619,-0.38992589683867873,-0.37874511845489583,-0.8577898286264488,-0.07583066292657828,-0.46738391480494984,-1.1351480915390804,-0.24227807931013381,-0.5306986734089185,-1.090632398379839,-0.3747817338445944,-0.5538115642676038,-0.9746706898792289,-0.4453229364869879,-0.20158681117997762,-0.9751907028808885,-0.09146502376846985,-0.26427537092126085,-1.405141819174392,-0.19419005065013129,-0.3208365102857374,-1.6799762327247705,-0.271106821095028,-0.3667629868097863,-1.917684794369453,-0.3251955913920246,-0.017103664276721383,-0.9731902406504584,-0.13711465415309754,-0.008083225002132372,-1.3838163241502277,-0.2340151818767983,-0.01346416869983926,-1.6425292430188132,-0.29170397538972087,-0.021922914541337993,-1.8712529922338679,-0.3252750074997685,0.15950783543347466,-0.8662332916430896,-0.1961834172833058,0.25576124964943275,-1.1724056337602726,-0.25542267322589024,0.3141841149511484,-1.3722570504058953,-0.2721983770126814,0.3667338105077848,-1.5582292803415754,-0.2806849594280285
F,0.0,0.0,0.0,-0.29572071933106403,-0.10541006574375737,-0.12103767447167293,-0.5381149840518585,-0.31089640937845986,-0.21751973913884187,-0.6741284454575299,-0.5259296029845734,-0.3170397904087995,-0.6268921208475912,-0.7278965920641041,-0.40431857204783683,-0.3501738085985745,-0.8646418735867298,-0.0821958490504783,-0.44917485946261776,-1.1341437166243262,-0.2587540998041226,-0.5349276124887812,-1.0871727026583216,-0.40091047758917026,-0.5764680307463732,-0.9646588652832991,-0.4767711518160417,-0.1807561220159599,-0.9785751668694365,-0.09857924294802663,-0.24989977875030944,-1.4048399499698787,-0.20750662589953683,-0.3117831417607848,-1.6805473439709426,-0.28884472404981376,-0.36191227812088067,-1.9169725131314195,-0.3449153563755864,0.0008640815107196231,-0.9713290545608282,-0.14514756996483608,0.007962667707741556,-1.3835073590919416,-0.24465304589132586,0.00031967273578708644,-1.6443973407451764,-0.3025639384324717,-0.011258664972474214,-1.8732647019073452,-0.3361251932388704,0.17384248510969832,-0.8584830031151793,-0.2054140669811462,0.2664347180581284,-1.164707916430158,-0.26577971080175505,0.3237607257016034,-1.365049853195079,-0.2812323077545265,0.3742430186946421,-1.550168730046334,-0.28788206200658556
F,0.0,0.0,0.0,-0.29674922847896695,-0.1020736317878729,-0.11767560483698669,-0.5436429803134775,-0.30147054868179474,-0.21303510927339417,-0.6852467358133248,-0.5076890725965116,-0.31288667759135186,-0.6269923225228827,-0.7000096799221547,-0.4007613151561914,-0.3611461060730269,-0.8590765148766655,-0.06408919241419633,-0.4730829738694944,-1.1066800698482202,-0.23471120914885993,-0.549985842659172,-1.0594639843948768,-0.3745647496622767,-0.5759603123373894,-0.9337012856359815,-0.4499366158561553,-0.19246573972062428,-0.9780164532447392,-0.08025432210400828,-0.2715307928530163,-1.3829835078702364,-0.18127753415466202,-0.3352033540705339,-1.651260067193931,-0.2591493659234485,-0.38642105683026823,-1.8772769565241456,-0.31421043401054277,-0.011716509412587225,-0.9780260646616253,-0.12758228444990682,-0.012268781426866944,-1.3753285910054098,-0.219405652499721,-0.026771063909743646,-1.6269745156909525,-0.27231568548768886,-0.045448738116313274,-1.8441519771392882,-0.30394632983216796,0.16184434220627822,-0.87289754013065,-0.1890491816775713,0.24634484381614094,-1.1708397376735291,-0.24465599802973376,0.2947275630511285,-1.3676648316370479,-0.25824872810412935,0.33431352909521167,-1.5515842916908213,-0.26426835849994185
F,0.0,0.0,0.0,-0.2964681922739307,-0.05568678489941479,-0.1386313349057672,-0.5584852248236597,-0.2267911650356609,-0.2374387274129259,-0.7225754432032557,-0.43909390785549457,-0.3379009666488101,-0.6604692463767946,-0.6563895808652737,-0.4197851584655681,-0.452429739858115,-0.816991173089545,-0.046509095623832264,-0.5644417063711047,-1.078713906511639,-0.22370475184927943,-0.6149476939533113,-0.9885589718255776,-0.3660708075253477,-0.6136565468515462,-0.8351744456669231,-0.43783158292503616,-0.28700101701879016,-0.9568504378137237,-0.04547148431561488,-0.38144174377856144,-1.357105453496638,-0.1426700997712735,-0.45364306466236004,-1.604959023185805,-0.213058280736802,-0.5186443095429866,-1.8279953844211734,-0.2592317047515569,-0.10506635087034091,-0.9828079333320624,-0.08187081955855914,-0.13558616637528367,-1.3604487853248488,-0.17175991835378207,-0.16990238204029767,-1.6046141444469837,-0.21729654457548334,-0.2062671696023871,-1.8100368884170588,-0.23956817298367883,0.07916451245311437,-0.9091638241569775,-0.13536116287230773,0.13831727009126082,-1.2089110984827474,-0.1855525779836889,0.17085441140142663,-1.4027862633445318,-0.1957223142908287,0.1979006379327487,-1.5789611030361324,-0.196818039057965
F,0.0,0.0,0.0,-0.2908925648364345,-0.08897759090705755,-0.11941582076793768,-0.537416190436071,-0.2775633320713406,-0.21147354229084017,-0.6635157136793,-0.5052764023827805,-0.3090416080501522,-0.5677433440651566,-0.6958161052459328,-0.3886971574477001,-0.42223971006552596,-0.8418028857625285,-0.04455053596553847,-0.5173091649563898,-1.1302094837979646,-0.22488784815881266,-0.5488866975725961,-1.0202348204896905,-0.3688540828402142,-0.5389826233959724,-0.8617186756862156,-0.4423044249247982,-0.25904688256337033,-0.964293649015225,-0.055067877234386726,-0.3537655480810634,-1.3685448113171714,-0.15489335634717818,-0.4182016243432485,-1.617240353710433,-0.2323121582845076,-0.4722537244272659,-1.8467101382685267,-0.2873432431833668,-0.0831580753647717,-0.9773037741459656,-0.0998118860323685,-0.11531484941056075,-1.3604203538489972,-0.1880828763512013,-0.143467318865221,-1.5954988558739323,-0.2365419089839378,-0.1744745801827145,-1.808982244964011,-0.26546955520018917,0.09752707989539011,-0.8923829726383187,-0.16041194308416104,0.1547225428608665,-1.1854246472335066,-0.20429042371593112,0.1849448223003126,-1.373102019506818,-0.21210894246528444,0.2116945159699866,-1.554074791516364,-0.21582605972818766
F,0.0,0.0,0.0,-0.28111162420427555,-0.09587686535794553,-0.1162447657397826,-0.513149065788498,-0.2910863771608448,-0.2067244145085831,-0.6236584030944907,-0.5277893303581663,-0.30291562337223804,-0.52908981040187,-0.7304704866840012,-0.3805052525816449,-0.3919321731712123,-0.8585944039994226,-0.03333711924000875,-0.4718568515853041,-1.152304625908638,-0.20225566659141675,-0.49942852785167946,-1.0505686954994247,-0.3380307299892041,-0.4883168412646696,-0.8978256177450051,-0.40667391171349204,-0.2261558864351114,-0.9731005670708001,-0.04391812151306801,-0.3031126610601439,-1.3799469302577794,-0.1310381331301301,-0.3560344259454207,-1.6251413750026007,-0.19968286844670327,-0.4008345035674701,-1.849817353815163,-0.24886032796343108,-0.05116595900102875,-0.9729372179390969,-0.08888289224744815,-0.0730334362407582,-1.352233112627404,-0.1682781840903514,-0.10116677310853288,-1.5796819824069381,-0.21056496861823068,-0.1276778637081984,-1.777846574697495,-0.23616767627474786,0.13195551977428274,-0.8766646057717356,-0.1497306225932585,0.19323393426078017,-1.1664244617229529,-0.19370671678955895,0.228021578148295,-1.3510539607431173,-0.20154839986861933,0.26422373082120965,-1.5290415814818237,-0.20432129083559109
F,0.0,0.0,0.0,-0.288957401359327,-0.09833097066280133,-0.11189997700662985,-0.5265340085981413,-0.3058771249423358,-0.19386239947762435,-0.649531178766923,-0.5507054711516702,-0.28358348116931714,-0.5616798455121875,-0.7471932938896383,-0.35517869280305464,-0.4114908557033393,-0.8475790640228357,-0.018640546375140774,-0.5025730894402349,-1.1482818648678093,-0.18922021280520107,-0.5351851006315823,-1.0541929833814483,-0.32587941282664795,-0.5257209548484107,-0.9002671485047614,-0.3928369908889607,-0.24818983563222052,-0.9683339070009758,-0.02704163532549398,-0.33013924924321936,-1.3742523674910847,-0.1131305401111067,-0.3849767976690482,-1.623380442133456,-0.17936014737146833,-0.4337846394187212,-1.8439711807395909,-0.22565007423489877,-0.0724183222329263,-0.9793041785671868,-0.07108068229826163,-0.10575102426803491,-1.3462358861954453,-0.1492077113326905,-0.1416592804459824,-1.5703666358108688,-0.19210647856562926,-0.1798356813982552,-1.7615707599593569,-0.2160603679357303,0.10791109543624222,-0.8966951156862527,-0.1311437084108301,0.17204617616914405,-1.1779915993941183,-0.1696105446710259,0.2052137657504612,-1.3653194835365063,-0.17750374552452577,0.2353044597383364,-1.542423104199359,-0.1803817431537452
F,0.0,0.0,0.0,-0.30483447997915003,-0.09857268387995416,-0.11951172574193664,-0.5533853945787256,-0.2944402368095557,-0.2021405537253693,-0.6881509762455833,-0.5276092825627038,-0.29048544649890157,-0.6298312629283952,-0.7458182565868455,-0.36128817537363617,-0.4278289163897813,-0.8385629266139736,-0.024633354670123907,-0.5262177528325697,-1.1180352769260768,-0.18852876750302758,-0.5619831427097257,-1.0481868765531752,-0.3228100839995632,-0.5542257827547185,-0.9233637843261131,-0.3914726433554104,-0.25497705880655974,-0.9664285686894563,-0.03166261365088407,-0.3383129480030379,-1.3813854593654755,-0.11916740003093956,-0.39764246966856076,-1.6355096063286605,-0.187329012691512,-0.45050476949808693,-1.859795865281197,-0.23546466754877568,-0.07335502723982457,-0.9855521085922297,-0.07438149432114,-0.09913634910147728,-1.3563963346077301,-0.15410485025748033,-0.12760154297773385,-1.587303706221052,-0.19831054071931162,-0.16168555536686985,-1.787462869489072,-0.2227991821574753,0.10662630371054684,-0.9108010431020136,-0.13370795394998797,0.17316865627331327,-1.1988552114402071,-0.17186311003695212,0.20940754096684303,-1.3874715609557071,-0.17912306749455367,0.23790459505291905,-1.5618226518085467,-0.1822825758726535
F,0.0,0.0,0.0,-0.3011982710775108,-0.08730338636207222,-0.128210001678141,-0.5559225463592473,-0.27691022997826387,-0.2203293500752283,-0.6904348349164581,-0.5077869712650726,-0.31701909615940693,-0.6157611386086135,-0.7189798540891696,-0.39510086630239066,-0.4204142035451997,-0.8426204114305023,-0.0404443117703484,-0.5237556019416951,-1.136441032203861,-0.21484209362608572,-0.567169869932661,-1.0373219708309411,-0.35244664180501345,-0.5657448225021273,-0.8765219890510918,-0.41913066284132616,-0.24590658958563724,-0.9683126320990713,-0.043595822227933914,-0.32008548465079806,-1.3918495922934333,-0.13476388483819224,-0.37219654206633096,-1.647288128305832,-0.20178120190715823,-0.4173050452451343,-1.880844836202964,-0.24691625660700828,-0.0614567957918884,-0.9807566103930057,-0.08354793627050737,-0.08097012897176527,-1.3609851116484981,-0.16874484406235982,-0.10783570240200756,-1.5944481199722913,-0.21514763463416822,-0.13746700137410348,-1.795957390111087,-0.2390997865849213,0.1189077363075017,-0.8957806261449653,-0.1401124033862393,0.189313833933463,-1.1872351341754763,-0.18477005181186704,0.23025578309739445,-1.374457601572661,-0.19349847973113912,0.26660129175055364,-1.5479524859275893,-0.19526032203962299
F,0.0,0.0,0.0,-0.28877838680075446,-0.09246709969778158,-0.12309592078973576,-0.5330235129223035,-0.29241147169591586,-0.2096741412545488,-0.6781464519488288,-0.5179204930902688,-0.3021135858805838,-0.6165487251549037,-0.7187981934096846,-0.3765880870908749,-0.40968344686094776,-0.8473195427813475,-0.032047530521578604,-0.5118234602751373,-1.1304272559064528,-0.2034641815397742,-0.5570647296392691,-1.0250541970721654,-0.3403018407440008,-0.5591478679496924,-0.8655249809167139,-0.40669766178562977,-0.24082065613108206,-0.9699196475024489,-0.03551463035596056,-0.31363502751204675,-1.3782040730868035,-0.12350523527569217,-0.36547019833768646,-1.6290232880811464,-0.18881811381508906,-0.4110493500358181,-1.8552767383602675,-0.23340918549151018,-0.06289739376534967,-0.9824382899537029,-0.07556605462780587,-0.08296133041851471,-1.3451706604686082,-0.1565607792353247,-0.1100591245472777,-1.5768510118857701,-0.20092604567272607,-0.14100813628812175,-1.775314004395402,-0.22413910346548682,0.10820800718998044,-0.8999532386285872,-0.1323222742958156,0.18074675049854172,-1.182410341303717,-0.1723020752096552,0.22484549391350014,-1.3681377240915702,-0.1798036408916227,0.2653834101097835,-1.5396945412838738,-0.1815046220451051
F,0.0,0.0,0.0,-0.28621625591463773,-0.08642093594811295,-0.1206616064337007,-0.5309156369039351,-0.27236527805845506,-0.21364016287360643,-0.6556641964902516,-0.4965459340169431,-0.31305444802080634,-0.551253293264014,-0.6736495110402206,-0.3924853869035843,-0.41687319866781763,-0.8452593792935219,-0.031654214057179386,-0.5104455716550886,-1.1431148224172727,-0.21066038128531783,-0.5282292679849724,-1.0183294287330558,-0.3525608839566117,-0.5058105820253694,-0.8490784936547519,-0.4215332896327735,-0.2521935690026002,-0.9668448591885782,-0.04011760230060089,-0.33404513817435827,-1.3769265287264574,-0.13509163084864984,-0.3827421419624843,-1.6340548005974802,-0.2076390401720958,-0.4264231170712974,-1.8728100305722164,-0.2572330754088871,-0.07779264544683057,-0.9755840397109075,-0.0851452726188514,-0.10778955932205077,-1.3387436243202666,-0.1731401877293413,-0.1373714110730378,-1.5633542699058212,-0.22374915987751723,-0.16909758891283524,-1.7569583596063438,-0.2507910340157357,0.10263297947969766,-0.8902687082908196,-0.14612400052781635,0.16661884798782578,-1.1773524072110069,-0.18950956374817401,0.2046837863488992,-1.357923720687914,-0.19938157452812766,0.23980063983224548,-1.530037246764082,-0.20300310545697
F,0.0,0.0,0.0,-0.27684436065347945,-0.08952692111353035,-0.12089737401051925,-0.5072210549975726,-0.2867694654413462,-0.21245406330346114,-0.6191322854800815,-0.5131064442154549,-0.3090990356568847,-0.5345975285414,-0.6994014176169557,-0.3867754175699267,-0.40272843533124886,-0.8553634199549066,-0.04705639831937943,-0.49377434528386777,-1.149070161489751,-0.226377236124283,-0.5219172863440356,-1.0214696542594985,-0.36662245141480115,-0.5082357838642333,-0.8497249547811097,-0.4364387920518017,-0.23457402100604713,-0.9704074813363959,-0.057309238656668475,-0.3198358904490138,-1.3768182849072916,-0.1588324653502903,-0.376022047732976,-1.6270813916173343,-0.23495022878680086,-0.4240557951652937,-1.8635107339805452,-0.2874841549823383,-0.059159371131621064,-0.9725532847121527,-0.10191221052501247,-0.08204985091050583,-1.3399014686837505,-0.19188372626047293,-0.10970362445432519,-1.570344264164597,-0.2424884329891347,-0.141739750529883,-1.7879148184814981,-0.27162069409750017,0.11662609465736555,-0.878104885610475,-0.16192855614851398,0.18165471181017623,-1.160524284913468,-0.2050688373822115,0.21421907384851607,-1.3424467445362442,-0.21394852690142055,0.24134766812951888,-1.5204963653027754,-0.21836252105389525
F,0.0,0.0,0.0,-0.26788966083956284,-0.08589565220077602,-0.12475859959815698,-0.5001877752535773,-0.27648055954725503,-0.21795840639541056,-0.634095268020151,-0.4972948691229031,-0.31572793237409075,-0.5563787526015138,-0.6848647609728603,-0.3949111174827929,-0.40661275837877664,-0.8473864214709087,-0.04179545930082153,-0.4917323207878783,-1.1325662732190966,-0.22048460343208054,-0.5199015799016664,-1.0288262707567302,-0.3619012268913129,-0.5100667277478198,-0.8693678218075584,-0.43152799682254434,-0.2395867672169727,-0.9696725696765858,-0.048304126027981675,-0.3164040357378193,-1.3776955864568756,-0.14251807099185265,-0.3655481977866097,-1.634348994908804,-0.21223603004486918,-0.41039719622890003,-1.8700260716889998,-0.2598553728186882,-0.06269620617734044,-0.9750369998517329,-0.09071785759685472,-0.08197615110512074,-1.336677602682103,-0.17606873843559473,-0.10225259227743921,-1.5682315357580772,-0.22229438424782774,-0.12849429504437979,-1.7749292596986395,-0.247671558419514,0.11472108247004333,-0.8829754914194587,-0.14942790615702095,0.18151871555331126,-1.164103350552573,-0.19312259247681773,0.2201542332064405,-1.3485164962224039,-0.20097467951534617,0.2553226830617119,-1.5275967391742602,-0.20318476855052875
F,0.0,0.0,0.0,-0.29194745406614037,-0.10678183924116846,-0.09937546810616171,-0.5318845301382551,-0.3300632989213707,-0.17386825400128403,-0.6482342109569209,-0.578400265843906,-0.25745184515523545,-0.5642897734572894,-0.7747747815573601,-0.32546069883977596,-0.40747679770636175,-0.84699563454224,-0.014964866233618338,-0.5047393958246451,-1.1151126015378467,-0.18141679480890624,-0.536972179708699,-1.0389708948473118,-0.3152252025021357,-0.5251545701560145,-0.9086922274982641,-0.38106945930521546,-0.23856991160038998,-0.9705820674104492,-0.03247841899231446,-0.31833471000337193,-1.3892199354588726,-0.11574814925246733,-0.3698850678527514,-1.6492494018529127,-0.17658202399004724,-0.4126118928691301,-1.8796032381836925,-0.21723289983537045,-0.05513023846455725,-0.9790962896273635,-0.08395313636929592,-0.07277229972731152,-1.3572259193528244,-0.16215693989834049,-0.09568438256346047,-1.5892201413249212,-0.20266267601967947,-0.12333294059603371,-1.7895312938619639,-0.22318782692433228,0.12696248028958754,-0.8888574677050456,-0.15007834349842536,0.20083401643785073,-1.1756338334004472,-0.19062692982256846,0.23959773903654513,-1.3656214794696657,-0.19559802251065161,0.27258561037978196,-1.5418921524768405,-0.19484394555597057
F,0.0,0.0,0.0,-0.28664585913210294,-0.07173576982694226,-0.13745896633716348,-0.5479284918397858,-0.2409006136492905,-0.24139340468201648,-0.7121391653809426,-0.42997733166593255,-0.3444254920553026,-0.6749943414815552,-0.6353951511031362,-0.43521585864787815,-0.39371712738603415,-0.8337925286020379,-0.09699694794799724,-0.5343669529464264,-1.0761405650777405,-0.27753579110958987,-0.6344824617323762,-1.0163649501402052,-0.4199986738233605,-0.6732622782342275,-0.8880281697535943,-0.4953294371458675,-0.2318578353167375,-0.967037854189179,-0.10526030955409858,-0.31679014339174855,-1.3917655790948231,-0.22459579428823306,-0.38556047073323874,-1.668375328662938,-0.3094301164004041,-0.4392027041998976,-1.9121018809502264,-0.3635984699458617,-0.05396301721278999,-0.9770015832239697,-0.14492603650848213,-0.05719676521373597,-1.3837174462964401,-0.25867817546637956,-0.06365919176222112,-1.6473305255109882,-0.3258590414073003,-0.07582381460570303,-1.8791535318052457,-0.3601395067833797,0.11708991636729574,-0.8779104795412633,-0.19783189666326387,0.20268012683999093,-1.1894858451952035,-0.2694225299167444,0.2587227464947758,-1.3905527593066265,-0.29092694004122016,0.3023917691711979,-1.5762397028119128,-0.29821789364603546
F,0.0,0.0,0.0,-0.2663623394417268,-0.06616386497871718,-0.15025271422917008,-0.5192503562582556,-0.21472393173471113,-0.26981400605716305,-0.6899834688029554,-0.3895120140060241,-0.38921222370670866,-0.6539228394800594,-0.5962766874587041,-0.4947059877598362,-0.4030220047627896,-0.8341460479535213,-0.10312541677746624,-0.5299206150017692,-1.0698428410498726,-0.2939184329700666,-0.6042153308954634,-1.0082451642988617,-0.4466233813227891,-0.6262855249201692,-0.8720008362021421,-0.5288410570569296,-0.24193671395941738,-0.9644076958283542,-0.10669781003171387,-0.337646694692779,-1.3679891192700306,-0.22350247807608944,-0.40704367928966523,-1.6364381556396308,-0.30896777055879693,-0.46575876294624763,-1.8692548768816226,-0.36882566189234045,-0.06242679396318402,-0.9744172413654942,-0.14427783872838004,-0.08778542657934216,-1.3662773455712733,-0.24823630661833043,-0.10945415020008539,-1.6232495488375704,-0.30701145511185585,-0.13250273367988571,-1.8534923805853731,-0.34278206767267255,0.11325158266904033,-0.8823684719832303,-0.1983732783062298,0.18870147143915278,-1.1783710287574791,-0.26195009143451414,0.2351314420878897,-1.374000126365636,-0.28218395137792557,0.2737360767947427,-1.5631259818317333,-0.2936431728778041
F,0.0,0.0,0.0,-0.2634665605779074,-0.07533602208550705,-0.14593134693106005,-0.5114425697164212,-0.23265327170782146,-0.2609816881025481,-0.6842752347666089,-0.40469602145829875,-0.37750677011235034,-0.6496422783637166,-0.5939799050762559,-0.4807646929897584,-0.3972437037123743,-0.8365031053983096,-0.09900544115764416,-0.5367303924665361,-1.0544701434496884,-0.2879200640936668,-0.60610794243097,-0.9680749488975094,-0.4384137610965951,-0.6218989397023379,-0.8247370647865324,-0.5193243323917233,-0.23642385615097788,-0.9659842958950015,-0.10477643020708347,-0.3255287955225639,-1.3685702460773688,-0.2162599892386808,-0.39273694457861336,-1.631934269573102,-0.2993921614871715,-0.4513551230210405,-1.8607713848012455,-0.3610493534609973,-0.05599972100435441,-0.9743317172261927,-0.14438553413720343,-0.07614370761329503,-1.364950636918727,-0.24343948142932106,-0.09698087642555546,-1.6204865166755225,-0.30053796501391705,-0.11909234256093348,-1.8537511415525318,-0.3380038755393599,0.11609046379042695,-0.8773763496764262,-0.20061998516536395,0.1928045384016986,-1.1714181640531534,-0.2574791439040752,0.239275404524279,-1.3651626615351857,-0.2744066117497406,0.2770979019046754,-1.554264113698765,-0.28667774243296723
F,0.0,0.0,0.0,-0.2856016980875581,-0.06572063413552665,-0.13038082458844916,-0.5437422119813932,-0.23198714244588903,-0.23718602608755007,-0.7156998843558439,-0.403752103069584,-0.34351701731219164,-0.6975807346797404,-0.6003659864409725,-0.4388542677148875,-0.3924034153966516,-0.8289935687564801,-0.11526181280974807,-0.5436741301076848,-1.0690309522386137,-0.3032577224024459,-0.6464819244160789,-0.9944153812549266,-0.44770911635388205,-0.6884362977885192,-0.8582287262900774,-0.5235568491072078,-0.2341721701103179,-0.96341361924308,-0.1303748173642984,-0.3302007719164418,-1.3922554947006411,-0.25583423199460914,-0.40286695861505306,-1.6726821694231424,-0.34072057437370057,-0.4606956220466266,-1.9209607435731921,-0.395159040831724,-0.05529177262455542,-0.9707235299749875,-0.17461047415614292,-0.06529932748175481,-1.388392849571716,-0.29027759279465576,-0.07563671899299078,-1.6511684575239394,-0.35349249359242607,-0.09038693726903772,-1.8866373069912747,-0.38612281407153815,0.11955273138777446,-0.8688653576603422,-0.2311169475521388,0.2004790114862961,-1.1880254122619796,-0.3042068237701017,0.2507416962444967,-1.3979686852532822,-0.32278858977805364,0.2911055969507873,-1.6014399351372224,-0.3281037216343861
F,0.0,0.0,0.0,-0.2856106969982059,-0.05742679274561595,-0.13247507015554305,-0.5505788223504952,-0.21568768979254044,-0.23847869718544723,-0.7067036372595386,-0.40202056226202193,-0.34394452273685344,-0.660795803772485,-0.611262757940898,-0.43525572535608964,-0.42166781659669633,-0.8234607444228572,-0.09958909957266227,-0.5570473910254256,-1.072979802845658,-0.2866886934774722,-0.6283063029803473,-0.9918042741057125,-0.43085401513524185,-0.6418755277500594,-0.8494027736395552,-0.5061590125184644,-0.2584463209854489,-0.9592371667367323,-0.11432216373027926,-0.3593732420612885,-1.4008936893218946,-0.24048175490973706,-0.43128498261472753,-1.686826263486526,-0.3296005285223825,-0.4875757637204824,-1.9453571479858285,-0.3868277954503089,-0.07827219583457215,-0.9707279525609398,-0.1598424828625868,-0.08926692180234735,-1.3884398214349551,-0.27829763359413323,-0.10115351845276738,-1.6594420741906966,-0.3479211684274116,-0.1172396852536179,-1.903188257639661,-0.3848305063663356,0.10405901189758512,-0.875272900103544,-0.21785615374018003,0.17901624885183845,-1.195985967876357,-0.29105797400125966,0.22602492039659838,-1.402052689101444,-0.31253535648309483,0.26168903142674727,-1.5998685694531332,-0.32099546720707656
A,0.0,0.0,0.0,-0.3505391533401882,-0.12667137415113497,-0.13772457034083618,-0.6830985803738798,-0.42884767440717597,-0.22888092623693346,-0.8524363807735806,-0.7649750716611011,-0.31151224927780374,-0.8268919898500061,-1.059545217863618,-0.35748081613370014,-0.5628190057182964,-0.8830462436819857,-0.12002779410548368,-0.6732119630855132,-1.1575397486394885,-0.31437323100900366,-0.6072847633158983,-0.7994552196307455,-0.3869855072116225,-0.5319576585942392,-0.5762142706116269,-0.40725967820778725,-0.3477200553163948,-0.9289839057602953,-0.12680562278191718,-0.4618065430404588,-1.2187805831169467,-0.3372684850212444,-0.41413760684658174,-0.7484201799483499,-0.3486491162926354,-0.3469188967249011,-0.5638576973991518,-0.3077507830016295,-0.13115029226106056,-0.9227792939853185,-0.161515865767613,-0.2340120677142964,-1.1718025309597984,-0.3703367183532298,-0.23057669385089247,-0.6850103699322309,-0.27864218259621276,-0.18711808625731546,-0.5109411966938191,-0.16620142735358123,0.08947912723063749,-0.8525717673556683,-0.20794289392909376,-0.03889404169964256,-0.9826987748318637,-0.3428225497115929,-0.07020667743065864,-0.6377872632089382,-0.2789089827222489,-0.04135963031465144,-0.5106522264083955,-0.19814146949670478
A,0.0,0.0,0.0,-0.3317017658149574,-0.11442201661774141,-0.1533828357745402,-0.6623461345848838,-0.4011371879258658,-0.24602566983894786,-0.836915607008428,-0.717829149162572,-0.3268757317072142,-0.8106902572148608,-1.0056780784721853,-0.37167386214004816,-0.5658829779261022,-0.8706717885124726,-0.11667524234547254,-0.6666727796816274,-1.0872332451613262,-0.30705158886755257,-0.5901981143852264,-0.7420648321654442,-0.3822207137460095,-0.5127485979998406,-0.5363296225847318,-0.40626385890111516,-0.3479661737712724,-0.9303613164641282,-0.1155307869708973,-0.45431629015684405,-1.1736640946029884,-0.31813698147133607,-0.4040001290815348,-0.7089545073491971,-0.3286742284865903,-0.34391119288722294,-0.5335592185382904,-0.28867842314288916,-0.13008243557578106,-0.9278908848977283,-0.1446531251534453,-0.22050641590560782,-1.1200615577847985,-0.34561339610954883,-0.2173982157277954,-0.64214985102479,-0.25442081063855326,-0.18485441308539335,-0.47779407282552744,-0.1437698893708649,0.08485010627760554,-0.8589537120805922,-0.1878400631934794,-0.026873823211959816,-0.9345175172452892,-0.30918773310042497,-0.05999544754668597,-0.6037571797330789,-0.2442241400309274,-0.042607272742063475,-0.4971555003834756,-0.1661508158865657
A,0.0,0.0,0.0,-0.3298836913764227,-0.10171220329703301,-0.14468518598822055,-0.6598029749413927,-0.3746457653865176,-0.23688233125568867,-0.8376731456534815,-0.6932553324483927,-0.31883331552666144,-0.8383909612681438,-0.9916414896398082,-0.36470086738624236,-0.589538739526524,-0.8535166859057579,-0.12184681772659775,-0.688508911062922,-1.086980780196883,-0.3189332841904672,-0.597641575954131,-0.75123285772823,-0.3990371772000835,-0.519939050880371,-0.5295906252572835,-0.4237144179731486,-0.37336540209380886,-0.9191584754106998,-0.1254829613931958,-0.4780482393289251,-1.163120593207042,-0.3326224519629807,-0.40327860614096317,-0.7044399985440748,-0.3508993095149938,-0.3425463887918129,-0.5245345040567014,-0.3172290692900158,-0.15419993208563296,-0.927071287771264,-0.15753757901924922,-0.24251609555895193,-1.1305175513133305,-0.35876240627662237,-0.21898750906543935,-0.6559667819751135,-0.2712799719044931,-0.18866750302435165,-0.48141373157350975,-0.16475779187524192,0.06369066872605293,-0.8703898914515455,-0.20278343208877672,-0.03783306318330336,-0.9656405598478749,-0.3270125019761775,-0.05687488405611655,-0.6364475719156439,-0.2633007227825885,-0.041898455511402304,-0.5224087665675567,-0.18573847631771706
A,0.0,0.0,0.0,-0.34790245054300023,-0.10276451663728066,-0.14283919095640235,-0.6922598291253251,-0.38338424151890443,-0.22766402874009609,-0.8844523946532771,-0.7060481773351068,-0.30392553907971953,-0.8876598407129357,-1.0085082611810854,-0.3435165797900269,-0.6011463419505205,-0.8502239786707849,-0.10102505647651788,-0.7251920552356533,-1.0994008235815291,-0.2932962255345503,-0.632911312137841,-0.7439283354904797,-0.36749098522166845,-0.5472216138033545,-0.542597851554576,-0.38951847578822624,-0.3869816699598823,-0.9164055056506569,-0.10220634191783098,-0.514889285308456,-1.1738979786408623,-0.3086769814133482,-0.44117209501176147,-0.7067406774168661,-0.3198500133366131,-0.3706168446750232,-0.5459530701100418,-0.2789969734930308,-0.17035697736437241,-0.9257433083782686,-0.13403158933802317,-0.2794204189636645,-1.1271213779936997,-0.33716205664975024,-0.2534288516837295,-0.6500975714536157,-0.24395154258675134,-0.20755650127581154,-0.4987378004480075,-0.13038489320442412,0.05080902825626199,-0.8722835498143505,-0.17897386296019197,-0.0695369901917879,-0.9814216116308963,-0.3007759848525451,-0.0889627123227483,-0.6460060593118384,-0.23307030935321024,-0.06370413576704952,-0.5359704753084232,-0.1518671821631581
A,0.0,0.0,0.0,-0.35157688185609715,-0.13669179489911445,-0.12878983177585637,-0.6907289571438132,-0.4043425599257459,-0.2216855443546397,-0.8797485059980794,-0.7236133227628875,-0.307031612308584,-0.8663591359339627,-1.0130941871244714,-0.35577711874605406,-0.5922068443230815,-0.8606336836222054,-0.1267545336830433,-0.7228559253886564,-1.1097928448781056,-0.3172750923218,-0.634374365624044,-0.7652647718750489,-0.3853604654717606,-0.552976756771043,-0.5423567283714981,-0.40325204316726243,-0.3735261692917965,-0.9176760027707175,-0.1354583138569,-0.5075923854932195,-1.1789929646744595,-0.34284892676351314,-0.4350149418441537,-0.7169922394548986,-0.35649808388124243,-0.36851338809790746,-0.5444906868721912,-0.3223833161520346,-0.15250449251264478,-0.9200812677935231,-0.16895058486765765,-0.27178032553168646,-1.1449310943446038,-0.36356363436183625,-0.24839340842718377,-0.6823511395302789,-0.26913756807247,-0.20561937943004902,-0.5230684074407224,-0.16247077632135318,0.065261260252494,-0.8558020191917194,-0.2139549058407283,-0.058713041422590685,-0.9843053458208574,-0.33091991811937327,-0.08247816571688628,-0.6599975955466854,-0.2618064554447222,-0.05771972533347903,-0.5481536935437037,-0.18383515122449515
A,0.0,0.0,0.0,-0.2836260320336338,-0.24931117964992097,-0.03656422814054325,-0.49427606624111514,-0.6222373193824465,-0.05764732742425428,-0.598337487119639,-0.9599414462072078,-0.10141277056526347,-0.6767006467248836,-1.2243964233409612,-0.1286681453358618,-0.37381908106501216,-0.9431883708074208,0.0757975039209073,-0.4860503236652144,-1.218524375180599,-0.0688444217513963,-0.44596092614901434,-0.9491812223515838,-0.15150864782707035,-0.3831308592050732,-0.7443675090920446,-0.17876497104164385,-0.20821795500482765,-0.9772131038876039,0.04122902865655273,-0.30310536856576564,-1.2470552428004493,-0.10611652991782143,-0.2666519019750618,-0.8910584247497151,-0.1445889051369466,-0.2008741607729766,-0.7087351709419735,-0.13181467917015877,-0.03201134335016862,-0.976237595652836,-0.02043544358323816,-0.11914129174481576,-1.2372177130394943,-0.15165110859298192,-0.11426590137306199,-0.87719937304494,-0.11874724958990616,-0.0675877606460175,-0.6834761512501502,-0.059139338084142304,0.1447456346603626,-0.9409861884499034,-0.08993640429580411,0.06317550965666943,-1.1866209304017183,-0.16581648529755572,0.03807349851708584,-0.9714209938714186,-0.13455433800716105,0.07557942426161565,-0.819539714825477,-0.08685106376806404
A,0.0,0.0,0.0,-0.2922342344339134,-0.2369302925560907,-0.05704379614689664,-0.5076741690533882,-0.5932179471189905,-0.08549707139292075,-0.6226876885373224,-0.9419531530739432,-0.13328195711260948,-0.6922002819106179,-1.2175148235372215,-0.16078204010837138,-0.4093214899279948,-0.9258566336684023,0.07727610056748346,-0.5084749161836241,-1.2041402581938778,-0.07137862149102285,-0.4614897319334571,-0.9396523942004272,-0.15535835826786354,-0.39360342337537463,-0.7403531867737657,-0.18161932568480438,-0.24099154717910803,-0.9691382555853889,0.05190487211360017,-0.3267055618619969,-1.2509003735160253,-0.10803333428559961,-0.28490209203657274,-0.9034762581802905,-0.15341504744226592,-0.22257717196574694,-0.7256556850781505,-0.13919980141499005,-0.06220353183726556,-0.975916213069353,-0.0030607696625794545,-0.14323665014956705,-1.232050514961743,-0.1524731437481805,-0.13478197189419253,-0.8777026297166206,-0.12253319084112164,-0.09180785055276391,-0.6877183205827564,-0.05562478494616298,0.12207821698037247,-0.9434828402103371,-0.06620666911046534,0.04680163644831485,-1.2221896138598431,-0.14933297119568517,0.02050215513382969,-1.0032390680229073,-0.11182966275250049,0.05075933249783209,-0.8349573630529504,-0.05458960373683991
A,0.0,0.0,0.0,-0.28614425630608337,-0.2610865580182818,-0.036051200809383656,-0.490144892726828,-0.6292433668940272,-0.061545232890445944,-0.6028991853355808,-0.9691098713537082,-0.11083688679644309,-0.6719892216241938,-1.235254441522314,-0.1432246003068632,-0.3713741800276516,-0.9422797987172693,0.07614934838154505,-0.4887818856818129,-1.2347900654872672,-0.064269706038211,-0.45598005120625473,-0.977873587982049,-0.1447708777210816,-0.3866904483571258,-0.7720995305349022,-0.17134215928013824,-0.2016096755130258,-0.9785746294895021,0.04177598902498701,-0.2994379943010988,-1.2575979880680879,-0.10043693661486344,-0.27406140818757785,-0.9171895371212251,-0.13533664768676515,-0.209423241325857,-0.7268416491688715,-0.12013222123763245,-0.023738419113855238,-0.9826050366697106,-0.019824631739721318,-0.11658059762479724,-1.2571341935206886,-0.14694549614966312,-0.12582787938054188,-0.9113397713904864,-0.1126503650531412,-0.07957100223663754,-0.7110591440438797,-0.05119044612756406,0.15429960794252962,-0.9465493136180025,-0.08950350785996426,0.07166928289649223,-1.2236478317868575,-0.161335977996045,0.034772961302005294,-1.0129603200184785,-0.12749793253319294,0.06637518676140901,-0.8421853062705646,-0.07779925181135348
A,0.0,0.0,0.0,-0.30566521561324816,-0.2981521980935058,-0.003011110400259197,-0.49615521914002125,-0.6695690370869735,-0.012970772010167213,-0.5854282588800456,-1.011886995300963,-0.057649386126731116,-0.6365823622927358,-1.3014261804857687,-0.08588383373264766,-0.3399853985031382,-0.9629732601756915,0.13536960902670733,-0.45434699210331875,-1.2893091932986005,-0.005248760216783683,-0.4433961680735718,-1.0251259171019058,-0.09108696012888273,-0.3804688697945142,-0.8085066469122262,-0.1188316699723142,-0.18384673623341527,-0.9794034056034574,0.08348261297222831,-0.286033343738268,-1.2881934436790563,-0.062422465789703674,-0.28426863651656026,-0.9415377039455523,-0.10884086207531288,-0.21385236050665543,-0.7423456469327638,-0.09772517293992733,-0.01044447138889319,-0.9710863388337767,0.004087388742349645,-0.1163285384634185,-1.2709145536656878,-0.12300484895669984,-0.14063579918448374,-0.9175168201271501,-0.09345226092357818,-0.0790867043367427,-0.7012362075460803,-0.03193227858110862,0.17197621523142403,-0.9269189449412322,-0.08145143201248502,0.07952548883308055,-1.2188635093916007,-0.1475243541731679,0.03407418349673036,-1.0187273655236597,-0.11138724899825096,0.07779765818074588,-0.8432639805263933,-0.05823871104867425
A,0.0,0.0,0.0,-0.30653929983057143,-0.30981270863489635,0.0057798987242617325,-0.4819824161343683,-0.6844562826221113,0.0050128706073141885,-0.5644686020363079,-1.0094379716856112,-0.03242086949993595,-0.6106932174400606,-1.293689527948255,-0.05488923480957123,-0.32357633718812884,-0.9707715437173524,0.16063783686618413,-0.43730059861609794,-1.2860470596938574,0.02741505443538475,-0.4560944377445875,-1.0268313837143364,-0.05981376207875376,-0.41166445534256313,-0.8147477130440819,-0.08913850631826441,-0.18025171197675757,-0.9776266075082874,0.10842295246526538,-0.28384996319727007,-1.277875625768625,-0.03276812214355963,-0.3134968884954981,-0.9382371329396066,-0.08166728594291417,-0.25646149522153633,-0.7354140550906693,-0.07120850361101802,-0.018224132132181946,-0.9632241012468183,0.0283929599223026,-0.1254427649838472,-1.2688564588787492,-0.0957173139820974,-0.17009234760723815,-0.9317091190196365,-0.07316287702606515,-0.1158219919829393,-0.7108989698279433,-0.015314818827397327,0.1525185097085626,-0.9188328454893367,-0.0570548489192095,0.05780746377701295,-1.2168464633311562,-0.12229776898735581,-0.005775866372782039,-1.0196224076400369,-0.09013367475262993,0.028343650589975327,-0.8288708502165953,-0.03921627984771016
A,0.0,0.0,0.0,-0.31439699423181955,-0.327961063094306,0.034913999529743056,-0.4805122614476072,-0.6619090728444678,0.049507453238692156,-0.552498994288694,-0.9667695142684792,0.02096216129614118,-0.6065142788482292,-1.2525775309314098,0.009355422635543316,-0.3265785533263748,-0.9606565537010526,0.23601652432671524,-0.45222910335458827,-1.2391016503760857,0.11009504706749161,-0.4541792114980218,-0.9870352515471765,0.014138736692864275,-0.39194184067254895,-0.7907754421755321,-0.022260436246293352,-0.19379568019606344,-0.9661278720044604,0.1704117638940403,-0.3152587322223406,-1.2438533178035496,0.03047874984638155,-0.326472470186532,-0.9158125316223313,-0.037953323829557746,-0.2549175707328862,-0.7289321862877783,-0.039057254852130886,-0.045964860101706875,-0.95971637847986,0.0762015106763872,-0.17035602109701883,-1.22404491672773,-0.046015126775681106,-0.19800257319629427,-0.8952519046458085,-0.03911372537202701,-0.13147901490242525,-0.6940961976383886,0.010085804885931828,0.10893431174678178,-0.9376212963896512,-0.021360827445480256,0.0024156952571880693,-1.1836467426006028,-0.07970544430344019,-0.05007702835888614,-0.9868770912295927,-0.05127025380148364,-0.0015230967168945713,-0.815161705776972,-0.0018546333512979352
A,0.0,0.0,0.0,-0.3185032480129703,-0.27750333888859463,-0.005444546718821579,-0.5237932215806049,-0.6144258922278443,-0.011548965285686393,-0.6218063445204469,-0.9457733105090699,-0.050947426355938116,-0.6854020660436471,-1.2329587825900912,-0.07269815454865561,-0.4047184397583499,-0.9331801384809794,0.16590008394039057,-0.5147425269591496,-1.2391103799438616,0.026344316060744728,-0.48394240673346506,-0.9866981905365202,-0.06966801687904899,-0.4147042943401321,-0.7787531332506608,-0.10486491541115775,-0.2455986236248418,-0.9621663795931568,0.11797107295511351,-0.3458667877556081,-1.2636089572782265,-0.031035576414174645,-0.3209665907057191,-0.9271259888281705,-0.09576346912579116,-0.2511190077202445,-0.7322184200242662,-0.09611217558461531,-0.07278768714697453,-0.9745096799440993,0.041100196878996555,-0.17217690681195716,-1.2634554067390233,-0.09229197927125825,-0.1779863669774958,-0.916096936892741,-0.07871777504499654,-0.12140203570256254,-0.7050984432058817,-0.02547338978982621,0.1093933245676386,-0.9629497915151075,-0.041540227347276026,0.022589165677024833,-1.2318622988057446,-0.11424674210837364,-0.015928925121124954,-1.018025880223018,-0.08566285297768132,0.024506125306578152,-0.8432524709697148,-0.03613337263990123
A,0.0,0.0,0.0,-0.29763284784564126,-0.2833470437765036,-0.005645269302318802,-0.4997036249049196,-0.6222035087540828,-0.0173464951405559,-0.6059454756657199,-0.9515576473753503,-0.06203127835794579,-0.6701543402326638,-1.2256393380497903,-0.09115943631007592,-0.3710579566877667,-0.9339736759611659,0.14496100088381722,-0.4864220036873606,-1.2375381519934163,0.020272674171306328,-0.4667027248854361,-0.9912917845221323,-0.06067786471484357,-0.4054124766595455,-0.7893104225910453,-0.08930180661844113,-0.21207809040900213,-0.9721784901123024,0.0994578651059593,-0.31179981781954025,-1.2592178458986651,-0.03234529654220692,-0.29626150701949455,-0.9275814208771255,-0.0795472835611047,-0.23598852961083758,-0.7366412057597983,-0.07383240308889844,-0.04425608719191884,-0.9870973810864838,0.027221938740561558,-0.14259419656958966,-1.27118337372032,-0.08691499746590589,-0.1533277182791057,-0.9322662176453672,-0.0642513896824378,-0.10564559547591826,-0.7253327401431038,-0.013312184019311196,0.1262717660572962,-0.9681397523920544,-0.05139990865470175,0.02644070201332206,-1.2201581443625802,-0.11219116733161894,-0.008510884002273164,-1.009482203619231,-0.08384224282137312,0.03181765526611226,-0.8354083224364596,-0.039888040270885855
A,0.0,0.0,0.0,-0.2818996565221762,-0.23882869156847913,-0.06252272439700864,-0.48372092773742337,-0.623697275498466,-0.09714925923009303,-0.5855068270607133,-0.9868634360848597,-0.15146685524616174,-0.6526764835632539,-1.2626827266530771,-0.18916583242822158,-0.37534448851540003,-0.9498031170015622,0.07120013995259472,-0.45290542547184487,-1.2487754513186016,-0.07918231069678353,-0.4120543258453134,-1.0028873246227537,-0.17573290266224714,-0.36167713880180763,-0.773755036675372,-0.21178716370645517,-0.20343280114665874,-0.9779274240417549,0.04767650075961569,-0.26944333359332745,-1.2722892688331429,-0.10449538361772442,-0.23511670578634702,-0.9332586518397595,-0.16054048145419655,-0.1909062048002543,-0.7219439399133317,-0.1581066972039834,-0.020339672377008684,-0.9729658994287227,-0.00524668493942501,-0.08097733171764575,-1.2547810065162335,-0.14451248441137862,-0.07792160005536468,-0.9116885859881296,-0.1240225541876199,-0.053023783548773455,-0.6948361074247126,-0.06922074250788747,0.16858404738057925,-0.930746626162441,-0.0671723346362129,0.10219016514113415,-1.1956927930326005,-0.14709234883666822,0.07800504282203713,-0.986425416893229,-0.11638476053375749,0.09758731162463427,-0.8199331933530248,-0.06758059829218178
A,0.0,0.0,0.0,-0.2874450848170271,-0.20810443184339245,-0.07341734884796887,-0.4932511822315777,-0.6178660579872868,-0.10030420883961466,-0.5981538584834541,-0.9878401628165068,-0.1415190018735457,-0.6706268061698465,-1.2629861242371516,-0.1639156110173027,-0.4013884067379216,-0.9383630300872698,0.05571527214339607,-0.4801189788858537,-1.2344536269434054,-0.0932323699974821,-0.41265737434121746,-0.9824570562744434,-0.18254774750453964,-0.3441687562192397,-0.7716596473435098,-0.21439266798736253,-0.22405009661162248,-0.9737027450151707,0.04128581546056695,-0.2781151589110028,-1.2562058118253117,-0.10906636950110911,-0.22827559123445082,-0.9015682728810394,-0.15378050460095205,-0.17698176683350564,-0.7149067140571737,-0.14285569554167424,-0.03328922276593079,-0.9645710732837954,-0.0022100562820262693,-0.07841006614196185,-1.2546074059536254,-0.14841123117273392,-0.07092864684206195,-0.900206711521118,-0.11711111689322733,-0.042323485809217194,-0.6952928069896083,-0.051419138292668615,0.16262930364213446,-0.9150273648584654,-0.054363504914074455,0.11786411981071868,-1.1740797809823902,-0.14545675054439947,0.0995385211985239,-0.9579227339332372,-0.11062156990630422,0.11967128664095043,-0.8010558611901096,-0.05427659687274203
A,0.0,0.0,0.0,-0.27582446930674986,-0.21829932417056663,-0.08936793666918379,-0.47479589027819635,-0.6257214777323845,-0.11117454031538677,-0.5860789771879366,-1.0000010058257818,-0.1421958829209944,-0.6697779921525863,-1.2790381651491116,-0.1484741786086413,-0.40804139360564906,-0.9391115330918884,0.07397174528525542,-0.46021375951583293,-1.2432421102432807,-0.07070574732855105,-0.3837648650466715,-1.0138697735183386,-0.15354294548371059,-0.3253905129389834,-0.7924864823832046,-0.1779856614368779,-0.2247619517251604,-0.9717159866513626,0.07245761756272016,-0.25852354335857824,-1.2713462780942693,-0.07829794248779222,-0.19986344433401096,-0.903859858015243,-0.12420923284202126,-0.16344906231379572,-0.7186620774879867,-0.10931063508689048,-0.032655121143777006,-0.9633881529438107,0.03884713572309564,-0.050471487057667415,-1.263000277090724,-0.10768266506232699,-0.037937148337641766,-0.9108446812134627,-0.0719690248623148,-0.02820093837235971,-0.7170390715172907,0.0002325543746881832,0.15803776431025016,-0.9162117934317784,-0.004904435298927479,0.1502700128183704,-1.1910695617472076,-0.08945579471682967,0.12404118463720062,-0.9699237235612117,-0.04665367103280703,0.1192773361973954,-0.8153544520985626,0.016513152705751096
A,0.0,0.0,0.0,-0.3035120963105016,-0.22667139264027739,-0.10724940757210667,-0.5161190705689532,-0.6128528381719582,-0.14519380715418334,-0.623715568081532,-0.9868359840731294,-0.19405433869601088,-0.7252326625901497,-1.2922614472131113,-0.21850064311559544,-0.42977149452991387,-0.9449887940497798,0.07725217926110509,-0.5059858906601961,-1.2637016069883422,-0.09974895549969093,-0.43686114079294636,-1.0403665237758501,-0.2118468243063939,-0.37658034751080127,-0.8093105275155379,-0.24925551273504692,-0.23915985317829266,-0.9680011328222893,0.07600244392453467,-0.297508885340985,-1.2926751384013138,-0.1244209731858116,-0.24270814778120076,-0.942217748366293,-0.21213687250378932,-0.19968354286344236,-0.719504554457426,-0.21509111720027313,-0.04329330582029614,-0.9599673365087625,0.039373982779963033,-0.08788845849657895,-1.2907323767751129,-0.14717491275984873,-0.08044977156451165,-0.9417952207054568,-0.13800303738034678,-0.06812992535124322,-0.7080425674343402,-0.07101213222449829,0.1489778791928041,-0.9349153955834328,-0.00829353337933808,0.12240588463828596,-1.2170306045878232,-0.11838757844880361,0.08709732369159023,-1.0067888294483205,-0.09072190697619398,0.08396903204305158,-0.8263717724734525,-0.030207924929458726
A,0.0,0.0,0.0,-0.2833863574361435,-0.20905498512392431,-0.10254063973770403,-0.4868729978267669,-0.5947381725629156,-0.14052955313448084,-0.6000510512311998,-0.9579494420642152,-0.1859218954428408,-0.6804170840190938,-1.2431888302089142,-0.2062272525734597,-0.42691845271553236,-0.924334248057877,0.043297873825803516,-0.4812393359565234,-1.2220030247323654,-0.10674213712735965,-0.3985678356291511,-0.9687317096112728,-0.19417808348788945,-0.34383921035682585,-0.7537677583340252,-0.22198465900717373,-0.25193705773548075,-0.9668336704554121,0.04195679460235961,-0.28858757751738545,-1.2599103309139286,-0.11196855684231699,-0.22443815102301332,-0.906373368401465,-0.16196916822404409,-0.19565313184940297,-0.7163553882489585,-0.1513512814848593,-0.06939643914221008,-0.9642280420513286,0.009491305092405783,-0.09199020921772746,-1.2529141833635962,-0.1419446434175066,-0.07282617692116326,-0.9076980595317264,-0.11515641342297055,-0.07220342938022943,-0.7079957356634587,-0.04810912216549458,0.11042893117009145,-0.9249409995652739,-0.033638774036818246,0.09047921134391795,-1.1774601874624133,-0.12402917406953622,0.07458432919550456,-0.9612008711163889,-0.08758982741419631,0.06663602559007775,-0.80441449381305,-0.027928511062959755
A,0.0,0.0,0.0,-0.3021023892154381,-0.17341302907803435,-0.10194160517064091,-0.5279215393750093,-0.5924374644531653,-0.13517274469877058,-0.6477919621637213,-0.9827041184463281,-0.1773841314842866,-0.7294552389190363,-1.2761616152145607,-0.19856023425873373,-0.44307830782388163,-0.9279340756177222,0.04496208001605269,-0.5132391765153723,-1.242103457577416,-0.12499925797051033,-0.43929962772866427,-0.9951475611902697,-0.22517011459582797,-0.37045904360900916,-0.762642901091456,-0.2587588161423135,-0.2487651685545433,-0.9676853169473364,0.041243402848973265,-0.3033522248909793,-1.2790766640964868,-0.1316529642974352,-0.24968841037239145,-0.9068113288503084,-0.18683275100315855,-0.19842636130285635,-0.692416912330442,-0.17507749462500577,-0.04283166447963646,-0.9655575796410494,0.0039722900756521875,-0.07957112517356645,-1.2747816297190706,-0.16936601970624426,-0.07582830176018097,-0.9023389077647866,-0.13698462483011709,-0.05733058925161446,-0.6797312337661648,-0.06024334940452065,0.16573409938194283,-0.9283835034484414,-0.043566949728078515,0.13160757018775324,-1.211054190364825,-0.1521924529109449,0.09687138708332349,-0.9678614391880724,-0.11247564573737209,0.09647434432933598,-0.7859622083176908,-0.04606388045903667
A,0.0,0.0,0.0,-0.2851719557556215,-0.1878972476781493,-0.07914647818996799,-0.5001587367092937,-0.5762258820577251,-0.11917516836591541,-0.6288896150411663,-0.9433383502345363,-0.17183146682586703,-0.69740262991209,-1.2255418270074083,-0.20304546566024714,-0.4104673361071749,-0.9347386171515369,0.035911393818699656,-0.512696709889339,-1.233249510787681,-0.12590694235365985,-0.46086293157218344,-0.9781048940361865,-0.21631031547492585,-0.39013555089360047,-0.7639484418128748,-0.24557842130193663,-0.2370064367894199,-0.9712686860345181,0.021565909421197915,-0.31905028441131333,-1.2609441862204471,-0.13939526038461153,-0.27865538550599417,-0.9017934848468157,-0.1801108490971825,-0.22258439637989227,-0.7148964845050708,-0.16365508075968738,-0.048534252628079214,-0.9706119230349324,-0.022756747019942028,-0.12202793065690361,-1.249946141320934,-0.17307456357342765,-0.1193730108849772,-0.8888508678536978,-0.13631543889205397,-0.08475169746042464,-0.6958169722983956,-0.06668018503828407,0.14557283275824198,-0.9348903001339274,-0.07662527463533231,0.06723951372777143,-1.1831263274852517,-0.1650547116331104,0.04398151877191631,-0.9574577728074329,-0.1289519525082428,0.0711632588419133,-0.8100215398598494,-0.07269967673506922
A,0.0,0.0,0.0,-0.3005800531708556,-0.23231982741470558,-0.046666806505814576,-0.5099198452752106,-0.6235230295008438,-0.05464290566929143,-0.6175470439534504,-0.9740929031122375,-0.0829036912706597,-0.6882471097594597,-1.2399447324582487,-0.09278038123885814,-0.3880261580030129,-0.9347260369384873,0.1151541290206259,-0.4877716997753498,-1.2160527460827095,-0.02661821236831573,-0.45172011678450485,-0.9482811545973621,-0.11678776924127425,-0.3924455392623836,-0.7520213432923296,-0.14956934368874605,-0.21935993849743113,-0.971182943374787,0.09319285316100318,-0.3022358266663652,-1.2351329443025145,-0.04973364293596154,-0.2817715294753284,-0.8789425571145898,-0.09679212394815899,-0.22138837044647852,-0.711542159419965,-0.08666320766880338,-0.037461835305278385,-0.9699122111402086,0.04038933997001879,-0.1157130651577942,-1.2136380986409954,-0.09438478209593609,-0.12295892895304941,-0.8619734140586813,-0.06947786586635224,-0.07387305345223004,-0.6859725161392985,-0.010129325088431776,0.15417363792835453,-0.933809282198017,-0.019797757385787904,0.06991738698007445,-1.1558242653979376,-0.09725331013407988,0.044844977465257056,-0.9356468481158625,-0.06719299771850475,0.09311807110837478,-0.7999396054546225,-0.016676450947418087
A,0.0,0.0,0.0,-0.3111325906999574,-0.2605883576452204,-0.023615255538560625,-0.515413093161776,-0.6781935728208309,-0.030237474783901087,-0.6082532025953992,-1.0358116890980287,-0.0630054373504579,-0.6606864946879653,-1.313810801328211,-0.07841255889184003,-0.3778156945185972,-0.9653434221018662,0.10784334652656376,-0.4714226268499709,-1.2848879858951097,-0.03675865603278422,-0.45402450486145535,-1.018732175767964,-0.11862862706323835,-0.40251849393496353,-0.810488439105638,-0.14388480860266153,-0.20428074539636565,-0.9765342020115373,0.06819332344148707,-0.2849821443177443,-1.2603711528745072,-0.08056954436824254,-0.27121067071480415,-0.9017193500996288,-0.12233887529981584,-0.2143455236804789,-0.7128841402698969,-0.10751194219041617,-0.014379781708743227,-0.9560754691320635,0.00011782237701673968,-0.10414579738404704,-1.2009651534126284,-0.13890909912711255,-0.11157473583271187,-0.8266355696441404,-0.10522093276109025,-0.06471849213667931,-0.6315720038972448,-0.03907632752864843,0.18523006115157015,-0.8965336692583862,-0.07356917282738513,0.0869759124024812,-1.1480033572129638,-0.14814038416372038,0.06085340349317842,-0.9146774788390591,-0.10730526562451684,0.10682269315794625,-0.7621512664108133,-0.0500354959186774
A,0.0,0.0,0.0,-0.3247708987728621,-0.2985009613041732,-0.019505256776659586,-0.5415383216151752,-0.66982085857119,-0.025275721264633826,-0.6509099021806599,-1.0237544570663675,-0.05936781378143042,-0.6885594085112557,-1.317569975826668,-0.07046809301826859,-0.39045849953107703,-0.9606051449545742,0.1478554621476379,-0.5128165464357144,-1.2849172840345338,-0.0031626302101750484,-0.49071978636785146,-1.0135133652825277,-0.09312179125475427,-0.42551571634427254,-0.8186851586826529,-0.12120485286406998,-0.22178876071209086,-0.9689170680082169,0.10958768609727741,-0.3259646152739947,-1.2814049980271547,-0.05007192689300803,-0.31033284938813205,-0.9124086244747309,-0.10501415938529537,-0.2422209067754692,-0.7482591053512557,-0.09575379184843352,-0.038350031390816476,-0.9599900799883339,0.04058052190684469,-0.1424649491900561,-1.2355609833807326,-0.10895962124403658,-0.15295102657663934,-0.8566591656599564,-0.08207166950695095,-0.09022752867224312,-0.675286588929665,-0.01506091387835823,0.15241919231062323,-0.9246650882140003,-0.03356733786976799,0.047020886839176095,-1.1911182665651687,-0.10666640335081429,0.009989913420663214,-0.9541257835683685,-0.06493136653190061,0.0652437036903524,-0.8002738342038854,-0.004369033161626642
A,0.0,0.0,0.0,-0.33268365405067685,-0.2741482069797302,-0.01960693198875646,-0.5478343116001819,-0.638064184297013,-0.027847315644556347,-0.6555743540754942,-0.9874646171940152,-0.06595849233815171,-0.703360204837104,-1.277344511396868,-0.08225638706134997,-0.3960371430390486,-0.9532116121646002,0.14277003834843138,-0.5234011146462736,-1.2641375036631175,-0.008889687040514311,-0.49553113110086167,-0.9738660986869404,-0.10002696301866734,-0.42613601270519186,-0.7805546964244159,-0.12935568147321905,-0.22817008575824363,-0.9682453599785709,0.10217306320671556,-0.34558662608371693,-1.2602037842122977,-0.05048738577871748,-0.32685951585735445,-0.8831472695811836,-0.09780209835834104,-0.2565510938919945,-0.7239309386303462,-0.08574276058611327,-0.04400554503996367,-0.9627737808925,0.03025655353025916,-0.159819882363704,-1.2235050665523748,-0.11101882739100484,-0.16711939799755351,-0.8400247175994269,-0.07719886052975847,-0.10255136149641775,-0.6622461230636266,-0.008813055993750247,0.14833060322150599,-0.9280560146870097,-0.047693081494146916,0.03182337824052766,-1.1864241439779162,-0.11484005396491372,-0.006326388686232059,-0.9495312779545125,-0.06928397836590178,0.046313929782918484,-0.7981730800465258,-0.00776486317003778
A,0.0,0.0,0.0,-0.314760620246345,-0.2942322433022906,-0.0033311086059290436,-0.5125589572372204,-0.6318096121109109,-0.017860732751658198,-0.6143438698649512,-0.9544844176564615,-0.06716198688951215,-0.6741869087673984,-1.2289249278339711,-0.1028799156979492,-0.37993585583480766,-0.9452714340551106,0.14918331258549955,-0.5024113617927276,-1.2152560628759794,0.008835678191871603,-0.47458871693957316,-0.9524241628312428,-0.0828744981693725,-0.4052586874809059,-0.7680988572006239,-0.11751756833002264,-0.2261675283358015,-0.9694390075565317,0.09505924339211502,-0.3405255449053139,-1.2352612386140958,-0.04832083211586278,-0.31666612917689574,-0.8971459944198705,-0.0987364943169863,-0.24937354286414706,-0.7341910968429137,-0.0925766738977633,-0.052845189422616574,-0.9643574725395518,0.012974804665561276,-0.17584523060280802,-1.2026690851643311,-0.11942650401502967,-0.16973330136995213,-0.8438531091157833,-0.08991633683779524,-0.11120253433461688,-0.6661045040085578,-0.029666089449594278,0.12761733851316698,-0.9157984775959744,-0.07403866599826463,-2.8814752800263494e-05,-1.156680873096744,-0.14155605907598828,-0.022021408024334707,-0.9180820467553954,-0.0971432452596634,0.033280505877771,-0.7602615112422189,-0.03913917288553924
A,0.0,0.0,0.0,-0.32732972214575984,-0.27860273634906374,-0.010900059245163414,-0.5365408340482085,-0.6309280429320336,-0.01863413448528894,-0.6449803328378045,-0.9673279989739412,-0.058649481652420746,-0.7067376339902707,-1.238647977986533,-0.08236632183237495,-0.39640362270381424,-0.9395431008566115,0.15634089772871465,-0.5137191131002926,-1.2200161009757504,0.018482030269847297,-0.4820204216426686,-0.9557993205527506,-0.07139505864877378,-0.4112821065944516,-0.7665091608392325,-0.10425898533689469,-0.24000291981371866,-0.9643532531299872,0.11145134211170668,-0.3425320830284336,-1.2405392182457295,-0.028245998810962045,-0.3201577206718494,-0.8988797571647514,-0.07625282022014811,-0.2505051487005625,-0.7383514405885829,-0.06816519062598116,-0.06701764525110163,-0.957570015921129,0.03704731129777072,-0.16802559347472348,-1.2054768768358386,-0.09473898929337006,-0.16904700865168099,-0.850581810492221,-0.06524807768588858,-0.11095360093244125,-0.676103289590673,-0.0034280978006543147,0.11706670923549707,-0.911644650011504,-0.04288380589459225,0.010284632773023238,-1.1526217179800262,-0.10603042362259613,-0.016579537315132287,-0.9290411516562892,-0.06300895983501893,0.036423296024095594,-0.7833177614155719,-0.006366178489664612
A,0.0,0.0,0.0,-0.3211517904071,-0.2694007072868105,-0.01937998277343551,-0.530104606582551,-0.6170880755753957,-0.03972846577162048,-0.6386223429441183,-0.949868647082716,-0.09166375020485092,-0.6994141588637742,-1.2368208143318289,-0.12902319136307577,-0.39909283238970006,-0.9422743468207044,0.12374664779743257,-0.5200144513283133,-1.2390441837411272,-0.02672780182469845,-0.4866519095284496,-0.9836063154078848,-0.12423302188102217,-0.410035458084206,-0.7777187502640109,-0.16030813648129535,-0.24150580754396353,-0.967482510479036,0.07518335480490279,-0.3474041527034282,-1.2698182536874172,-0.08007187995933869,-0.3222854998531672,-0.9347819815798709,-0.135175771111738,-0.25052945705030694,-0.7434101328728527,-0.12853809113893547,-0.06467875922721195,-0.968618478872941,-0.001967287478506507,-0.1734535920895624,-1.238468857963702,-0.14415495640654086,-0.17080836417156556,-0.8781990090346495,-0.11672365276330066,-0.11143784999456952,-0.67759116972454,-0.053632002932440345,0.12244909122964691,-0.9292890675439195,-0.08546277073396202,0.013735249958915518,-1.1939663149020097,-0.1621057824633291,-0.01401903028103196,-0.9604741248124389,-0.12082110177248642,0.03315203609823395,-0.7903725289456072,-0.06248669902374759
A,0.0,0.0,0.0,-0.31610643687684803,-0.2497717053934313,-0.025879073342254692,-0.5277756829479607,-0.60348106286987,-0.04485143210937405,-0.6367381528503582,-0.9483536897292928,-0.09262412392707271,-0.6931131031576335,-1.2312525216920334,-0.12276625920275062,-0.40761969103023404,-0.9348359322803743,0.1154564944304751,-0.5186558456617034,-1.2307867109487598,-0.03462593728814499,-0.4850885624493231,-0.9546026118223123,-0.12584707083955646,-0.41148160978967613,-0.7651284598138444,-0.15816943023886615,-0.24318576395358693,-0.9671522851041924,0.07400771330104258,-0.3404241798395098,-1.2424586754216755,-0.07504239726264264,-0.31347435224082687,-0.8884426407575351,-0.11749417069228914,-0.25115728725209274,-0.7226939736014664,-0.1049405093047304,-0.06309398053091214,-0.9722153887380981,0.0025438549416029422,-0.16348433469757198,-1.2159432746162722,-0.1368105849641093,-0.16018420166541048,-0.8465517089321922,-0.1015557795982331,-0.10852491773650437,-0.6659377278353414,-0.035397818864277536,0.12571733203577143,-0.9354305344200969,-0.0756554749123462,0.023330385664506577,-1.1754396175597566,-0.14806148686726495,0.0013040617229920788,-0.9366999565966224,-0.10539469756859754,0.04815938749719698,-0.7835387276415138,-0.04771089981151571
A,0.0,0.0,0.0,-0.3375331450086616,-0.1962071169074887,-0.06370078126375273,-0.594589326689908,-0.5422901246437858,-0.0866172486788778,-0.7432309301571924,-0.9010282714324951,-0.12885503046317937,-0.846894916864668,-1.1629846665919286,-0.15030291753389827,-0.5148946546421442,-0.8745210175540684,0.1074505870499743,-0.632753196420488,-1.184739826483818,-0.043960900993828114,-0.5539635181898367,-0.9553043616051241,-0.13865863453882665,-0.47438829330609134,-0.7627432629536285,-0.17310688675523866,-0.33301769163008554,-0.9385917751762107,0.09024797301290868,-0.43629466451787446,-1.2359091635319293,-0.0631939916125366,-0.35604495129810454,-0.896010488890353,-0.11842540868397151,-0.2923911318899889,-0.7289452246299244,-0.11423625954053968,-0.13755480317430094,-0.9652571650799575,0.040539132653514914,-0.226473575872383,-1.2422209570176048,-0.10988402088287118,-0.1800687282712259,-0.8810800942147295,-0.08436869337823164,-0.1309686818727299,-0.6889421941108046,-0.021815426912661733,0.06689366722377765,-0.9470174328863343,-0.017514335180047254,-0.020979629772465747,-1.1867862043126625,-0.10422973457848236,-0.020901250396495565,-0.9561416186132913,-0.07126113567143237,0.021241061301260855,-0.8070844542053599,-0.01835893634200309
A,0.0,0.0,0.0,-0.3159630794472193,-0.21238867688551627,-0.08638416828456034,-0.5569646181807475,-0.5545861350006822,-0.1125039644366429,-0.7061401997280506,-0.903984372097618,-0.15061836893841024,-0.8104008686180124,-1.1633902794538868,-0.16420439685299001,-0.5125582102363476,-0.8677765018790276,0.10066671380030093,-0.6160928826674382,-1.1803740911127456,-0.03422463782542769,-0.5308107237464641,-0.9727225155220537,-0.11590479449892649,-0.46104809589734463,-0.780755432963053,-0.14118193813208568,-0.3392709448860346,-0.9353726088428439,0.09986645374033,-0.42645318706382346,-1.2423284171323545,-0.04709734413997605,-0.33758487186885905,-0.9130579966693391,-0.1044205084132614,-0.28266472451528174,-0.7346344855676883,-0.0982427674951061,-0.15413672801166334,-0.9649110393779838,0.066595426072844,-0.2196594955820769,-1.2320405660431022,-0.08167750457046949,-0.1691270701273197,-0.8837902020496853,-0.06696794209726782,-0.13564747207377398,-0.6866777603846446,-0.007073617430072354,0.035414905962243524,-0.9586989057855516,0.02377011317123699,-0.016386426138258785,-1.2016517263978177,-0.05950545495970987,-0.012792078084760898,-0.9828863635490078,-0.030040894436263538,0.0100044155182853,-0.8334218169795701,0.022618769761126114
B,0.0,0.0,0.0,-0.2553467157877734,-0.1773905410860355,-0.13571687660274,-0.3523875234286751,-0.5717547362724605,-0.16335062307768253,-0.19242360804299966,-0.8941092508325975,-0.17505630938873293,0.021090562840145502,-0.9520445164777843,-0.17950622597886612,-0.3667534826834426,-0.9291695886097969,-0.033032067152084676,-0.38996141597462447,-1.331606423169169,-0.08169329354753675,-0.38967184604141186,-1.5945795773873486,-0.1309584967381079,-0.38495064958865816,-1.8194645233713838,-0.17825432960283508,-0.19850940280601767,-0.9800110490047598,-0.013128626211018454,-0.2429526839039513,-1.3917038109823434,-0.06214524588500093,-0.2749288825212751,-1.6872590669659777,-0.11468675737294336,-0.2970274558486266,-1.949052114020735,-0.15409523037667738,-0.04880503790252911,-0.9518810849624484,-0.015633580944701738,-0.08305304426860265,-1.3422693972174,-0.08774344735215582,-0.12459777420931051,-1.6248492877391718,-0.1607686245065369,-0.15237608627969781,-1.872039783741457,-0.20922746729478484,0.1017978712785646,-0.8508148165075686,-0.031655499402819635,0.05820092412179323,-1.1606890863174044,-0.1159797104329235,0.03433619357300646,-1.3602421474243758,-0.17310275435256514,0.02890522172713964,-1.540030524991457,-0.20988026102869195
B,0.0,0.0,0.0,-0.24059629410572553,-0.18877486813463593,-0.11580066085358408,-0.3377088148087587,-0.5724793286008125,-0.14314038077079813,-0.1837630774556822,-0.8819311942339814,-0.1588365439433238,0.01823253081034593,-0.9524185115638747,-0.16944720747832778,-0.3445297968454943,-0.9451712835410413,-0.038580969830024264,-0.38188376025751825,-1.3331777524648443,-0.0913328896640368,-0.39427586312580426,-1.5890013025393168,-0.14134400608785594,-0.3985550631335118,-1.8072089059054501,-0.18913448319593942,-0.17782199938141166,-0.983529028001328,-0.03240351238307857,-0.2271698594213956,-1.3885533208384235,-0.08757573374773407,-0.26417991744404706,-1.6754407241913412,-0.1435107957519054,-0.29226664025258214,-1.9219726558236503,-0.18583271158363543,-0.027677321595083727,-0.9404775556499465,-0.04517496593970066,-0.06891060475981627,-1.3243250397447426,-0.12241589602442343,-0.11691653278760321,-1.6004467501100543,-0.19439575437412002,-0.1521059952275134,-1.8413113050671188,-0.2420647477142585,0.12027104894034452,-0.8208846919039775,-0.06870180683109842,0.07085183402492644,-1.130289894378138,-0.15672234188083606,0.037819548742935916,-1.3358371340246464,-0.21221278951134592,0.021170845065027075,-1.5176291638288568,-0.24739533356249058
B,0.0,0.0,0.0,-0.24211414341580412,-0.19637546666214173,-0.09393789284870094,-0.3531166209554474,-0.5668324582928405,-0.11460163583021266,-0.23767314165073455,-0.8745949576538181,-0.13015646376727752,-0.057913863368858884,-0.9921307698839008,-0.140478305307604,-0.34005282368565337,-0.9400712946600835,-0.009414509285142356,-0.3914726387406988,-1.3091293630416307,-0.06122354107030147,-0.40764713746626136,-1.557279863354786,-0.11305815820440268,-0.4097818340301339,-1.7704846700698538,-0.1618422215305005,-0.19368245221843838,-0.9809441023588988,-0.015354991043517492,-0.250583178402089,-1.3689654893294734,-0.06900673131581497,-0.2858074667754144,-1.6439270440450335,-0.12390750654001939,-0.3077776805195694,-1.8792587997091765,-0.1663260228795053,-0.058548599918627924,-0.9388026421637127,-0.040576242206943405,-0.09809797985966687,-1.3100149990097474,-0.11533629363750332,-0.13719890016987352,-1.582355752360311,-0.18170319023088818,-0.1619448041268194,-1.813688093338692,-0.2261633416063252,0.08514434856505906,-0.8222860190671958,-0.07587734672986614,0.03019470898663742,-1.124411795273211,-0.16005287068074153,-0.007679409588721514,-1.3282773173432607,-0.21261506791981696,-0.02739583673437531,-1.5001354180305,-0.24659282161651025
B,0.0,0.0,0.0,-0.24852181791113015,-0.18688963085060956,-0.11101363392584211,-0.36699389088481743,-0.556257548161176,-0.14049090044720833,-0.24163277965872346,-0.8697801126844777,-0.1588199536881979,-0.047034674257691894,-0.98863988501233,-0.16988310752127317,-0.3558043396875683,-0.9476853480175667,-0.03174502760725152,-0.40131729398016214,-1.337249662499916,-0.08753893845830006,-0.41713605974861095,-1.588499914615983,-0.14184923094603172,-0.4217918232973242,-1.8074041356960329,-0.19020598107204373,-0.20219343073776513,-0.9789113704030054,-0.029160683500262827,-0.24739517201617317,-1.389171034269454,-0.07815311768198359,-0.27893620012687104,-1.670653302410485,-0.13174767423054415,-0.2985525232106013,-1.9162254446373992,-0.17476777698622614,-0.06225777368145334,-0.9298806765898754,-0.04606377285390477,-0.09468524265246239,-1.299253440142369,-0.11510150483699888,-0.1391050533312472,-1.592218667823407,-0.1821807888087253,-0.1688700391287615,-1.8426656026635206,-0.2296273936302176,0.08747529890201575,-0.8103072424617201,-0.07420381241636097,0.024432855440719544,-1.1162353244729712,-0.15323792581290324,-0.027942798832938265,-1.3130226669880112,-0.19929991454077212,-0.06253717006385712,-1.4740726626489429,-0.22927043103870948
B,0.0,0.0,0.0,-0.26287699937550346,-0.141023320704064,-0.11274980901366655,-0.3984004566588101,-0.5528990656859811,-0.13609437693868728,-0.2795830977505011,-0.8948416596951883,-0.14589426463272773,-0.07481723873432652,-1.0162862913307436,-0.14955094943043554,-0.3667215829414658,-0.946805186947555,-0.03476766531254378,-0.41077385385614185,-1.3581920600811943,-0.08633844952644726,-0.4204764274962612,-1.6334901971840938,-0.13288658267351935,-0.42114005394073206,-1.865299467780233,-0.17464694981550452,-0.20616764446475444,-0.9780499856836928,-0.03021800589024697,-0.2499513335520952,-1.4159769551092076,-0.08100988144292044,-0.27857801074804284,-1.7279128067612373,-0.13648519051000021,-0.2947828886850002,-2.0001111170679415,-0.1752786435786363,-0.06093588026751017,-0.9270264948269994,-0.04360688509430976,-0.1022130261435866,-1.3164628676155965,-0.1232904191467444,-0.1507326199153933,-1.6438869379772931,-0.2023645585635426,-0.17745099897196542,-1.9280296422423466,-0.2532411756243661,0.0882805092334683,-0.8020845661622673,-0.06594571826718605,0.021997248577714932,-1.1185041687060227,-0.15714460169326272,-0.02396596660271432,-1.3092878959424972,-0.2088416144045268,-0.04264541372387227,-1.466982805123383,-0.23896364242394036
B,0.0,0.0,0.0,-0.27534446865689616,-0.14286247881518155,-0.1335256803230089,-0.3961252362104285,-0.5596857386713806,-0.17763463049359232,-0.247843023786453,-0.9093228177494653,-0.2068892655174509,-0.014502797607422577,-0.9985787288668623,-0.22931881835358534,-0.39098258866073365,-0.9266842634335842,-0.07320731141994581,-0.4270782758972438,-1.3447273990216662,-0.13975070890574415,-0.4366830546062045,-1.630444732428705,-0.1950379141032031,-0.4369370501603787,-1.8653700346368507,-0.24411735413788246,-0.2179495333067588,-0.9738701459175746,-0.06383525532061614,-0.26522821348035314,-1.4175513661956485,-0.12715018224709546,-0.3015027432125554,-1.740426550065744,-0.18633608850015684,-0.3249487547793443,-2.014553757010183,-0.2291876544830389,-0.05914262517101168,-0.9411715947594061,-0.07355509172835074,-0.09269944604054059,-1.361199424596271,-0.15347828637730276,-0.14723246578969984,-1.679046542101488,-0.2314997818942302,-0.1828210332576701,-1.9431624903163065,-0.28371691657927406,0.1046662091353595,-0.8361551070210345,-0.09531734122537087,0.045777143848617766,-1.1637004544296723,-0.18745081802358737,0.004658836121031988,-1.3966239623452936,-0.24924189415718215,-0.018001226938500977,-1.5912065581728836,-0.28806585525154355
B,0.0,0.0,0.0,-0.2481757406869218,-0.19896288397261003,-0.11471342894645296,-0.34208544191601714,-0.5933671076232899,-0.14597284361646146,-0.19779545649389108,-0.9026633064467691,-0.16771559709101427,0.008910694548827265,-0.9821516344466613,-0.1818466896464234,-0.3565008578694316,-0.9456917165890069,-0.027077517912522584,-0.37846473797466496,-1.3339891368287249,-0.08122779272521116,-0.38090861107903545,-1.5853377226006904,-0.13527847864155138,-0.37931791915553176,-1.7978391115306231,-0.18521145829979188,-0.19419587188651935,-0.9806956762439113,-0.022890040164495886,-0.224934819228458,-1.38892951706212,-0.07413239801360713,-0.2466044099097313,-1.6694956612275287,-0.13248524854514931,-0.2632742575974366,-1.910095832157793,-0.17796526383929162,-0.043006169645960095,-0.9383577143655799,-0.03890953950094729,-0.06024632720250043,-1.325338378080143,-0.10392986617759886,-0.09560792198058445,-1.5993921276413117,-0.17259186313287084,-0.12274907189788799,-1.8226480872645938,-0.2208002362722749,0.11713811240840293,-0.827227911741766,-0.06748340803992944,0.07672693209598581,-1.1370380248899474,-0.14227934503847964,0.044347152425988856,-1.3551619899971532,-0.19486964202820203,0.02380646550666783,-1.5414641735999004,-0.23039236870537824
B,0.0,0.0,0.0,-0.23308682105944484,-0.18641952409841206,-0.16254855771023388,-0.3150120623232137,-0.5500939491799098,-0.20572889604443526,-0.15940160548865406,-0.8630254802887984,-0.22578732085849948,0.041563309733943996,-0.9541375993388603,-0.2361608494931248,-0.33511644583803485,-0.9445185321021129,-0.06312419048195052,-0.33541940858564895,-1.3362746116627693,-0.12227884747974059,-0.31768617610601246,-1.5894856397254593,-0.18295480526517388,-0.2966429821016711,-1.8039531557755173,-0.23687091843284533,-0.16869826051744674,-0.9852690788106675,-0.028031040615117596,-0.18817203268353036,-1.3911207807251322,-0.07993224696454719,-0.19427486190753698,-1.666421907397808,-0.13666771953937024,-0.18939435646032401,-1.914785905526756,-0.1804508391952231,-0.022271876258554032,-0.951809648547317,-0.01625572485389667,-0.028268107478770486,-1.3237721619305194,-0.0865184081352345,-0.04047675815145148,-1.5789199074094389,-0.15231675065411246,-0.04223880445269838,-1.8021563248625074,-0.19640432916991332,0.12539254095663824,-0.841669411792631,-0.020514477281552233,0.10537848522397615,-1.1474334427379036,-0.10399603917332681,0.09524138909161696,-1.3376198036649842,-0.15556417935861144,0.09703784597654348,-1.5117969210561817,-0.1871832044372272
B,0.0,0.0,0.0,-0.2108846295100314,-0.22383698840022645,-0.1625885902982289,-0.28939423047451257,-0.5696141990998244,-0.2056447170695884,-0.13863717786270968,-0.8718887626736519,-0.2253064784519005,0.05438803331954753,-0.9696966227651155,-0.23504454683920772,-0.3246712345007348,-0.9478335382528157,-0.05863210409795437,-0.3333712800316866,-1.339573439757389,-0.12028973468931649,-0.3184351410252374,-1.592473207004021,-0.18693436613424985,-0.2971571962714049,-1.8099526630952896,-0.24515202657450724,-0.15457851401784903,-0.9877529488105928,-0.021203658175229744,-0.17676617987199583,-1.3913476999319256,-0.0739001875479345,-0.18449936756413157,-1.6672497503109522,-0.13664869713159505,-0.18310128554580893,-1.9155593157659307,-0.18615431937449284,-0.007481376593787694,-0.9537089444344488,-0.00693203909575774,-0.015865774214319454,-1.3218550952008994,-0.07685330895041306,-0.028873036485159497,-1.5781416565807083,-0.14477090784540264,-0.03303545719066877,-1.8064622039349285,-0.1908313894811159,0.13501690477692535,-0.8412645875156494,-0.008570823583505544,0.11864304165019632,-1.1460062670685616,-0.08982776296169608,0.10548856387396581,-1.3387892519799394,-0.1403047388393038,0.09848866201146148,-1.515559712454494,-0.17168553376371198
B,0.0,0.0,0.0,-0.21074931531682872,-0.23077792182653553,-0.17199980923010327,-0.28628219875833816,-0.5900065579921383,-0.2157848006224975,-0.13683793879719786,-0.8909225096200305,-0.2364612060895028,0.05891481238972862,-0.959848610971664,-0.2449085793932878,-0.3288138722618488,-0.9545690312012391,-0.0350000320168999,-0.3308400251765125,-1.34203775592156,-0.08293143740549612,-0.31226777887199003,-1.5778287209481034,-0.14415444462054816,-0.2874521097912032,-1.7876233274801487,-0.20188468555261666,-0.15715847501185756,-0.9875490497463878,0.006934556723671145,-0.18123043581425688,-1.387392543126879,-0.03687642652290482,-0.18265354745479698,-1.6506963300276538,-0.10420359960533279,-0.1751565441807937,-1.89691830147363,-0.15926135014080806,-0.009591297477745491,-0.9490894119896858,0.023245720088800114,-0.02122537215247681,-1.3161214132035133,-0.03891807621447904,-0.03175785976784267,-1.565900889724208,-0.11240043264332536,-0.03772524638379171,-1.7866055925700783,-0.16462515884714643,0.13867318649178914,-0.8403919987376945,0.021849250402080963,0.11506725364767198,-1.139807563214912,-0.050459549868810086,0.09921243810733875,-1.3367298600658613,-0.10451579586325392,0.08647823784861094,-1.5173792680787397,-0.14185130787013456
B,0.0,0.0,0.0,-0.21833454036868744,-0.22681970071904883,-0.16535710031826217,-0.31462907399511103,-0.5491100515600822,-0.214882739163207,-0.1715015683508923,-0.8458004851478941,-0.24155874344436676,0.0231234148778168,-0.9471913400667824,-0.25635396037559827,-0.3763367355120772,-0.930739235558999,-0.048553147913420656,-0.3949249656088332,-1.3234236672389426,-0.11086229162430392,-0.3862617792418841,-1.573010264277432,-0.1813433210974949,-0.36556448201779607,-1.7859947869495132,-0.24218181117616383,-0.20337979514507604,-0.9790570639855873,-0.009161025415781296,-0.24405929976561658,-1.3815723946098362,-0.061125771725511945,-0.2588386315137642,-1.6486394110034954,-0.12755445833723833,-0.2564724156958055,-1.8935242737642737,-0.17996449420369118,-0.05236484123763487,-0.9541026310000567,0.006168757229837281,-0.08417383569203447,-1.3173078017728646,-0.05757770178505077,-0.10757753891043283,-1.5638034827466252,-0.12171092695706988,-0.11617391886864148,-1.7836143887654532,-0.1668619356687754,0.09828547657293789,-0.850872360519842,0.004428306242492204,0.06463352096568653,-1.142078697068366,-0.06541551759848357,0.03533181954993781,-1.327962677526649,-0.10931760335852075,0.014075811745489525,-1.50286101586385,-0.137654857226859
B,0.0,0.0,0.0,-0.21368448544578472,-0.2253902916822215,-0.16544403613110772,-0.3009331773834707,-0.5580049380939924,-0.20155509202581048,-0.15276343124836458,-0.8532376679136835,-0.21481958253485467,0.03241751888444154,-0.9515487943802599,-0.21760548768161958,-0.3636581190651434,-0.9390211183220829,-0.031394700857818265,-0.37715224285686877,-1.330222812437058,-0.081973310997053,-0.3665897142614996,-1.5752015576063132,-0.14391202918988885,-0.3495052389932049,-1.7872208020781435,-0.20008473002881408,-0.1913193946268456,-0.9814842070890308,0.009254213874431108,-0.22488037650865195,-1.3854289612795179,-0.037749259209612675,-0.23816375019047237,-1.6531434171839434,-0.10331657888865822,-0.24005345764032388,-1.8986132638626032,-0.15506004040423818,-0.04284140096951264,-0.951620156554678,0.024430732062129455,-0.07036903537778616,-1.320675294925101,-0.04321548592235568,-0.0946292089791953,-1.5656601568521635,-0.11621463158292647,-0.10433724504451881,-1.7875396149093101,-0.16618132555748646,0.10510146905783296,-0.8465991321298254,0.023027038960182482,0.07357792359473854,-1.1436370469278494,-0.05383653787237044,0.052719964828250906,-1.3274854706401569,-0.10674114074215968,0.04263639690482055,-1.5045155629603324,-0.14177459304884296
B,0.0,0.0,0.0,-0.25399462474113416,-0.19533956865193575,-0.14258047969851478,-0.3532945685123194,-0.5613959482261586,-0.1866226233744839,-0.19628194661011697,-0.8679483494092078,-0.2135957733097118,0.016015612122237944,-0.9304715872514175,-0.23158962207309564,-0.3454218319457386,-0.9453536985820742,-0.06093918020923278,-0.3648406538490697,-1.3480295539683937,-0.12539939181433857,-0.35739217788485805,-1.609426628765801,-0.18380091684692748,-0.34229457706365746,-1.833995958010833,-0.23260392177957498,-0.1797786002477648,-0.9828609028538196,-0.040793388365388095,-0.20745691672839223,-1.4007008409283617,-0.09964399815902585,-0.21816942173248022,-1.6986428877261048,-0.1565706009113803,-0.2154868834118519,-1.9615934121221654,-0.19680753510053714,-0.030712015432193224,-0.9438084714767782,-0.04138181994697842,-0.05450851285375357,-1.323746625872739,-0.1137032334395309,-0.07827272194774057,-1.6106946976803744,-0.18222649738335558,-0.0862102357180865,-1.8595494618787916,-0.2256061286982156,0.11752590249186848,-0.8325065953590648,-0.056087959265645894,0.08625876848375576,-1.1426430009027562,-0.13056408278287965,0.06782253453660876,-1.3549139869431641,-0.17779631572995366,0.06689058510658785,-1.544442759649298,-0.20631510640200326
B,0.0,0.0,0.0,-0.23791860310843152,-0.19137934192831846,-0.10909506313750986,-0.3458400010557408,-0.5717357729904221,-0.13935155275666802,-0.21395018613765882,-0.8711031713129723,-0.1617831739377118,-0.015592979169216857,-0.9406338130808044,-0.17930877018543287,-0.3152387745347963,-0.9554817860785345,-0.02887726801618021,-0.3390074122190572,-1.3407619237171426,-0.08770325246150212,-0.3370150108459694,-1.5972469628631734,-0.1436173747715423,-0.32655639855095775,-1.813077897475325,-0.19364071612888964,-0.1667537510925922,-0.9855623905235887,-0.02932508963292005,-0.2046807409303189,-1.4015910894562655,-0.08805462457450322,-0.2233160900387807,-1.697113373689794,-0.14683603424679345,-0.23034140020877256,-1.9448208677559218,-0.19050767109640454,-0.0284590396965367,-0.9347664973718353,-0.049574274663539745,-0.0510044948797698,-1.3287819303982529,-0.12496507922335735,-0.0746527552510589,-1.6166679013740424,-0.19834172957775276,-0.08358851611527503,-1.858542095144557,-0.2469552692894713,0.11478133635265664,-0.810981565382506,-0.08114640780870096,0.08402120785750428,-1.1199222930086605,-0.1659721549377605,0.06727170463418213,-1.3375371252930113,-0.223794987960506,0.06489670338118476,-1.5254430720010286,-0.26130989625962914
B,0.0,0.0,0.0,-0.22205689373707993,-0.20471887067469172,-0.10837989292986994,-0.33185497011549053,-0.5743617155677384,-0.14254962459654408,-0.22666969080544672,-0.8785990757923544,-0.17051246292180167,-0.04519868668834392,-0.967729986291523,-0.1919831237028162,-0.28465818986524666,-0.9590178538553945,-0.03483941268929397,-0.3200444012019034,-1.3363736419336694,-0.09889299703193079,-0.32759825294271544,-1.5839924941398338,-0.15926276258475655,-0.32454844620826634,-1.7959948085898134,-0.21235832116406708,-0.15041673408693912,-0.9879403935103487,-0.03672308507242072,-0.182399623252659,-1.4026194143685178,-0.09635952514208299,-0.19713737976353632,-1.6851345712425039,-0.1545264321970502,-0.20281471229997244,-1.923645129570952,-0.20002977900145105,-0.023365641716440278,-0.9382402262747459,-0.05833504933094122,-0.04849753089578359,-1.3232582382359694,-0.13193640876212204,-0.07054124143408425,-1.5979276699311191,-0.19977587380516124,-0.08338519238662519,-1.8260973793524848,-0.24621136587638628,0.10745235613796554,-0.8203271565115766,-0.09238878077689386,0.06788484172218534,-1.1224411445980629,-0.17276141044855747,0.04194429310537395,-1.332669803147728,-0.2271981573942795,0.027305410739951668,-1.5044978711539094,-0.264137006248471
B,0.0,0.0,0.0,-0.22385118695734393,-0.19109255914531809,-0.09505021964358279,-0.3356947077895014,-0.5526042588997984,-0.12234942234977855,-0.23535198488681464,-0.8544146055315566,-0.1457100920755262,-0.06465170077988058,-0.9489752404429551,-0.1624015501390524,-0.28483594565546155,-0.9564078629758015,-0.018285353743570893,-0.3198765698308451,-1.328575191134492,-0.07457455560811478,-0.33062166176733593,-1.5735356173559811,-0.13090326157592969,-0.331035744596013,-1.7814206554135736,-0.18169311456914966,-0.15622351945517265,-0.987399151267298,-0.02524139547764124,-0.191352351195321,-1.3890606544386286,-0.0787372485986098,-0.21103964200578715,-1.6685610568611184,-0.13363478562045406,-0.22019796390536917,-1.901630755545918,-0.17657754680060728,-0.03439128896970498,-0.9392733744476808,-0.05097666501781677,-0.056717560756678956,-1.31985916302625,-0.1180758721110964,-0.07729591221317592,-1.5888121434766618,-0.18101996428711348,-0.08727969460930866,-1.8108729970466484,-0.22443217955613629,0.0928347423188912,-0.8210402637981219,-0.08818592844994992,0.04802220780600506,-1.1266078855598962,-0.1643402446892159,0.019597537439527985,-1.33971929428947,-0.21500179577005066,0.006824347803646603,-1.5164111231241768,-0.24879727307282817
B,0.0,0.0,0.0,-0.22674495552870474,-0.18470053824681906,-0.09158144693834609,-0.3423478528902495,-0.5534979688446803,-0.11547324804623875,-0.2479860520176206,-0.8545399241068147,-0.13663906045569268,-0.08324006174346638,-0.9475539682995647,-0.15176572869346905,-0.27601988140912775,-0.9590934727634873,-0.015357314242418079,-0.31568659695009194,-1.3268107362173294,-0.07160205767170899,-0.32850362564973073,-1.5699992060506072,-0.12774888122004013,-0.3287114783720497,-1.777393749952453,-0.17925865300916782,-0.14996519965812735,-0.9883176243755424,-0.027179261214799185,-0.19240315404333716,-1.3900788880571018,-0.08332714842663089,-0.2173079122493907,-1.670461420564795,-0.13991656634244368,-0.22836893366495456,-1.9020553574408887,-0.18399516190364093,-0.032348808747247014,-0.9378801357462166,-0.05795640751733452,-0.062463617612089475,-1.3255757830441361,-0.1325605515814679,-0.09210013960858486,-1.6017362274315947,-0.20003216670162105,-0.10907392848458625,-1.829177622001576,-0.24582425979062372,0.0889878418141254,-0.8162414660569441,-0.09952368435781608,0.039128299499053415,-1.1269445021716709,-0.18447439288829395,0.00565351557507218,-1.3393998037434574,-0.23955655364414974,-0.011824357840805244,-1.514921765876281,-0.2761953778406571
B,0.0,0.0,0.0,-0.21865795794445378,-0.18688172800159972,-0.10379447313450695,-0.3425160249715727,-0.5393429538376971,-0.13951631881420817,-0.25123492932865127,-0.8323339925240374,-0.17013351127685003,-0.07594142096503013,-0.9297011737463988,-0.1940283794181672,-0.2939538092864777,-0.9448100499369149,-0.041528438073247284,-0.3425260170962383,-1.3024125177995092,-0.10452622483275444,-0.3556834901167567,-1.540278180249533,-0.16385872638233934,-0.35644886727374425,-1.74494647792803,-0.21758906241947176,-0.1642676886051082,-0.985296179842001,-0.046984725912731715,-0.218204491816245,-1.3812856477338427,-0.10660617864581583,-0.24679440953483478,-1.645646898164937,-0.1596143999970928,-0.26302289349793634,-1.8675987306168205,-0.20280723238774273,-0.03875690456588938,-0.9460945277664836,-0.0712968326077193,-0.07509150259641068,-1.3209406598658082,-0.14585000336514262,-0.10728279756091533,-1.585758609171327,-0.20586413680138616,-0.13023421810788235,-1.8101735983152998,-0.24803283764006098,0.08947203126840601,-0.8336082823049275,-0.10767382981919012,0.03764660318392384,-1.1303416655645735,-0.1883121983753693,0.000958852119876363,-1.333507030138949,-0.23764950170134874,-0.0248768637852353,-1.5020739773244631,-0.2716235582416166
B,0.0,0.0,0.0,-0.24113638986655103,-0.18987403777259387,-0.11242506357762659,-0.3511483619992087,-0.5733488929656377,-0.13846898077428674,-0.2227315687226397,-0.8824175235302755,-0.1534161600199275,-0.02378008532472414,-0.9567312265214004,-0.16179530263695713,-0.34687890347010114,-0.9447167756618629,-0.03121187455584469,-0.382564013078979,-1.3233047877899375,-0.08041592390182051,-0.3909759912606619,-1.566074781794828,-0.1298259895275272,-0.3903339072942791,-1.7807261950130358,-0.1765727998317309,-0.19795945709008772,-0.9798950408091801,-0.024854825410225746,-0.24019285137519766,-1.3772759790673104,-0.07149300155801917,-0.2655427677184722,-1.6534670357013972,-0.1214524144050823,-0.2817055081795184,-1.8983915488834109,-0.1614329726200611,-0.057389531725233714,-0.9390265937419018,-0.037692719790569776,-0.08846607177120576,-1.31303589832348,-0.10458781533124789,-0.11996088250125378,-1.5925749425193114,-0.1710460112244355,-0.14158381674232376,-1.8390454983339224,-0.21708461091066572,0.09059042525039705,-0.8302857312365293,-0.06206455703262112,0.03941502729913624,-1.132057907079919,-0.13984456949881335,0.010570951354473869,-1.3286790396990078,-0.18912863892604814,-0.0037176692021719015,-1.4959888317370122,-0.2216481849946094
B,0.0,0.0,0.0,-0.2466009020590969,-0.16778982630774333,-0.11812223320344953,-0.356730987092694,-0.5693278050161584,-0.14766770260097875,-0.20630668323903215,-0.8799012550579269,-0.1644864314739908,0.01015997879685778,-0.9275212416629758,-0.17658906733528126,-0.36499639587622057,-0.9426952737881932,-0.05449149133401014,-0.39108575960099784,-1.3264668096164747,-0.11189390058469344,-0.38937152577930717,-1.5809132720129313,-0.1648512378616651,-0.38191960586026313,-1.7991556319358288,-0.21415553225660267,-0.2002301647816067,-0.9785836319262156,-0.047769827690998544,-0.24540739679077667,-1.3836681184034514,-0.10407323527378917,-0.2760077653093314,-1.6748375398248485,-0.15875414038237065,-0.2948138972943271,-1.9329998221700515,-0.1998854690920196,-0.04693691387915762,-0.9359668826380323,-0.05902640640319668,-0.08263370381360333,-1.3226293095384205,-0.13520019535194494,-0.12349555523688278,-1.6089712538297296,-0.20700815066118694,-0.15057448001325185,-1.8640302768771455,-0.25478097842865777,0.10707913779140105,-0.8201230315325013,-0.08125429152443833,0.05655276409777808,-1.1312763861905257,-0.16753226971075763,0.029269375104127936,-1.3314171108770858,-0.2209012004251235,0.0206246779175373,-1.5080870906216357,-0.2547087503519021
B,0.0,0.0,0.0,-0.24923711429143547,-0.1898806429801732,-0.12239088509664543,-0.34562387449230403,-0.5798796742633701,-0.1599754338882054,-0.18388994995253732,-0.8807572539111291,-0.1838063837811096,0.038611062081087166,-0.9371162960034464,-0.20160468715497357,-0.35249992546947684,-0.9468139958868357,-0.06500690476055342,-0.3697034863604788,-1.339167525316237,-0.12899926941426276,-0.36218346295800175,-1.5997495509760977,-0.18748738285658817,-0.3500269214015395,-1.8222781588526564,-0.23962607033003902,-0.17880544192570952,-0.9822943356208423,-0.055914686308337805,-0.21384008276251343,-1.3920407438373004,-0.11459250815392938,-0.23801737350114993,-1.685904189157959,-0.17179755808578806,-0.25242677719361334,-1.944307288713831,-0.21607429404251766,-0.020243269024027472,-0.9433465001207006,-0.06453585543688153,-0.04819921167479019,-1.326136247606386,-0.13676216226837556,-0.08891984577913295,-1.6117639479076342,-0.20412469527424848,-0.1176495133846192,-1.8614111468385988,-0.2501119699687853,0.14067798397513862,-0.8285931964858486,-0.08508997470958456,0.09665501262124104,-1.1424726877011664,-0.16557754620674967,0.06458218674570852,-1.3485016890196881,-0.21451708145278725,0.04551210551978538,-1.5267080408155829,-0.24563761644276016
B,0.0,0.0,0.0,-0.24604657470876345,-0.19740078805030975,-0.1420597500928331,-0.3436561360452826,-0.5982194384249415,-0.17762225928321804,-0.18911169452160886,-0.9276124225225911,-0.19595033235436826,0.033816430800172284,-0.9744513374501896,-0.2053198133341674,-0.35005294358543315,-0.9440004342206911,-0.0470444088573304,-0.3592443409833753,-1.3526669054288474,-0.10096432654276218,-0.34783628923513005,-1.6172897433726117,-0.15317798509019442,-0.331628779474376,-1.8396431233579749,-0.20213089003215257,-0.17938558328874676,-0.9834889891842806,-0.02387929357074671,-0.2076725214449781,-1.4055710559227488,-0.07621764857307826,-0.2247148269387711,-1.6976876114223667,-0.13099967139954397,-0.23325542943832342,-1.9522916656647331,-0.17281513456926562,-0.02652308228045624,-0.9507014400087291,-0.02255640487981364,-0.045516125929511334,-1.3456460592638018,-0.0939407725913846,-0.07796325297921318,-1.62256916776812,-0.16408173253743413,-0.10018536720411839,-1.8588638011492244,-0.2108853369021752,0.1269373185316997,-0.8475825561421344,-0.035386723006917205,0.08796454219409526,-1.1616894753746945,-0.11926196435281201,0.06697136419255681,-1.3655142388736266,-0.1763900171164435,0.05921348560147269,-1.5422192551931673,-0.2129278825208665
B,0.0,0.0,0.0,-0.23523958531296027,-0.1897413789427372,-0.13260384410272255,-0.32780054496650307,-0.585450757386076,-0.16224839326469004,-0.1772987880512087,-0.9039497059990573,-0.17789946564746845,0.03842343154222572,-0.9354153863794529,-0.18380172284402937,-0.3411176398311354,-0.9402022493612827,-0.024157228582206588,-0.3482618354780455,-1.3358972477778468,-0.06816364043772488,-0.3346259998820052,-1.5842437812193306,-0.11532125850974634,-0.31664085080848225,-1.7941301892571635,-0.160501963806042,-0.18106615672100548,-0.983465502052909,-0.0032639182134662115,-0.20310647334501777,-1.3958965706655584,-0.042784836343330045,-0.2095330560695669,-1.6680730894426254,-0.0894920837535113,-0.20917008435925163,-1.9123580091147208,-0.12492945934794107,-0.033253960675588154,-0.9497668514458854,-0.004469071765043864,-0.04285763676397875,-1.3337339958879268,-0.058175304831396185,-0.061559803724271986,-1.5867595916967288,-0.11609584608991502,-0.07525672964095555,-1.8070893702140012,-0.1557041174589342,0.11982509372814149,-0.8477854866658816,-0.020711335638134327,0.08636981267770634,-1.1528523002000324,-0.08415118685217104,0.0673586239006529,-1.3516065840622127,-0.12827431555863011,0.05943175810680069,-1.528626498766589,-0.1568436725979619
B,0.0,0.0,0.0,-0.2424234669476876,-0.19742931876387676,-0.14209240660958947,-0.3352208832220232,-0.6075804896044383,-0.177759300207409,-0.17874849543905785,-0.9349556671434479,-0.19775492557389457,0.05129339930761291,-0.9521660028242247,-0.2085483467975134,-0.33744959105752453,-0.9404780685870572,-0.04360503992734646,-0.34481424194257165,-1.3572801738998481,-0.09749219448962541,-0.333332681041709,-1.6270115734105848,-0.1489265051800764,-0.3164336648171033,-1.8533608964959285,-0.19711836629358198,-0.1697537642898171,-0.9852650154572861,-0.020892793623424354,-0.19017727278850854,-1.4153535686377505,-0.07147892730212217,-0.20044667495576896,-1.7105488918183849,-0.1240363568260301,-0.20385752734857948,-1.9704278792180159,-0.1632964648119306,-0.01645873930753397,-0.9542814847670894,-0.020611299137801412,-0.025561314497110597,-1.3584830178890834,-0.0850213689255715,-0.050377035456237,-1.6322055783666838,-0.15146253489395806,-0.06768279551819388,-1.8651202437732417,-0.1959042411139467,0.13871703605956992,-0.8576596414500564,-0.03563785445321557,0.1025087617568638,-1.1726042926315434,-0.1108075568762711,0.0817331559211065,-1.384227729353061,-0.1649658351853493,0.07402820637519153,-1.568349797320178,-0.19985849240625667
B,0.0,0.0,0.0,-0.2598295737636981,-0.17620209322507208,-0.1202557543001177,-0.370052590295799,-0.5946163913843387,-0.15095129208622685,-0.21406165682637052,-0.9194433884996243,-0.16815426454752652,0.009913110175961174,-0.9680450654201808,-0.17962834398288613,-0.34834228145487883,-0.9498086795227637,-0.05274920906963185,-0.37452363148703915,-1.3619171884173007,-0.10974205080947522,-0.3700966705390784,-1.6299784057022249,-0.1618648870201516,-0.35894142329295153,-1.8514037776320296,-0.20819698372990492,-0.1838000963995878,-0.9821118179950817,-0.040913341563574096,-0.21553913400206348,-1.4167313391472436,-0.0931613369972252,-0.2333534436798223,-1.7254164457432715,-0.1446931468314618,-0.23945966201018207,-1.9867298088893375,-0.1829381627032738,-0.032278941680064434,-0.9376465301085538,-0.047494116194399694,-0.0579801431911579,-1.3368123852335358,-0.11259263019340644,-0.09057743049452388,-1.6327471499567028,-0.1801769273446528,-0.10811274063725437,-1.8835089232216464,-0.2258875610064061,0.12393491788843085,-0.8183679166772699,-0.06613168556490276,0.08731149476095701,-1.134505845694292,-0.1400839603670565,0.06107964707539791,-1.354448480276175,-0.19136578709132326,0.051273213192241686,-1.5446512583129512,-0.2248530692349818
B,0.0,0.0,0.0,-0.226809230288413,-0.20445253748079617,-0.10386297049896753,-0.32767004502992825,-0.594872932478527,-0.1257960851287913,-0.20395627676151884,-0.9015551781304489,-0.1406898397251158,-0.015274217053210052,-0.9649885007713163,-0.1488262061892037,-0.301313687363835,-0.946212746698445,-0.020269466105318497,-0.33927163795213816,-1.3175047968389944,-0.07139810401661452,-0.3471316215898958,-1.559986825067229,-0.12229602215087053,-0.3438717291462154,-1.7718186120395047,-0.17074338888454968,-0.1628170492890248,-0.9864930009140672,-0.01794902806207714,-0.20419035458989876,-1.3849249110404718,-0.06823726103605024,-0.22254364829996345,-1.6562395887892687,-0.11649862826944975,-0.22927068345602844,-1.8984955972839712,-0.1551429172594583,-0.029388658065051625,-0.9504294887705618,-0.03545465257286686,-0.05630878756213375,-1.324962563620514,-0.10318031720161315,-0.07893965213347012,-1.58707499532272,-0.16391239693474102,-0.09068501326009637,-1.8177540765270024,-0.20489315263645794,0.11351143403566281,-0.843609811158643,-0.065270168558584,0.07205961144474873,-1.1401079024259504,-0.13980191383172572,0.04955806946877255,-1.3440621155290324,-0.18916224060101988,0.041432168701041716,-1.5202024384930868,-0.22259231575684552
B,0.0,0.0,0.0,-0.230097586305389,-0.1982142168351691,-0.09855054993518608,-0.3348344102261423,-0.5894098956692764,-0.11707088119844744,-0.208925914588597,-0.8953528362186552,-0.13011260923575196,-0.02463048341033071,-0.9716177972122555,-0.1378397420102779,-0.2990119308112105,-0.9496517009153064,-0.014029508154256172,-0.33537298439672647,-1.3239928565840826,-0.06461240073481878,-0.34490094624653994,-1.5706940474587894,-0.1147431281039951,-0.343321256168551,-1.7852885281634958,-0.16366941098506857,-0.1551627052340967,-0.9877486522246245,-0.01664737014890241,-0.19586606968515433,-1.3904209631602142,-0.06876060950954162,-0.2183307823979275,-1.6705938694191738,-0.1208699628653,-0.22952459008914236,-1.9132700965335252,-0.16279174946993233,-0.02042837695884692,-0.944519192738373,-0.03935572797627475,-0.04463653608964647,-1.3277109407619092,-0.11179376520249214,-0.07222540309107808,-1.597080860391956,-0.18038298744807638,-0.08880797196582452,-1.8332546423015623,-0.2273843281396591,0.12081896469306193,-0.8280402239779574,-0.07335616648514892,0.0781732708934837,-1.1232386551163471,-0.1580221950924567,0.04774076045315936,-1.3373419674501974,-0.21782901485443984,0.0316717040841727,-1.5260720048620535,-0.25864455290166943
B,0.0,0.0,0.0,-0.24188893739442424,-0.18884422281161511,-0.10173249262167196,-0.3496266434012894,-0.5955193353856623,-0.1222895782493101,-0.2206836488033373,-0.9128263087566002,-0.13429889306060325,-0.024899378190313314,-0.986484035042606,-0.1410657804120484,-0.30732861534878786,-0.9474747132103459,-0.030620180420947645,-0.34561008505713947,-1.3344720044182994,-0.08020247010535675,-0.35824831975851784,-1.595730647029329,-0.1254412894624023,-0.3535909541678116,-1.8188638398723145,-0.17151932908158762,-0.15636873935312096,-0.9871702749653603,-0.032305813376707675,-0.19648703150894123,-1.4088140087614964,-0.08459896565771756,-0.2220086308510026,-1.7025383255032047,-0.13413692298855534,-0.23436476993562427,-1.9509648184903565,-0.17363434922870732,-0.01832568296879194,-0.9432141607437964,-0.05265790018676521,-0.05122121216995306,-1.3421479583180336,-0.12955916783727786,-0.08170509231365859,-1.6255419170531398,-0.20086708255209637,-0.09728426675019923,-1.8666579826717866,-0.2491598618798519,0.12440994933029675,-0.8254939664714904,-0.0830747768133364,0.07337976091253982,-1.1408069616377474,-0.17487946269673815,0.0435036460690648,-1.3601991866201566,-0.2376511196483846,0.03350040333108812,-1.5522606624430837,-0.2797000682164347
B,0.0,0.0,0.0,-0.2341577374480011,-0.19916203483127223,-0.10217801007093862,-0.343784885945883,-0.5912090865708383,-0.12730945153038276,-0.21619236213630602,-0.8979898464765483,-0.1446617708760153,-0.021354088093128585,-0.9535252139748801,-0.15649473392784247,-0.3092330866921404,-0.9549877381548094,-0.026938598047163302,-0.3339725940569377,-1.328498299405029,-0.07824820436265265,-0.33749520859474613,-1.570151344622442,-0.12848237842591537,-0.33023878320546174,-1.7792250941686845,-0.17586003100339065,-0.1643995538747629,-0.986013835205339,-0.027377061008033204,-0.19705573241450575,-1.3883175968077375,-0.07644705334475792,-0.2125636348307631,-1.668383772711575,-0.1255902394331598,-0.21724422681743738,-1.9126663767096364,-0.1643062314999474,-0.02725029394955264,-0.9391974172762209,-0.04671018203701204,-0.048461731900993545,-1.3202122405255254,-0.11315370212111645,-0.06901014516790918,-1.5963283660773921,-0.1800225513310082,-0.07728055987602975,-1.836623764816449,-0.22568519875537416,0.11724174307408768,-0.8217675324568193,-0.07721602354847493,0.07687113544339369,-1.1255989543681555,-0.15426134834913596,0.05791122310491069,-1.3384357446650363,-0.20781529663104056,0.05460968541006411,-1.520606048008831,-0.24381046367393203
C,0.0,0.0,0.0,-0.343706924962759,-0.16891091075391815,0.2716535300725721,-0.5263708174504214,-0.3364253192783325,0.34420806112802615,-0.7166261440874456,-0.39084214996621364,0.3162776299346114,-0.8873479048858356,-0.4388218985951706,0.26335367941475407,-0.35504195296002333,-0.8837390309312302,0.44551553335339145,-0.4765089018314525,-1.1560215801081648,0.4742947408090484,-0.6177897721871213,-1.1913813222032519,0.44071382890533356,-0.736203373362125,-1.167206424078533,0.4041659410396197,-0.29503038066691833,-0.9278973192513381,0.22795534520978772,-0.4481413132260108,-1.2604127597628305,0.2544467705476738,-0.6260075037472527,-1.283759053223105,0.1969318144000483,-0.7440337738583412,-1.2023051861777598,0.14594590642351657,-0.25399093519730326,-0.9161060083474042,0.004407085649263988,-0.4253792001538207,-1.2439487334781547,0.02108125572259608,-0.6180613041800257,-1.2585355958748654,-0.002800548211998665,-0.749491248536499,-1.18587763705528,-0.03362549193687567,-0.24008431274797595,-0.8596142547924712,-0.20907139488823975,-0.4377506889642016,-1.1111382058532357,-0.20197531332425833,-0.6219014124146857,-1.1710046881869833,-0.1992564002582896,-0.7567882273890328,-1.1773383424817758,-0.20983748351847184
C,0.0,0.0,0.0,-0.32095945502305107,-0.16932215412669613,0.14640700756310776,-0.5118886959535062,-0.3546373927870322,0.1516441615206977,-0.7114965834198536,-0.3964793162813179,0.08643107536329185,-0.8633958609623862,-0.44854780016496865,0.006357780410112283,-0.2869225056068388,-0.9374237419894542,0.26527478945899036,-0.4511418335864659,-1.2131765891508552,0.24342875618659549,-0.6108017671932574,-1.2323110703169353,0.18328598364142648,-0.7386537866472045,-1.1916760978924203,0.13755433910855516,-0.23824756641003242,-0.9643510455201424,0.11517446810776015,-0.4598996449615511,-1.292400578596005,0.11334304405704271,-0.6435019387774561,-1.2967045189335673,0.0556963149902758,-0.7557572339987332,-1.1955631272371225,0.005155538059503971,-0.21610249823293254,-0.9378454779273665,-0.04501383328104403,-0.4503578693662876,-1.2645787838631053,-0.04574179965803624,-0.6565163345479226,-1.2756160243721055,-0.07033684537402765,-0.7919423561732686,-1.1841389082647544,-0.09851559110554257,-0.2317160204224515,-0.8595496649489606,-0.20395710339138276,-0.45761226360338325,-1.0981346201093227,-0.19800423808216805,-0.632662878418941,-1.1611922737531184,-0.19258546738500207,-0.762045209612003,-1.1642976619993342,-0.1985102988699541
C,0.0,0.0,0.0,-0.3163241138038802,-0.12364160584014698,0.09796288880093297,-0.5124737252481698,-0.28734282493858654,0.09018597390994253,-0.713932615878744,-0.31797516036206736,0.020124643274334088,-0.8690582934964612,-0.3498819415468536,-0.05851298612170376,-0.35155693818075634,-0.9101113634387663,0.23996260484360715,-0.481026427208903,-1.1736994849329796,0.2042614574802732,-0.6376944331277206,-1.182443525568441,0.13934236103004477,-0.7582273379983145,-1.1319291385104842,0.0929532389698664,-0.29781447694121554,-0.9481450265914502,0.11102948200423421,-0.4567234178972619,-1.2645137403394777,0.09015478695111212,-0.6456355804768905,-1.2503427445551607,0.03395567203592462,-0.7588991659096271,-1.1448984816770094,-0.005662323763711517,-0.25502813813354225,-0.9232497715098505,-0.03507793721888749,-0.4344016644554454,-1.2390099270347747,-0.05438875243870157,-0.6428879221841678,-1.2410225820196124,-0.08245689752152098,-0.7735697187850508,-1.1484246117221246,-0.10279039393948973,-0.24067035061697115,-0.8400340076448436,-0.18483357058370994,-0.44088072568632575,-1.0805448168125598,-0.19473336738281152,-0.6226653834496569,-1.1464112024041937,-0.19997822180833771,-0.7524109583899893,-1.1482203760370855,-0.2067726649909883
C,0.0,0.0,0.0,-0.36097446096383606,-0.11220050175908738,0.25306166324034624,-0.5703578549224051,-0.23949982394976724,0.3253588189433111,-0.7777449978520046,-0.258694306195606,0.30058538757156866,-0.9695007855441802,-0.273747582692233,0.2507376422055207,-0.42985701044228963,-0.8390363427807678,0.44141320183779936,-0.5743931573047694,-1.087139580662149,0.46709440248357287,-0.7305888258794695,-1.1027163380498253,0.43329435525440746,-0.8557335907130167,-1.0553695765984388,0.39740952982951233,-0.35705128079887677,-0.9038257911481458,0.23582476997828283,-0.5336961761730835,-1.2225761773536818,0.25433844813201945,-0.7300377259756501,-1.2158745427947735,0.19386142967497605,-0.8681987279334922,-1.1054315979476677,0.14430819946869614,-0.3026800532816978,-0.9094483636816368,0.021559531176240942,-0.4781630295921764,-1.2174027338656035,0.028981359215031526,-0.6807309291544232,-1.2184817044373364,-0.008469567690916915,-0.8273252411903937,-1.1340136180174782,-0.04492897089524271,-0.2668797767882798,-0.8788088186141281,-0.18339498803902396,-0.46108807794224177,-1.1067744123996723,-0.18816354320164852,-0.6454885201374901,-1.168413372783865,-0.20275127471646456,-0.7918464243985897,-1.1805856753060282,-0.22307328944059562
C,0.0,0.0,0.0,-0.36111859300736204,-0.10075479268006927,0.19803972360899297,-0.5888045889995959,-0.2273865375146309,0.23682466062157156,-0.8025039570246703,-0.25069405849327303,0.19083199131150672,-1.0032073370794488,-0.28424927333461036,0.12201942443784321,-0.4738592797200288,-0.8429179136860477,0.36139745135397666,-0.6255366512665288,-1.1102068447673934,0.3560585486616321,-0.7866138648271213,-1.1360862522736417,0.2945938698133238,-0.9222750713070719,-1.103002370532814,0.24178192137994803,-0.3876163714096506,-0.9044047379184613,0.17834129820615083,-0.5609830926911072,-1.2587028359312102,0.16349853157821273,-0.7622784958288542,-1.263138240004871,0.07405035042383522,-0.9158360057640634,-1.163366249083368,0.006363729807629507,-0.3196494017106218,-0.9065033081768318,-0.013749675864454141,-0.4796161352213457,-1.260446135677836,-0.02611264050906092,-0.6795609060201847,-1.2738730378812766,-0.08662976901313359,-0.8344069090075588,-1.2001031276172065,-0.13748170929828168,-0.26704216822988674,-0.8701375655045447,-0.1988817344852122,-0.45966508009289725,-1.1292032402458614,-0.21230441065053463,-0.639396828618264,-1.1995059105209085,-0.23450105022373272,-0.7857255941111536,-1.2203678067141568,-0.2602587053357048
C,0.0,0.0,0.0,-0.30178256249187924,-0.10560982946172533,0.06214452459696148,-0.5276102143701676,-0.2585681094690874,0.04758269904343556,-0.7459020455370288,-0.293914290033245,-0.020144597030757425,-0.9167493515057624,-0.3275428342086739,-0.09599820358998565,-0.4219591304154965,-0.87825352048693,0.1970139812288475,-0.5587811429185344,-1.1601330201050672,0.1543917949890727,-0.7151600150504586,-1.1767845041935903,0.0804959388595465,-0.8349514481243907,-1.1398293984045478,0.025408481675338265,-0.3435644439555768,-0.9347312000762619,0.09078026466962176,-0.503480517195502,-1.285494088473252,0.0560009326852685,-0.6938992705304923,-1.2818910102582723,-0.017221489143236308,-0.8277866391029014,-1.1768093126386725,-0.07057134761896637,-0.2669082069619078,-0.929079984951364,-0.032081936482165355,-0.42530539012033647,-1.2684966798864472,-0.05577845857729023,-0.627955636036124,-1.2789631491609432,-0.1039826320688763,-0.7720964185850006,-1.1876711374705653,-0.1406965291559206,-0.2021174682974294,-0.8735492074737671,-0.15997910215603228,-0.38843966906600974,-1.1233351273837369,-0.17054712809897346,-0.564594495633951,-1.200613247983906,-0.1875522835176462,-0.7005137408994639,-1.2099135345084866,-0.20601553903581155
C,0.0,0.0,0.0,-0.32432215608704795,-0.12184604984893344,0.15012059192638427,-0.5106075559114602,-0.2942354625405651,0.174081547857307,-0.7087372511934292,-0.32855436267434757,0.12618206266797052,-0.8718051420493174,-0.3577167893660592,0.06639142411915859,-0.35806587021419944,-0.8937872237725454,0.313055440008519,-0.48473384292586935,-1.1500453480114587,0.3145323665233121,-0.6347548813821179,-1.153680927585719,0.2726146452494779,-0.7460068590851967,-1.1001243059498105,0.2376076837282191,-0.29856778622390495,-0.940285058542419,0.16346646662614397,-0.4596038316253771,-1.244527977925403,0.18022664439807487,-0.6417456240625253,-1.228511723336571,0.13973184842661213,-0.7532297316696974,-1.1179225562489583,0.10705709472278994,-0.252312979059729,-0.9250572482347035,0.0002685790266169,-0.43293192844666567,-1.2288538048479083,0.01299097657002544,-0.6335774866128451,-1.2303578648677123,-0.003395526461761638,-0.7628813741247735,-1.1396171335680707,-0.02176014922368063,-0.23922386484167243,-0.8517920003484801,-0.1635338107050795,-0.4484792274697095,-1.076480280432315,-0.15414443295700872,-0.6292061792814895,-1.131211107266295,-0.15080458643756744,-0.7597521389787169,-1.122824927185327,-0.15438206708640415
C,0.0,0.0,0.0,-0.3256540520119692,-0.14033700706438057,0.03205937720471755,-0.5396450933103217,-0.32223015268332184,-0.006028401272694236,-0.768079012322518,-0.3827730999652192,-0.07911001460652362,-0.954909581568041,-0.4079663064890579,-0.1564588817595744,-0.3097185888641408,-0.930105521855339,0.11316636301776993,-0.5128657678423086,-1.2319324306797217,0.07768052581705377,-0.6970188292444028,-1.2410995048241016,0.0224396205012054,-0.8258917095282081,-1.1953069007441366,-0.011882848912176428,-0.2591279231247295,-0.9648924812606418,0.04283945685634142,-0.495298456061586,-1.3407666206274067,0.030078043376510596,-0.710947124499865,-1.3379761219332316,-0.0018378340364582644,-0.8372525247442024,-1.2348170554934434,-0.023029877216103913,-0.24848031326995826,-0.9188070293900622,-0.039194289741970936,-0.4831083828186106,-1.2803280713605782,-0.03969902315629835,-0.7019457834390098,-1.3187347874870372,-0.051041103274389814,-0.8368420439962114,-1.2531133755515775,-0.061557221755048935,-0.28442384860379216,-0.8191718157238125,-0.12617730906749913,-0.49788885032952673,-1.1082348079111322,-0.12156953674181102,-0.6771917992169796,-1.2026021194660124,-0.11423889726482243,-0.7981815922967042,-1.2235702188104571,-0.11075503327685744
C,0.0,0.0,0.0,-0.33668061112063263,-0.1116864407608791,-0.017721911009625727,-0.5429553337326655,-0.2763745611828463,-0.04081992365118394,-0.7634865700167097,-0.3381875568701309,-0.07341313882770203,-0.9510111164824677,-0.35730521957870537,-0.10577071082372679,-0.32849326971813597,-0.9100708558456617,0.07834574007433914,-0.5542556500417412,-1.2166015775482741,0.08961091208404816,-0.7475036220340995,-1.2270857099651433,0.078715173291139,-0.8708648683966367,-1.1793041999155611,0.0771220521518182,-0.2722193291661274,-0.9591248769578145,0.07730528590595116,-0.5285446554760714,-1.3607770286783298,0.10167830171978404,-0.7510612180544506,-1.3546399194732361,0.10456355071182369,-0.8754171656722225,-1.245563093185479,0.11597604135337608,-0.2621941368786829,-0.9228421635875602,0.06786617380342846,-0.5028701378188893,-1.2867523165615904,0.09810587062436571,-0.7203945898525823,-1.3142522474185911,0.10092072649930957,-0.8555432080931133,-1.2515977743953923,0.10652553021695098,-0.3032535484486577,-0.8300108354088345,0.053082848390389924,-0.5335936240099189,-1.0977157029465752,0.06924352331591269,-0.7220846517730558,-1.1715285563426714,0.07626018067043511,-0.8488281123437885,-1.174332574969911,0.08780654626946348
C,0.0,0.0,0.0,-0.3472184937497573,-0.12866408438491855,0.1989598862838167,-0.5275962829527856,-0.3194723878216402,0.2562268569244653,-0.7307935727050545,-0.36209428607270555,0.2416156189816197,-0.9074023595084315,-0.3956942161872445,0.2117905800101338,-0.299216556877886,-0.9082425902116924,0.3463621846232817,-0.5059510185000979,-1.1975569667814323,0.3814669211273476,-0.6849251172364834,-1.2063039202699715,0.3727890828903125,-0.8029391509012425,-1.1534392243950524,0.36369877433694037,-0.24953705131554985,-0.9489490971878951,0.19294266238190907,-0.49298204261512907,-1.3302976112696303,0.23858901149573117,-0.7086429094326997,-1.3345694297067552,0.231447644557918,-0.8285200588607203,-1.2193664961816406,0.22589941516065698,-0.24897834387140438,-0.9223164803191345,0.03278829989153702,-0.4998507968923951,-1.2935076352119843,0.06664160416775763,-0.717576856352064,-1.3119810365082087,0.07489842307939448,-0.8504036624542446,-1.242547586238002,0.07510303754173644,-0.30811000577245284,-0.8373408799199998,-0.12156275117516678,-0.5444062692049667,-1.1169274656353136,-0.11600305422496565,-0.7271956537979151,-1.1855029156607668,-0.10709425714721263,-0.8546275444538538,-1.188000362730806,-0.10137455684011056
C,0.0,0.0,0.0,-0.34830259388995144,-0.13723878389948846,0.21723332453506042,-0.532173264368213,-0.3125163610029478,0.26971294273509383,-0.7260468655219482,-0.3439606550764453,0.23827085123311617,-0.8915228078340537,-0.3905590242625248,0.18870573791475348,-0.3500476051175586,-0.902143799230797,0.36972156447033894,-0.5137431035297808,-1.1857122415680654,0.383250165742256,-0.6767218085582559,-1.1785703555329163,0.3490111435839778,-0.7912963230463003,-1.1182012219127087,0.3192484171019175,-0.2966735513525021,-0.9362658456885746,0.18812514485031626,-0.4995767380978892,-1.2754238414479455,0.20779171442322525,-0.7047584371985862,-1.2597774437186844,0.16552600691517416,-0.813345117363911,-1.1364956851927213,0.13281395337453397,-0.272230561792799,-0.9069478950075581,-0.001582381491209219,-0.4887567491525251,-1.2376122961664373,0.015319128313584526,-0.7053075478548863,-1.2380705268065482,0.0027796107110114724,-0.8333982861205458,-1.1512075222497062,-0.013075662097607984,-0.28951021418602907,-0.8145481044696734,-0.18560025972224836,-0.495428529814152,-1.0813459757267379,-0.18097563761286398,-0.6766485491142257,-1.1462931063689936,-0.17541919607510575,-0.8030979885416699,-1.1484285473394915,-0.1764966605452306
C,0.0,0.0,0.0,-0.31378288620627215,-0.11136239081594805,0.1329728108681884,-0.510620518872486,-0.27882245583301307,0.15605914686517341,-0.7064726909805615,-0.32432993272998734,0.11166804658266132,-0.8660512843930529,-0.356352421933287,0.05605948947427173,-0.3791406441251072,-0.884650561592606,0.3003086906130563,-0.5092070542059195,-1.1391096995456738,0.29543191480457354,-0.6626119511315246,-1.145203917458354,0.2471633411753746,-0.7824763365269969,-1.0944509468662955,0.20839994861874703,-0.31537946508208864,-0.9347709306792951,0.16352094716427013,-0.4834557195555571,-1.2420661708103145,0.17285972573475494,-0.6652675681782598,-1.226746260720727,0.12407981996761658,-0.7836210308411146,-1.1154317230138426,0.08538212170811416,-0.2593408004952315,-0.922486051015629,0.012364009680443678,-0.4408372242892111,-1.2243852307326792,0.01960709695270356,-0.6373460627609713,-1.2229212390839026,-0.0061622056641882856,-0.7695374643727921,-1.125841940994493,-0.030343692966873524,-0.22668432674872824,-0.8540194084505256,-0.1403154651724789,-0.42286234257054445,-1.0792497014228837,-0.13258400707165632,-0.5986838855231776,-1.1393367021555294,-0.1352960635873428,-0.7307831768152399,-1.1379433376388202,-0.14371886772554304
C,0.0,0.0,0.0,-0.3302891174044729,-0.10474080794480586,0.1900277445503078,-0.5361717357386298,-0.25566088605218523,0.23760806137397267,-0.7376601076923677,-0.2961724112176065,0.20483990675234304,-0.9163421758572124,-0.3352695182196168,0.15432920246261822,-0.42452652284369596,-0.8541179422730786,0.36445246393869096,-0.5534334009510288,-1.1080254944552832,0.3693546641979849,-0.7057616486383463,-1.123255623939502,0.31805013333550436,-0.8349351640613321,-1.0867784453989542,0.273527343999083,-0.35070295982280153,-0.9163171815233212,0.193313881593338,-0.5049745169701608,-1.2331861136145708,0.20210568517079217,-0.689179213775685,-1.2374062390197103,0.1353333688116365,-0.8237257648857624,-1.1358541671572717,0.08131632320049005,-0.29067962655769275,-0.9167613905245295,0.011408804128078119,-0.45021976545946407,-1.217618187573061,0.01772805065719468,-0.648551949922357,-1.231718535860421,-0.025237707672963704,-0.7963054884080634,-1.157736613216589,-0.06549147585568059,-0.2522336779110125,-0.8700954769505965,-0.166164047936517,-0.4462796138988821,-1.095648636057138,-0.16100010663966452,-0.6275841286110665,-1.1495085344570655,-0.16997881980446838,-0.7695865454783567,-1.1512832254257814,-0.18666307393588247
C,0.0,0.0,0.0,-0.32916502517041696,-0.08233370548684074,0.15744806021937652,-0.5565177057406813,-0.23286751028142638,0.19068792344860963,-0.770312855689502,-0.2770125522368315,0.15018641725560172,-0.9603946618904387,-0.3134548722995861,0.0943631610915819,-0.46521425905171976,-0.8376815097126327,0.33309962180271885,-0.6017473462911646,-1.1038979935528592,0.32551846553669567,-0.7553055959463921,-1.13395597407563,0.26338645686272427,-0.8883605475046149,-1.1071965031317956,0.2118315249987462,-0.38435553056143745,-0.9063686424543647,0.1754044187079328,-0.5395854400859517,-1.2496827887193647,0.16807391023807114,-0.7289032571565658,-1.2665417198977855,0.08820769064651673,-0.8779291278049247,-1.168852006350146,0.02665714799967013,-0.31383397588670625,-0.9170646830107483,0.0050616301172980655,-0.46474842612336725,-1.2584689528158768,0.0012441288102053333,-0.6664430983834483,-1.281708850726567,-0.05270904080245417,-0.8246580391013111,-1.2054960203142333,-0.09889124054886013,-0.2586908825355594,-0.8813427946758307,-0.16308929872563036,-0.4501308702201948,-1.13768099928156,-0.16408808345585574,-0.6318653627912549,-1.2013097877448162,-0.1789345927741398,-0.7796803954700753,-1.2038322624515922,-0.19938740716710243
C,0.0,0.0,0.0,-0.3386937357770518,-0.08562844765574458,0.14789301323116644,-0.5733532876388541,-0.2245959520618545,0.17026806423317092,-0.7889310952445151,-0.26609099539352116,0.12046116366676449,-0.9881309025499042,-0.3127546531962747,0.05340440594502935,-0.49199268652003336,-0.8390492969653163,0.3072425763803435,-0.6403501829850883,-1.113700083999246,0.2851252768295491,-0.7939419649153643,-1.1448145977771094,0.2110989928348655,-0.9309978097246802,-1.1193606548649877,0.15063246098958516,-0.3987682938760933,-0.9050797533832531,0.14769728438552762,-0.5671767578221218,-1.258906044817434,0.116735582882575,-0.751697657785125,-1.2780736222150315,0.018269033435095495,-0.9062040331220135,-1.1749366538556074,-0.05404200538144817,-0.31705533523026563,-0.9085215279413301,-0.023903768579660267,-0.4773924115522028,-1.257978105989499,-0.046511260337218904,-0.669740449126026,-1.2847335635163633,-0.11300399698922103,-0.829463828087574,-1.21524606691452,-0.16580720867067184,-0.2464572883518859,-0.8630843047571014,-0.19300104888644978,-0.43129271781311096,-1.131840640016355,-0.21304600372706137,-0.6049327789380511,-1.2125363703246792,-0.24020499223103997,-0.7532683850717279,-1.2348871667435066,-0.26823323331271304
C,0.0,0.0,0.0,-0.32283598227667526,-0.07225953546741513,0.07320409637816826,-0.5678555477851102,-0.21625768982874422,0.05954473753334602,-0.7908929405469637,-0.2512626830878242,-0.007621047249607764,-0.9853125728771267,-0.2865217545315298,-0.08494835559595684,-0.49413890958237927,-0.8395687099843562,0.19057273068096578,-0.65033685128208,-1.1171414330352405,0.13297540876895525,-0.8121510655273873,-1.1383321916432265,0.04639547606310894,-0.9486314892597929,-1.0974714843587894,-0.016130744487440198,-0.40204588840904376,-0.912800460425586,0.0717943107789248,-0.5835241403538335,-1.2669218364224577,0.014627389207532924,-0.7739589297817687,-1.2642522328082955,-0.07741320283154314,-0.9251530887398642,-1.1483737217877494,-0.14013289646059468,-0.3128156565892149,-0.919566183429039,-0.06151366581246188,-0.48280203105641584,-1.280389669058176,-0.10083702650360643,-0.683935313497688,-1.2920884307296716,-0.1613917016724948,-0.8422087587136747,-1.2016108889444024,-0.20517080136958316,-0.23430568518997297,-0.8680474217197337,-0.197486976979089,-0.43607116069180907,-1.122171580610627,-0.22594945698406033,-0.6136944235776212,-1.1970411407973607,-0.25347877668447477,-0.7605576190932068,-1.2078154444359477,-0.27740917929245135
C,0.0,0.0,0.0,-0.3351649565017243,-0.09454028167982291,0.15781490504550386,-0.572236482745031,-0.263740837999796,0.19085292700763892,-0.7851613904079314,-0.3051021882375885,0.15132591984978624,-0.9777064254127653,-0.3207764801368546,0.09468953663651039,-0.48252946188995105,-0.83621041965484,0.3113633157024325,-0.6406455855111333,-1.0929679491488624,0.2969640766807074,-0.7937739075937519,-1.1165963963953687,0.23125665375373375,-0.9236326296468969,-1.0784001871582567,0.17534138579761527,-0.3956667260773332,-0.9056263367737801,0.15260661852275037,-0.5914105698812155,-1.2316611566869047,0.1347089410947788,-0.7745083838685568,-1.2358389993057115,0.051601941328497464,-0.9198214532693336,-1.1362337377189349,-0.0149795795138946,-0.318611806281123,-0.9148460701809878,-0.017553360814345487,-0.4944964324508823,-1.2706216985377883,-0.03438760208069699,-0.6870420193868368,-1.285608836191673,-0.0892785117484037,-0.8402879947867036,-1.1983685794924361,-0.1373837071262203,-0.25527954994107155,-0.8781103626780017,-0.18437735347174686,-0.4707429728055175,-1.120276121177664,-0.2028640103969896,-0.6518446359060078,-1.1875216611526245,-0.22691215526659528,-0.7995944812050649,-1.2030214508292014,-0.2542034244048228
C,0.0,0.0,0.0,-0.36157568272310214,-0.09083590702658105,0.21408846991847844,-0.6067432954562347,-0.22640546960812985,0.26943525912584854,-0.8250546565620973,-0.258458054961482,0.23681236958285384,-1.0340713696224575,-0.27817488092836773,0.18132313008291354,-0.4913219099208729,-0.8165062018097087,0.40186344184033623,-0.649165936343778,-1.0802067724653366,0.4070388403796508,-0.803658416619647,-1.113009958519543,0.35010665391074647,-0.9416907619960333,-1.0831176736515316,0.29992951444998595,-0.4068016265600444,-0.8882034197891071,0.2135582396046506,-0.596107262446224,-1.2278341403060633,0.20866378935549168,-0.7932306815319821,-1.2428508491705232,0.1244303228440387,-0.9578596247317942,-1.152058824594924,0.060655474173170326,-0.33765208188109447,-0.9036033815005695,0.014916113743980972,-0.5178320842272998,-1.2501865002885728,0.007264146535447578,-0.7130350232967287,-1.275425233275069,-0.04208719457258956,-0.8784597910333414,-1.2111772050696448,-0.08383050182384383,-0.28310140465016015,-0.8819079168978221,-0.1764712842384511,-0.4925851113045928,-1.1406040676905043,-0.19031141883926517,-0.6702120748104915,-1.21750336818869,-0.20546522443308882,-0.8221605226879586,-1.2523212186463761,-0.22407109620972632
C,0.0,0.0,0.0,-0.3721667522681502,-0.07182274173275242,0.21687102257754795,-0.6086323634937716,-0.19307513324492517,0.28189331481054525,-0.8245255215194819,-0.21375133949901012,0.26099089796324665,-1.0214079991617444,-0.22805376002069078,0.2198869399177236,-0.518733235563613,-0.7946662399137538,0.40431512415070076,-0.6733888401952961,-1.051701617507206,0.41095059182676213,-0.8265261780222761,-1.069660403131256,0.36003592478963103,-0.9590295755305867,-1.0251236812492688,0.31651552297690294,-0.4310625248248931,-0.8758127023235782,0.21711105485502036,-0.6166077078253652,-1.2156104651437039,0.2086992294850136,-0.8170780363519519,-1.2140399084531321,0.13389060351105891,-0.9719314331606159,-1.098927754961777,0.08281298269175616,-0.3614886615432672,-0.8937836820316843,0.019200461886079365,-0.5247451256827534,-1.2438734584747075,0.011160121730132188,-0.7242993478096876,-1.269049901783735,-0.031016140664628714,-0.8837009312919561,-1.195020444195576,-0.06298205040141036,-0.3118281508843405,-0.8635908198892301,-0.17186389886868225,-0.5026647396476784,-1.1180281342008254,-0.1913953983994451,-0.6885555939292377,-1.199912338696055,-0.20949778744770448,-0.8451232929447641,-1.2239605192107899,-0.22513132658573293
C,0.0,0.0,0.0,-0.33867409325493264,-0.04076885863351418,0.1559881622409516,-0.5910692459240778,-0.1580779682550574,0.20626241697288272,-0.8084111526341825,-0.18314773036675183,0.18485491526034104,-1.0030725390665796,-0.19751398881024632,0.14891538297801618,-0.5135142228554872,-0.7835639118258974,0.3459661543532831,-0.6856954414465951,-1.0195572252975356,0.35475168674962787,-0.8381385624768728,-1.006742787543392,0.31271014780830786,-0.9553409909309724,-0.9458390814853451,0.27752388864732297,-0.43841276255891287,-0.8757537176423772,0.20211302694536504,-0.6472155963892645,-1.16410562769942,0.20454380938516245,-0.8298544836071071,-1.1159813887884324,0.14526081142885847,-0.960627589193541,-0.9810046288879678,0.1054080708158174,-0.3706397260301846,-0.9022876657673373,0.045265043763813656,-0.56673834196622,-1.2019981539002778,0.03922275904373926,-0.7547573946364182,-1.1629660646727462,0.003292847784611714,-0.8939265682986366,-1.0464748093085416,-0.02023792973208806,-0.31556976252470736,-0.8731617295506536,-0.10920875654122852,-0.5184912896136876,-1.1123116607075585,-0.12245894783468388,-0.6968275432099492,-1.168573018675209,-0.13494171123726534,-0.8442355212952621,-1.161970339083543,-0.14351602793197013
C,0.0,0.0,0.0,-0.31475252780983287,-0.10682801544761338,0.1161952764019641,-0.5305939030331321,-0.25629721446656345,0.13048537568125662,-0.7359019601622891,-0.2819952248306769,0.08144004011114099,-0.904723446633014,-0.327061951574533,0.022704098904901184,-0.4333646372049547,-0.8586476274219224,0.2688262894127196,-0.5799358129181388,-1.0940898023748729,0.24846293010479756,-0.7239941544077931,-1.0784597557717375,0.18869590047203988,-0.8356744438337924,-1.0175026927828443,0.14109502396031012,-0.3625672401799405,-0.9217630160802418,0.1374697731683489,-0.5580520849870635,-1.2028356477391289,0.1259154491599583,-0.7307796975363338,-1.1721390865560477,0.06292217642631616,-0.8513436823373813,-1.0598564690841876,0.013050922275981059,-0.2954196383693938,-0.9215395430720996,-0.008333736761730935,-0.4961338307426004,-1.2023150684553257,-0.023443222637833983,-0.6892472686639417,-1.181312168590001,-0.05787530822482992,-0.8284100865274874,-1.0803413628712943,-0.08668283341434478,-0.2467890218898423,-0.8674879741798023,-0.15560981925833453,-0.45422799015199733,-1.0636871804451937,-0.16891836431862697,-0.6253818895469413,-1.1308656607227645,-0.18175257356856797,-0.7597822976886969,-1.1544370156400403,-0.19615645059674688
C,0.0,0.0,0.0,-0.31678449902135714,-0.1388370933593779,0.18419909852702773,-0.5161660082382584,-0.3085681631103582,0.22671330975562157,-0.7089605377137804,-0.35249929455160983,0.1889158612740967,-0.8765158981974627,-0.3909609386432871,0.1342613854357431,-0.3802923064123761,-0.8870693418642597,0.3511142450063265,-0.5029486248764509,-1.1425600749029146,0.34771803172264354,-0.6453856730936108,-1.1514794549441774,0.29527284180142765,-0.7590280781160155,-1.1026687092006076,0.24976759474465618,-0.3125118583204338,-0.9326081175356065,0.18049497919831936,-0.47409979790341333,-1.248496278522615,0.17217942644863088,-0.6487220104201761,-1.23558449551314,0.10376361591401291,-0.7671833131706537,-1.1250987759283155,0.05226732061084497,-0.2568049778735839,-0.9207382194117165,-0.0017861704602347207,-0.43512705859815254,-1.231062743930859,-0.01438440984843469,-0.6254500776479885,-1.2236293828301432,-0.05353781878984589,-0.7583530865801813,-1.1318818356191167,-0.08616708712237013,-0.22170522586915106,-0.859934797408362,-0.18001451993578468,-0.4192157615363271,-1.0857224443312756,-0.19174607649810319,-0.594119652843734,-1.1569924622433294,-0.20582786645222648,-0.727697557241232,-1.182674900655371,-0.22369227736596026
C,0.0,0.0,0.0,-0.30299645191189817,-0.1574124220216374,0.11769491261360494,-0.5098555468310965,-0.34652892874377067,0.1271213524607025,-0.7165381272948067,-0.39641739158363487,0.07332478789882463,-0.8795910426353768,-0.44139312828092964,0.00884942224472468,-0.34528151107130817,-0.9152892821449531,0.2547623833784438,-0.4633251638761255,-1.1762169440356909,0.22820446908092792,-0.6008094061553201,-1.1928441110991403,0.16699875719527602,-0.7104463175658121,-1.156446409014522,0.1190216793504507,-0.2773986498433378,-0.9534365566736921,0.11835844483308655,-0.4304942079605735,-1.2752748962016023,0.09221849285839613,-0.5972428431875567,-1.2750977405415538,0.0266273654307578,-0.7161836327734064,-1.1739458890824406,-0.020558642031199826,-0.2211314840339038,-0.9311847432040237,-0.032177029650134976,-0.3905103403687655,-1.25446176256478,-0.05970070106675659,-0.5775323981937879,-1.2709506126444272,-0.09877233494515289,-0.7136414398916431,-1.1953471905027027,-0.12771224403499695,-0.18955014420645094,-0.8573573660947104,-0.18285802321838482,-0.38118887486831515,-1.099662432329186,-0.20366967979470138,-0.544709136732964,-1.1907070678990705,-0.21953667595131074,-0.6720478740505925,-1.230036265634432,-0.2359917253905454
C,0.0,0.0,0.0,-0.30607050085051,-0.1735697978858184,0.10336946902086704,-0.5126241018187919,-0.3647324577091407,0.10447729326000874,-0.7238191908662681,-0.41408677358385815,0.04523899864436629,-0.8857515119498244,-0.46090781383845447,-0.023604293256159148,-0.3320909916028452,-0.9232461875573355,0.2383410203921714,-0.4515963020972509,-1.1852767422575645,0.20684385816203896,-0.5866249696429908,-1.2023756775612968,0.14139743146273617,-0.7001903780313161,-1.17054346978152,0.09057119824125286,-0.2657876197473827,-0.9578684011849565,0.10883504582805878,-0.42649003020633103,-1.2790491682680696,0.07795229317846115,-0.5928765127197506,-1.2850961913317203,0.008358044123315244,-0.715945350396792,-1.1914127927388936,-0.042529767473731446,-0.21182530234491306,-0.9326893950640226,-0.03548265999958777,-0.38957920882638386,-1.255291270178365,-0.06680101630991868,-0.5783695445187748,-1.2771854436415688,-0.1087128336046034,-0.7191479069576993,-1.2047760871869861,-0.13939697927294106,-0.18391354157698747,-0.8561092526202753,-0.18109759274687,-0.3699453775855253,-1.0979430959555387,-0.2031697760366246,-0.5304243643329698,-1.1999037939521529,-0.22079126357455486,-0.658145042114517,-1.2500791604604828,-0.23903796843248912
C,0.0,0.0,0.0,-0.3152431496296149,-0.16969533723104824,0.15608449080430245,-0.5138441637396276,-0.35050300292280306,0.18298960402817166,-0.712320477445522,-0.398179214731902,0.1360484051779621,-0.8775611853497796,-0.4391707104529112,0.07432155663417751,-0.3460753905501862,-0.9077809246382669,0.32337798120789923,-0.4743030472425232,-1.1625847716971234,0.31849424872621757,-0.6147057579284757,-1.1782884863145426,0.2627108605911555,-0.7353585470947157,-1.1497348218678105,0.21428561032782042,-0.27947745447130906,-0.9454004932709237,0.1676611456639003,-0.45062739507544886,-1.2567290886479003,0.16264431948166932,-0.623733292759287,-1.2573504785938983,0.09343424214824747,-0.7480965569705786,-1.1617981999173004,0.03872717602628944,-0.22842614746196765,-0.9261022917048731,-0.0006124182090022531,-0.4099019327500992,-1.2348804690072193,-0.008727541585167321,-0.6007357045398,-1.2478008213229785,-0.04706612448667825,-0.7418882897095153,-1.1715496483149972,-0.08035713374503184,-0.2045618166312169,-0.8548042856308313,-0.16743350307290317,-0.392963094511085,-1.082436029036359,-0.1726845715280077,-0.556232268785518,-1.1745700909897658,-0.18320100894327615,-0.6852092719429693,-1.2191478893703567,-0.19922581390083385
C,0.0,0.0,0.0,-0.3219614501294506,-0.17129245455329722,0.17636908745978577,-0.5199671783991038,-0.3469679169385705,0.20978679741936773,-0.7176861645261021,-0.3931188698567285,0.16434696235669183,-0.889007860398026,-0.4371711821980524,0.10205373823590674,-0.34217561925587675,-0.9061960847069254,0.3476036131886823,-0.4639014690452457,-1.1655827079562098,0.3482724197422121,-0.6053504110282247,-1.1885929674137456,0.29421860171992886,-0.7262580355563841,-1.1660317837222711,0.245646379009422,-0.2789760028677198,-0.9433378759662472,0.17968317002835646,-0.433047004340951,-1.2660253082881485,0.17726586553603343,-0.6114604288603063,-1.2800199375527275,0.10786635856604601,-0.7400051769333135,-1.1868993634049199,0.05307050885483858,-0.23413736488550643,-0.9254023144412941,6.807496622321386e-05,-0.39969798932762773,-1.239461608347071,-0.003079820333859817,-0.5896178727265975,-1.2685482138152393,-0.03855288208863841,-0.731047763547441,-1.2027609179487304,-0.07197261346513302,-0.2152986896652699,-0.8569522863786248,-0.1769623385298401,-0.396529382319225,-1.088030389065381,-0.17932467155839632,-0.5625832989455735,-1.1843644069101524,-0.18670873585829542,-0.6932390930033171,-1.233585875504229,-0.2017437136430766
D,0.0,0.0,0.0,-0.2151809578182861,-0.20421376944547967,-0.1513877489275841,-0.34769586284841736,-0.5167584482583033,-0.23408050686269066,-0.37110110861359763,-0.828497594769634,-0.3213980709026728,-0.2388312625790229,-1.0256445179220677,-0.39690822590486097,-0.28612012904648493,-0.9772579849322645,-0.015789442393148223,-0.31876684929100485,-1.404267567676281,-0.11295532125513397,-0.34727826336628786,-1.6700417225460815,-0.19923671529246684,-0.3343785185346185,-1.8826623855621163,-0.26907439578007725,-0.12352600922128527,-0.9923292676728561,-0.004893829350919198,-0.12878071686370932,-1.3904101458871974,-0.14937546331253757,-0.19110048644744262,-1.285015618078211,-0.23787387384077596,-0.2190267049978176,-1.0957791869412308,-0.26876724796166596,0.0321485675322412,-0.9469580213236284,-0.019392193981076448,0.04164972832002885,-1.3324530238779944,-0.13585955580146694,-0.03181296340970106,-1.266751048720448,-0.17772909297569633,-0.06698011387838063,-1.068890271495208,-0.17754757780859043,0.188144945169382,-0.8392915215911475,-0.051833706931975976,0.1781231756537497,-1.1307452633622743,-0.12952603232866755,0.08931375446038566,-1.1777205696857793,-0.1654749843438584,0.020565383870057824,-1.0740774050724429,-0.17620674508558273
D,0.0,0.0,0.0,-0.23208146731349563,-0.19528539508898268,-0.13489132106630927,-0.37897468717818106,-0.5068907464311629,-0.20690651251690811,-0.4257062829118693,-0.8130213812599986,-0.28538778020177835,-0.3139393072470037,-0.9995562082798194,-0.35136960211390655,-0.293242542792334,-0.9796117964854757,-0.005278702180331267,-0.32817446386027405,-1.3967539368354518,-0.09515956018812492,-0.36022624593186114,-1.6601819075595354,-0.17200233705122045,-0.3525514174676295,-1.8747656679664466,-0.23401536878498738,-0.14080861968235556,-0.9900327121598972,-0.002856829793312326,-0.14547424533750977,-1.3851857872701465,-0.14623906455529537,-0.22861212395470507,-1.2881478815050884,-0.22647539745679693,-0.276273664986357,-1.0968281331320395,-0.24861319263369114,0.006938894549807759,-0.9443744659605332,-0.024304468742188456,0.002576911777729847,-1.3120816328891993,-0.14641160427192365,-0.09355089666700564,-1.235696846811223,-0.17945340814447872,-0.14352872786421927,-1.0415042335697526,-0.16826773482370547,0.1573626643640202,-0.8406838506217086,-0.0619442878486789,0.1372850321124199,-1.1361634995012662,-0.14100625176420994,0.044369894226612416,-1.1724233645811268,-0.1662752212881729,-0.0245194225986962,-1.0669059039704056,-0.16658804775776254
D,0.0,0.0,0.0,-0.24050832250051876,-0.1588135477022282,-0.14219237257511,-0.4258205133282147,-0.4781448644809984,-0.22658421008069884,-0.5049752742278449,-0.784076051775167,-0.3167816392585064,-0.38625988331042355,-0.9927107876819715,-0.3947410947322684,-0.3156708610786587,-0.9713783019946187,-0.03559472710961978,-0.3515868132226319,-1.412681509810885,-0.13660352338823428,-0.3861101020279379,-1.6795547961825894,-0.2114474255223562,-0.38419806722922295,-1.898827893568798,-0.2694816072081504,-0.16835329697546403,-0.9851536411565582,-0.03360759904346815,-0.2251117576532618,-1.4071627287618385,-0.19193933205067668,-0.3146231485723827,-1.2801080001771343,-0.2637369384782126,-0.3488250452174344,-1.0673690842225372,-0.2745578796666785,-0.021774913227393382,-0.9475648071562516,-0.055652626495661627,-0.06479672283786199,-1.3425211905716312,-0.19361692834312008,-0.1724049563138137,-1.22208796179967,-0.21259651866761625,-0.21470033751095716,-1.006182673856018,-0.1859650338094678,0.12953681840875247,-0.8506770663102734,-0.09415438268099945,0.08026720572063134,-1.1675524455524136,-0.18469462160774996,-0.028124299570223794,-1.1808583403484672,-0.20366536392178183,-0.09876314082884713,-1.0629800387630328,-0.19551911550881448
D,0.0,0.0,0.0,-0.24286418763333992,-0.1816559544160572,-0.13972232632056977,-0.41619196519832347,-0.5010726641715707,-0.21588003012973958,-0.4791276567928961,-0.8114431688596656,-0.29763836482706624,-0.36143745340271166,-1.0026972423301335,-0.3660397329992778,-0.3034075319066063,-0.9736348126589335,-0.020815525887055552,-0.3510157836338557,-1.4128110252325732,-0.11961070484222665,-0.3889437232452264,-1.679309120247444,-0.1960063338028828,-0.3814071271398798,-1.8977533280927308,-0.25530561696657583,-0.15394944024244986,-0.987953038378614,-0.015759562414645253,-0.1704286630368345,-1.4179251401609636,-0.1680500947511592,-0.27062060087974377,-1.2958378779988742,-0.23790820262974177,-0.32017038016671334,-1.0827468038008061,-0.24732703064336847,-0.006548011228059216,-0.9478387201295367,-0.03540849015019973,-0.016975837376026443,-1.3535270385108384,-0.16758156189879683,-0.1369692826003804,-1.248960831299401,-0.184278202081795,-0.19020079260918682,-1.0350402660210787,-0.15541050840248277,0.14695082526610667,-0.8474363853303338,-0.07162437583289001,0.1236034595298772,-1.1617757024188222,-0.15856338455733202,0.012366113508155113,-1.1757610516398904,-0.17575064495283732,-0.06534099971400785,-1.0495099170655662,-0.16577396258640942
D,0.0,0.0,0.0,-0.23154377196528303,-0.20228072056023827,-0.1392478390006942,-0.3857326357348851,-0.5036843847954342,-0.21402026714393468,-0.42971494018167383,-0.8075531560430652,-0.2945149269241226,-0.3102223951727072,-0.998560653349206,-0.3623809214247745,-0.32079796233885444,-0.9685920368671472,-0.0029105855054171455,-0.3624113164297217,-1.371065713006052,-0.08944984546312672,-0.39514412458960463,-1.6214561896479658,-0.16713929218882448,-0.3859844745971821,-1.832207645626905,-0.23134601338583619,-0.1670699012478687,-0.9859391555910091,0.0034102154646337784,-0.17978131172384437,-1.3646292528270962,-0.13411472298335983,-0.24988159563504084,-1.2563300086564237,-0.216510961296976,-0.28087109610021294,-1.0739832706378079,-0.24324396872674553,-0.0176557774286442,-0.9461359193393134,-0.014471695798837033,-0.02313733124378274,-1.2972036641385274,-0.12799135730732902,-0.10525761348173931,-1.2197913117064878,-0.16351092638192075,-0.14352608959246102,-1.0320523081966386,-0.15793320290206309,0.1330537555467265,-0.845763771654846,-0.04941443875614807,0.1196140936830009,-1.1243008834560513,-0.12133115599038201,0.03117182347622353,-1.1642502278741373,-0.14922172462052488,-0.033738082296159676,-1.0680998152994496,-0.15428385485936982
D,0.0,0.0,0.0,-0.20220008284816016,-0.19599188720278415,-0.15200192933938808,-0.3417409963407856,-0.4879017311931437,-0.2244606064934942,-0.35698357190289476,-0.7865641921720139,-0.3003819245761322,-0.23610105527642367,-0.999262258293348,-0.3646133829743144,-0.3346908112331877,-0.9596824396663255,-0.0037152909126782546,-0.41309909407839474,-1.355403840734021,-0.09229622794886005,-0.4642200137896142,-1.6044820025865127,-0.17709330187516722,-0.4759674369166827,-1.8014600806398238,-0.2465634408996497,-0.16366511326351746,-0.9864631630356113,0.010205815705621952,-0.19509857182269102,-1.3407287017083775,-0.13215776629026982,-0.2290150234960268,-1.2294610366888508,-0.23464559332107807,-0.2342771521234975,-1.0397376327175136,-0.2774178789478378,-0.002938205123854014,-0.9508674169462089,-0.0007934363182437686,-0.011477045523996513,-1.3047850799534033,-0.12397278448759412,-0.06046437534370535,-1.2402472190643574,-0.18490780016749422,-0.07892093100108806,-1.0390329197181698,-0.19672188843144067,0.1497170914077175,-0.8535076499498604,-0.02819233329645869,0.12942339376938625,-1.1189347460385757,-0.11680649231231173,0.06448429455412451,-1.1534477596700266,-0.16356232856135614,0.018904028044538355,-1.0368896552984888,-0.18016548648453595
D,0.0,0.0,0.0,-0.2322906983447575,-0.19069652351489358,-0.13232993180128705,-0.38307498699578874,-0.49262124930702467,-0.19831321528541562,-0.42313239675736236,-0.8099526872293568,-0.2704240022084634,-0.3034182517182254,-1.0200349683802095,-0.3306823423230007,-0.3529909882646065,-0.9423521939420295,0.002260228990941314,-0.431009649372599,-1.3591825379455087,-0.08294199297766701,-0.47845405925310946,-1.609180605000887,-0.1609466457524541,-0.49131739072930714,-1.8169186771020063,-0.22478072715151778,-0.18748951602631655,-0.9821457822707839,0.015405964686683603,-0.2329002240303999,-1.2990803391777903,-0.11253568699136325,-0.24867561773536404,-1.1362670047217251,-0.186390139322533,-0.24370729407772027,-0.939622070326078,-0.21125280274880132,-0.026160725452314668,-0.9535016260862546,0.00516038784908319,-0.0489907836470666,-1.3033626853331552,-0.1025982628859306,-0.10042384773160096,-1.1744594914807576,-0.11880619814876531,-0.11494175527221716,-0.9620128439022878,-0.10183543538047035,0.13440563580277196,-0.8644028825693465,-0.02173558375482547,0.12042038436167188,-1.1303421978171462,-0.09556091624702537,0.0416994527412977,-1.1388828683822116,-0.11276005531798787,-0.010268565174946795,-1.0224964662142089,-0.10794755315239742
D,0.0,0.0,0.0,-0.2040379906839976,-0.19733551819653702,-0.15377861181747002,-0.3439534985723978,-0.4995201620039164,-0.226283317704351,-0.3601524145990312,-0.8207811690251903,-0.30008647525040527,-0.24300233656831122,-1.0428646752986932,-0.36069221589985995,-0.3214893266494459,-0.9642303622357605,0.0007257445627390001,-0.3941426985747611,-1.3735477411838983,-0.0805948229188568,-0.43547702286191003,-1.6205864795045537,-0.15790492088041003,-0.44821911773078965,-1.8203858867564184,-0.22164824845637338,-0.15348988462359378,-0.9878720848926059,0.02344353233136323,-0.18535979210674336,-1.3088541493817238,-0.10643882269508495,-0.20633420428388505,-1.152119233300717,-0.19139500665715878,-0.21410430348515994,-0.9647487820973746,-0.2231739866232292,0.0035405039174004832,-0.9484754813954996,0.02061788645114426,-0.004204593768029322,-1.298769653659947,-0.09421694919167291,-0.0460808930639522,-1.181892319438446,-0.1310151578027259,-0.06725035838950512,-0.9750496132496458,-0.12661326384922078,0.1547769461293707,-0.8516679590505639,0.000721977759024697,0.14230015660218595,-1.1046711085810053,-0.08350551721486955,0.08728111831156844,-1.1107452371867725,-0.11658996760243859,0.04875233602561376,-0.9962907771371676,-0.12179211668708419
D,0.0,0.0,0.0,-0.20070948051311435,-0.22118225298864852,-0.16817268811121505,-0.30663954765137713,-0.5445455980217767,-0.23106032878736132,-0.271129288831839,-0.8636619759838834,-0.28989893860870003,-0.1462349802388627,-1.0772957518327866,-0.334521592901095,-0.2842629695208969,-0.9916091105517306,0.012405776180120953,-0.3533044109013693,-1.3811914572580095,-0.05392855914189442,-0.39198830293535064,-1.6382958780878702,-0.13096338255096282,-0.403824085535923,-1.8439845506189145,-0.19880907137899081,-0.10877683463737449,-0.9931030864834463,0.04374768409100195,-0.12027431538117565,-1.315025893554859,-0.08081491467105008,-0.13073027553458527,-1.1968443920571512,-0.18903224908410177,-0.14111096508433713,-1.0195908534965819,-0.24033602716173122,0.04611156193415431,-0.9392623563747992,0.05002023872768731,0.05532805228534314,-1.2674756650275885,-0.06358532794289702,0.04137512800951291,-1.1917956475062834,-0.13331093648500042,0.024825575837334204,-0.9903825323998601,-0.15381530130126178,0.19526650097734288,-0.8314815056919017,0.039094759990101015,0.1960533075083953,-1.0846019907038542,-0.047517731158710684,0.16837181525879763,-1.1034633068856103,-0.09845082230631011,0.1349489641467741,-0.9825645781818263,-0.11856756690584148
D,0.0,0.0,0.0,-0.20643553446642948,-0.2265543864893253,-0.17699564429247922,-0.3051943355176271,-0.5467004452768907,-0.24828468519151253,-0.26776173503679973,-0.8693702073020088,-0.316719899266708,-0.13624246891071942,-1.0823347379191919,-0.3725202015590088,-0.27850665055063917,-0.9936076042628076,0.012670818483978677,-0.3347282322299391,-1.4001278831257509,-0.05675275332062133,-0.3652881382685509,-1.66572465796288,-0.13967354853359837,-0.3693027546865757,-1.8765711637512672,-0.21353242018055604,-0.10327985329942825,-0.9936578240501543,0.04446797281595984,-0.1148448134420947,-1.3310860585179523,-0.08879379875197783,-0.11404108494670949,-1.2044828222080957,-0.21191676539222032,-0.11640967896764697,-1.0210163775687873,-0.2740891005125866,0.0531399514371731,-0.943100483449194,0.05057999044362292,0.06467397449565124,-1.2826190900780714,-0.06718127225492282,0.057863366119649144,-1.1996398971456046,-0.1504181991751417,0.04194199834802819,-0.9871743859343354,-0.18084945673952182,0.2059604595160858,-0.8377215701773729,0.03871992945402758,0.21326775642179602,-1.1008319357962446,-0.0480071932251029,0.1894673913804919,-1.1195821396905634,-0.10685635443469149,0.15098229434375143,-0.992673558597725,-0.1350205104202048
D,0.0,0.0,0.0,-0.19185896894968685,-0.2359977180302855,-0.15695614993483648,-0.3007995135882588,-0.5537194707043561,-0.22181240334768584,-0.26672268190249737,-0.8651843052427357,-0.2866163035570553,-0.13497466147898723,-1.05637883574665,-0.3391844971770474,-0.26604940392086074,-0.9970994349871022,0.01752712949721467,-0.32961955748179195,-1.3802909995722923,-0.06028340124239796,-0.3643109473752367,-1.6344209207760512,-0.14449653474504845,-0.3717946668097586,-1.8367198025113283,-0.2147929568570891,-0.0942387127757256,-0.9947481184472946,0.03994052903932577,-0.09165967295485179,-1.337059565708585,-0.09502096850288194,-0.10111187284021687,-1.2126098449315936,-0.20380764997032222,-0.1103382436307723,-1.0255191741850826,-0.25196006134192667,0.0605764974150108,-0.9387467122372908,0.03710896064757112,0.08235669285347556,-1.283003278318927,-0.08489420153690007,0.055965627136268875,-1.2036061462587537,-0.15120920198651008,0.029031561358848833,-0.9990106689199695,-0.16585971981750344,0.2079088300317838,-0.8278492627305545,0.017789918243651864,0.21540938667747506,-1.0887094381690043,-0.07123133083577589,0.18094403634397957,-1.113043838541868,-0.11843771455887056,0.13981514922505192,-0.997945925778644,-0.13465000211246736
D,0.0,0.0,0.0,-0.197794202255849,-0.21704915171007294,-0.12420158960961644,-0.3180344080385721,-0.5262032116298362,-0.18697091024585374,-0.30022778616423285,-0.8216455464476756,-0.2569977731426406,-0.16490706255238738,-1.0124603044392029,-0.3155494633517351,-0.2743424272847713,-0.9879374757001143,-0.0036999310199338155,-0.3164364046335537,-1.3868363879843117,-0.0853846543349839,-0.34198170504838094,-1.6349094554407606,-0.15704597411093696,-0.3379020472372413,-1.8351137098600239,-0.21675028037824123,-0.1062149338337271,-0.9943401357177913,-0.0024662383139805407,-0.10032684970022637,-1.341962761472953,-0.13016836053717062,-0.13857810377277383,-1.204401701800669,-0.20530529857787094,-0.15235015846111827,-1.022602146297597,-0.2329636610229608,0.049172787990738306,-0.9379576490204404,-0.022872575976139193,0.07519842881509495,-1.2946937998772203,-0.1376675342727442,0.01696388644049741,-1.1883243889017931,-0.16418353564555127,-0.014785758742527239,-0.9926193856109897,-0.15625896265278774,0.19420594875763075,-0.8266476832982375,-0.0576485640544483,0.202002243096915,-1.0999549049807245,-0.13796920829895937,0.14315146217867095,-1.0881977332270942,-0.15851996524975104,0.09795938312722659,-0.9531719774547381,-0.1580532851077352
D,0.0,0.0,0.0,-0.20702649803020567,-0.22078104592046283,-0.13801372907963924,-0.33772000631645394,-0.5335278411221588,-0.21350252717438245,-0.3419027426565658,-0.8303975982367622,-0.29471819191132786,-0.21812942788582473,-1.0343548131593912,-0.364848289467114,-0.2772589299347678,-0.987329697608236,-0.029719905871667156,-0.32371562809115684,-1.413835134393884,-0.12680845152960663,-0.3574233988383748,-1.6736216353456181,-0.2094447727299784,-0.3563605522634504,-1.8846127486157276,-0.27613262999106025,-0.11061141995305096,-0.9934977309911122,-0.026969840405191115,-0.11302153533048374,-1.3698917934670576,-0.1697407669921369,-0.17150147850832287,-1.2371698550374655,-0.24953867126900547,-0.1944939834796356,-1.047693190688116,-0.2783854269929882,0.04985823425654884,-0.9343041698819023,-0.04718294286227131,0.0721858061822936,-1.321975296092292,-0.1693462032178069,-0.007676837782356984,-1.2249095914930286,-0.19569932656453415,-0.04774193643553916,-1.019600730398773,-0.18701339843532655,0.20432534098896138,-0.8147674010618972,-0.08369360110941025,0.2149623479462409,-1.110406583628778,-0.16960384075081691,0.12696783334113912,-1.124257220109435,-0.19296898261395584,0.061734570499787415,-1.00074238364687,-0.19444926738598042
D,0.0,0.0,0.0,-0.20972470940110963,-0.20814722511541559,-0.14696859220715677,-0.3500677183303807,-0.5118945001876783,-0.23274772470785932,-0.3750989195713089,-0.8070756193434421,-0.32316942446737795,-0.2427306161363966,-0.997997726940231,-0.40291985078455717,-0.2811653369259643,-0.9874660867663143,-0.03387106685607465,-0.3315766633013849,-1.4091635480976414,-0.13221591265831825,-0.3725105541332315,-1.6680942779959467,-0.21592451739530108,-0.3714132383949195,-1.871763044762316,-0.2835086917255604,-0.11437122100264838,-0.9931132171703114,-0.025403969925925116,-0.1259175649887684,-1.3746347361640896,-0.16652447036599505,-0.18006872688802752,-1.2303999409831377,-0.24701038705102965,-0.1971434864537366,-1.0333492602150294,-0.2756742831558431,0.04652092052867464,-0.9307930312358467,-0.040511355473133684,0.0485414086135014,-1.3183901370884399,-0.16062319944959402,-0.01987740632369298,-1.2099627273658138,-0.19057744234050183,-0.0502492880730533,-1.0033116488299236,-0.18394220746554849,0.20123755512088926,-0.8087718184535442,-0.07208723237968717,0.19647197254536766,-1.1036343826243131,-0.1552327181785077,0.1127472276891451,-1.1099935896047686,-0.18024816422080303,0.050389452266450994,-0.9826009026654843,-0.18307285763837342
D,0.0,0.0,0.0,-0.2173358524872664,-0.1942133757571773,-0.14142309633655037,-0.36581023518986316,-0.5062890212784478,-0.2196019923755694,-0.4010625092842171,-0.8071542391417917,-0.30183305645534125,-0.2862824391204075,-1.0207274959552333,-0.37192804715005895,-0.29826646041380916,-0.9752552741877609,-0.032386780467054385,-0.34818738429949425,-1.3961711267636847,-0.13304711360414762,-0.389708675898043,-1.658141715875172,-0.2156912233525543,-0.39420090612610686,-1.8702267207545162,-0.2810597508716423,-0.14137886982545916,-0.9895424065608166,-0.028597915740548728,-0.15769350707767504,-1.3888190781698249,-0.17534958124097044,-0.21417359995228114,-1.2556405163660942,-0.25303567496947993,-0.2303524812183273,-1.0571973719541143,-0.27599101560945327,0.01483403506019657,-0.9403560734002945,-0.048388872557361136,0.010123733311491794,-1.3268313864848824,-0.17354082127523965,-0.06153107750288916,-1.2251068402195997,-0.20071498120327377,-0.08432472306647824,-1.020653584362763,-0.18934672374356912,0.17301087654577432,-0.8310580669922799,-0.08464733689027991,0.1660515506261911,-1.1357317789819155,-0.16945575126283877,0.07778968847509851,-1.1355746899122048,-0.19086526488529482,0.021190647498324673,-0.9978804099399458,-0.18977676584618672
D,0.0,0.0,0.0,-0.2205577626794042,-0.19503749039385443,-0.13432916080032645,-0.3781598490212743,-0.5078186886710204,-0.21134583383859445,-0.4300915509062387,-0.8027462643843524,-0.29435527670797185,-0.3136961446348381,-0.9999876945786668,-0.36554736132909693,-0.29417443870432075,-0.9768511502587559,-0.034920731675271814,-0.3487561523678626,-1.4021171429608237,-0.13688498934267873,-0.39664623822499373,-1.6640786949308142,-0.21465721118241762,-0.40050532541439854,-1.8775209024655477,-0.27563009264400806,-0.13785367192013953,-0.9897840584431904,-0.03638520014871188,-0.1518227738468118,-1.3999760193912463,-0.1906248092940186,-0.22919307595448563,-1.2354279707653955,-0.26309189622099205,-0.251655853162696,-1.0194962452775858,-0.27818977183227617,0.018786328484164064,-0.9393363763094609,-0.06043318276453531,0.014340079457748522,-1.3308953768484046,-0.19261619618059997,-0.08112458595201098,-1.2051637027115853,-0.21180584214018647,-0.11166204431534894,-0.9899662584008289,-0.19081579310942232,0.17689291795783466,-0.8256517151358506,-0.09997237556475336,0.16529263473432296,-1.13458895473995,-0.18476618171511466,0.06506204817030563,-1.142948446659184,-0.20070436144811593,0.0018645348252200695,-1.0205159949803253,-0.19461017300340228
D,0.0,0.0,0.0,-0.22259862153165183,-0.18198958838580045,-0.14999093081655662,-0.38281375064389866,-0.5029793824611312,-0.23519228970408756,-0.44482547240509923,-0.8090998983311932,-0.32436165347373563,-0.32136952650848777,-1.0137148606886088,-0.4021472824741448,-0.2918087830718923,-0.974425049420324,-0.04187948502332996,-0.3501535545663718,-1.3988785513258157,-0.1457379745617862,-0.4026352528696986,-1.6684290867155749,-0.22673054016498706,-0.407040104862237,-1.884938830272001,-0.2914101614841401,-0.13535592436538266,-0.9900283590441414,-0.039020789683928185,-0.15629384436787255,-1.409128673096071,-0.20070206030216411,-0.24047612370651975,-1.2510940750989739,-0.28383641248025027,-0.26336788539842476,-1.0301150112889346,-0.3044968314515789,0.020412885176447494,-0.9435729503184962,-0.05967488484963043,0.009766443941883675,-1.3338330615670428,-0.1970976293203575,-0.08507200768960277,-1.2144113028068422,-0.2303134494738749,-0.10995012165197941,-0.9959278131236193,-0.21775113702870647,0.178756665434205,-0.8320030497844888,-0.09673143206623065,0.15899266491639624,-1.1412722264878978,-0.18423980509270274,0.05944261179628004,-1.1458590935022697,-0.20931894005010715,0.0006827222021873846,-1.012923991043315,-0.21008050594036703
D,0.0,0.0,0.0,-0.22259894767675992,-0.18076917738276796,-0.14719425762505134,-0.38411862969962457,-0.5016677072075945,-0.23086163704198373,-0.44568434750457675,-0.8132219081696043,-0.3194421553873251,-0.32027298015583305,-1.0147047184951594,-0.3964719646962504,-0.28383221018304694,-0.9734653621262218,-0.041630464657302566,-0.3388759111138173,-1.406842414614527,-0.14867924315726633,-0.38701999711212265,-1.6786026058388195,-0.22863208784736103,-0.38576356069910706,-1.898343772215816,-0.2912008560891597,-0.12862284105822408,-0.9909242688139832,-0.039054554581810896,-0.15591086092391268,-1.4119847975937798,-0.2051603129039797,-0.24576151973429658,-1.2471354478873609,-0.283038522561614,-0.2720529520274313,-1.0192843736260697,-0.297254628021367,0.02566332527569004,-0.9476995205343547,-0.06034588420056049,0.011460701489837766,-1.3410706369306764,-0.20345489505417147,-0.09489652968286706,-1.2086095494142843,-0.2285501971023888,-0.1272636659509053,-0.9847512744088683,-0.2067041174505739,0.18168115007830368,-0.8401085355175064,-0.09803219405817853,0.157258249990543,-1.1508610633345744,-0.18976050257711058,0.04927699136221823,-1.1548676500342738,-0.21155653325189816,-0.01745156820959696,-1.0250288453820022,-0.20720106306946076
D,0.0,0.0,0.0,-0.2231004260315224,-0.18882889275103792,-0.1456977733234697,-0.3779184415513408,-0.509679743952581,-0.22635375839613928,-0.4305968528399536,-0.8225855431841801,-0.31156373294829487,-0.30648755714617015,-1.0271287127176136,-0.3846505985049979,-0.2921351696625966,-0.973042692662535,-0.03237776591213755,-0.3415529566527759,-1.3939929581644566,-0.13499601647662388,-0.3863940596807352,-1.6591111173040052,-0.21518692990433494,-0.3847752600239733,-1.8730885816112555,-0.27887838977656626,-0.13380204316902689,-0.990597866563788,-0.02851105054300102,-0.1476998799935695,-1.4046163997665766,-0.18566870645715416,-0.23103842728838392,-1.256347615361171,-0.26504786522848217,-0.2590169788080439,-1.0432589815718707,-0.28387913557210537,0.022475249624064185,-0.9467129063302371,-0.04863771211486858,0.019977093845056887,-1.336596297815016,-0.18219052910154146,-0.0769003649114493,-1.2236186459022451,-0.2110727975079835,-0.10982058496273532,-1.0120875586998033,-0.19579817124486265,0.180043043246018,-0.8370390643335293,-0.08522119762564226,0.16663919700681087,-1.1419784391211534,-0.170712932168076,0.06703333262220032,-1.1558026841278985,-0.19456148718694916,0.0022137035730892887,-1.0344656406842005,-0.1941838195965492
D,0.0,0.0,0.0,-0.21354542594932416,-0.21343045139519254,-0.1568414378679497,-0.33575487231915524,-0.5208431272342127,-0.22713206812678138,-0.32886156646694964,-0.8336947023464887,-0.2991671519612565,-0.20830267240418404,-1.0481780106137855,-0.3585231692344909,-0.3169088419625685,-0.9670393481607051,-0.008611703380035769,-0.3756605161615929,-1.3714096994750544,-0.09825767038699385,-0.41635085057057114,-1.6252744838843516,-0.18356505530185935,-0.4228441138730079,-1.8319571777393104,-0.25335008818851956,-0.14493597558243665,-0.9894133102714558,0.00740705337143054,-0.15194554783769668,-1.3563237030624329,-0.13651583679193757,-0.18751854570112594,-1.242063110768834,-0.23977108737141442,-0.19903839316228308,-1.0582576618341442,-0.28371459341678285,0.01703604236162898,-0.9500579940701426,-0.0015160296253573851,0.027021603918775092,-1.3055186222040258,-0.12770437751100674,-0.026791439502358058,-1.2360996131788333,-0.18968650833619494,-0.053853521354048396,-1.0320016937102978,-0.20206092731656183,0.17245774034249964,-0.8515437482968836,-0.02736677781630471,0.1774686070059923,-1.1210105151093948,-0.11633485551148402,0.10921269262765182,-1.156986569836746,-0.16289915968875918,0.047393415507297525,-1.0385229470727293,-0.18034732877028922
D,0.0,0.0,0.0,-0.2091527514572457,-0.2123627972050439,-0.14867817279744192,-0.3280549511843068,-0.5199334888503653,-0.2195406574221537,-0.30717403576579466,-0.8161994879291771,-0.29221363330819733,-0.17188977705748498,-1.0113595293062279,-0.352584326555857,-0.3070356127053558,-0.9725565716158345,-0.023149883336717074,-0.3438276919644271,-1.3659252778625548,-0.11407366462044992,-0.3698863144705467,-1.6124786779690086,-0.1978825430525316,-0.369460668908347,-1.8186597195197682,-0.26799299412409955,-0.13085942758621144,-0.9913106498723324,-0.013379299738898611,-0.1332218192915692,-1.350122691615771,-0.15626254504028292,-0.17180869152439945,-1.2179881458839399,-0.24963434155764225,-0.18613751076680385,-1.0318360867893002,-0.2882315099416064,0.0362664139429996,-0.9433431014292942,-0.026690353634710718,0.050361176264043614,-1.3027471317480566,-0.14956028551711875,0.002972565690476405,-1.2201832318191845,-0.1983545747813332,-0.0167487624211131,-1.0202151820383567,-0.20510769996542372,0.19612814701613282,-0.8315447646061183,-0.05650422649151115,0.19974490410534423,-1.1023775053297578,-0.14460350441526967,0.13395715168527636,-1.1289806203997368,-0.18422499274918186,0.08222993022663855,-1.0170750966317696,-0.19838994272905933
D,0.0,0.0,0.0,-0.2049109269116413,-0.2096094306638018,-0.16349252462279557,-0.3217964197540238,-0.5195431469211573,-0.24501653184317473,-0.3021438336280607,-0.8184234953075357,-0.32753842919369586,-0.16668479620858379,-1.0344590290537077,-0.3988190849692813,-0.29646149146792705,-0.978758220232771,-0.04258037939845045,-0.32806806282061607,-1.3914452093134626,-0.13665501518532774,-0.3418742610997308,-1.6436785240068388,-0.22201364479670344,-0.3308141396878662,-1.8520768922902324,-0.2946936451369509,-0.11969278728993384,-0.9923413338064463,-0.030533815516728215,-0.13227899108617663,-1.368375331498512,-0.1806437408105953,-0.1605591167676208,-1.2328140106130159,-0.28288390791861273,-0.1675143924569367,-1.0465042960104913,-0.3297522017717339,0.04777650894236813,-0.940656485395735,-0.04213776376614334,0.05545506707510096,-1.3173350105302253,-0.1737602759572467,0.01876504013967378,-1.231761765371539,-0.2353303475215855,0.0017084279883360048,-1.0273124756579701,-0.2525847730640747,0.20824957252771492,-0.8261695888491417,-0.07080794387785772,0.21339838495774974,-1.1120151676106642,-0.16827943712693472,0.1551096628400211,-1.1349070569448099,-0.21932422414645367,0.10196713887843539,-1.0179167752905949,-0.24355705897899976
D,0.0,0.0,0.0,-0.20209800605159545,-0.21390605020131562,-0.16119118159572474,-0.31541438128993954,-0.5282185252267557,-0.24234488870722612,-0.296084115748571,-0.8274242349276445,-0.3254757784400322,-0.15456996138844248,-1.031226598475868,-0.39792584198639036,-0.27847373367024836,-0.9812454511186974,-0.042791607002265815,-0.30264657000489725,-1.391603194471726,-0.13864545560788558,-0.31275965970807346,-1.648034757353694,-0.22415729875942783,-0.29668219346903263,-1.858830584733026,-0.2960724134927926,-0.10623653455181234,-0.9938072700042242,-0.03257159518924953,-0.11567807153852146,-1.373573611300122,-0.18314652451019142,-0.15010548067877383,-1.2357275211751022,-0.28216297899042503,-0.1590954525858657,-1.0458907644197193,-0.3251726120781657,0.0587200796945769,-0.9417651052739822,-0.04589710438156546,0.07327315844208658,-1.3190924484509885,-0.17570756384690356,0.03205893389699115,-1.2351436573675583,-0.23317002659441202,0.013822702299121501,-1.0309735908259323,-0.24678053157434052,0.21512144909357359,-0.8279223779065152,-0.0765446992300053,0.2332028583784316,-1.125646341854626,-0.16951767811570947,0.16901304631752723,-1.1532987440715363,-0.2155047842791165,0.10994308568959071,-1.0345229142192822,-0.23598490070663386
D,0.0,0.0,0.0,-0.20120679619222995,-0.21035867490818305,-0.15706807474075915,-0.31300000553553525,-0.516782227608623,-0.23568626447651078,-0.2889607506582016,-0.8060010183336646,-0.3161706484257537,-0.1499439898206156,-1.0111590936047146,-0.38549488059483517,-0.28127081059419423,-0.9816384880368041,-0.04446983865340859,-0.3090281784212167,-1.3877202292004247,-0.1384133108998264,-0.32111215365526063,-1.635986785176814,-0.22079663073491423,-0.30708887646037264,-1.843267364367311,-0.2899206952976619,-0.10789470627145008,-0.9935489945922179,-0.034916009270681315,-0.11497404523848412,-1.3664378718016676,-0.18093752443789707,-0.14789351217296873,-1.2240729708009224,-0.2741734108875549,-0.15643760162838513,-1.0388029064987185,-0.3143962174128968,0.05528048804936128,-0.939435418664065,-0.04825146463453239,0.06835920449664658,-1.3091281030254895,-0.17687212265139357,0.024174871911624242,-1.211101212285785,-0.22740337840392555,0.004813863979538948,-1.0077870528318438,-0.2365226776688579,0.20847344672496676,-0.8261223035791969,-0.07844230791691742,0.22391583613991928,-1.1168395868298606,-0.17175118720715066,0.1614917694757021,-1.1252117216724205,-0.21287201047600213,0.10741993850387782,-0.9975301223962885,-0.22921939215177822
D,0.0,0.0,0.0,-0.20863019474970268,-0.18052179463045384,-0.15189150323179754,-0.35384879822618986,-0.47336042711226506,-0.2423637504979042,-0.39402778884804496,-0.7553351667873766,-0.33616538409701435,-0.2821059564749097,-0.9736349782037912,-0.4191466003351411,-0.29199961284110504,-0.9771554729976883,-0.06334111768592786,-0.3393426793775875,-1.4112850129744199,-0.16969164932524775,-0.37614616864009015,-1.676432383769387,-0.2540294265083622,-0.3742032114478976,-1.892145349704066,-0.3215730201272021,-0.1326484405794685,-0.9893665400054142,-0.05965099101901277,-0.15740753753003023,-1.3910474753015858,-0.21139993109638597,-0.21783501937857527,-1.229744424912142,-0.29015249681459626,-0.23421521224563788,-1.027508169610093,-0.3158259332040272,0.02822154920134676,-0.9376117884994689,-0.07874712885694139,0.023762662319391965,-1.3280103374777084,-0.20896104328413,-0.05438428197074802,-1.2024280683675788,-0.23525548689248535,-0.08291591837712563,-0.992321515235293,-0.225283800570472,0.18962792435138873,-0.8196094915807798,-0.1147686741166449,0.17802957882017317,-1.1228298346531649,-0.20443173464935754,0.08058495694731985,-1.1179951392430445,-0.22702065874224142,0.014149733116964582,-0.9865746259277803,-0.22840972746368512
D,0.0,0.0,0.0,-0.2120069616908707,-0.1764499138001605,-0.1544867240404804,-0.36917582832862667,-0.4702235869163426,-0.24899439997775585,-0.4193717388344305,-0.7570417060929546,-0.3466230078486219,-0.3001984339811015,-0.9758831359625256,-0.43340110828624245,-0.29709169354671905,-0.976065553803389,-0.06710054534284958,-0.3461820482135204,-1.4107832780575456,-0.17594611700635301,-0.3864820727094721,-1.6750862102800308,-0.26052922798552564,-0.3837246094512297,-1.88799624175169,-0.3278965706761228,-0.13992192496661024,-0.9881657869235999,-0.06285087483321845,-0.16736915819169407,-1.4019651004165516,-0.21845836651540165,-0.23901945870188215,-1.2397790666982886,-0.29630688533860255,-0.2591282634586123,-1.0300765677189427,-0.3196294798127187,0.018368957958087743,-0.9363149249431154,-0.08181171836751296,0.012028754188747775,-1.3390423323408962,-0.21379756531421407,-0.07287017754241402,-1.2118127656491413,-0.23916923188550662,-0.10169400028353104,-0.9950764692311158,-0.2272682011896316,0.17766933986121003,-0.817232829010218,-0.11790099680349862,0.16147834719966025,-1.1263239636192173,-0.2084572492001009,0.06278037392669969,-1.1204868181971779,-0.2320691134981943,-0.0024523812573917594,-0.9830463621288388,-0.23357372245693472
D,0.0,0.0,0.0,-0.20820858502736314,-0.17483075545803523,-0.1389954529091072,-0.36456997754488857,-0.4754734243701913,-0.2236494863961677,-0.4115922709403914,-0.7674102361699652,-0.31158161755316477,-0.2924079981675765,-0.9626223226472757,-0.3884658791373207,-0.30465391453401575,-0.975720989996053,-0.06637970739228377,-0.3531102680089864,-1.4117963555483795,-0.17855400468231528,-0.39446364942875994,-1.682430412678099,-0.2604912527428712,-0.39455517564428416,-1.9043349940397656,-0.3240600743625347,-0.1444512216442637,-0.9872862291464274,-0.06633058346877416,-0.15838068264582852,-1.4037081043432003,-0.219745184732074,-0.22606594342024908,-1.2283039937186375,-0.28096436203885183,-0.24990465762619238,-1.0142442284748379,-0.2897733681878851,0.016652842028973887,-0.9311236371895791,-0.08815729631556678,0.015694785486546813,-1.3400848375084269,-0.22025383019206257,-0.07117714833609641,-1.1973663404363941,-0.22356692235597023,-0.10316001531581934,-0.9854915535372504,-0.19308006649266113,0.1766995930680409,-0.8132855951780301,-0.12586931089159392,0.1656835112108117,-1.1315501413263624,-0.2172137763008432,0.06711033722721105,-1.1067428400219832,-0.22528660976378062,0.004446135179589072,-0.9632100172943258,-0.211994373431345
E,0.0,0.0,0.0,-0.2564885353276554,-0.1718182367701331,-0.10495372464030513,-0.3928510577662092,-0.5538563187753479,-0.14907534292782187,-0.2824459536605494,-0.8419466128201886,-0.2028793403202321,-0.054738361499625805,-0.776757190665009,-0.23871349356372715,-0.35435123777857397,-0.9212861705451708,0.010565693357428204,-0.37746007040632384,-1.240071968015095,-0.10781964552585449,-0.38974825097015664,-1.2635298466522094,-0.20761307927032563,-0.3750341329091555,-1.1148515992687473,-0.26695379358674964,-0.18668497779512552,-0.9824024109054303,0.00584996690858603,-0.18829203438934092,-1.3569860125651116,-0.11829010860147918,-0.23224428718820153,-1.3210968128920189,-0.20356749829988488,-0.2426068445865295,-1.0878716522318352,-0.23640277116465314,-0.03788323224405527,-0.9734206849387154,-0.024175225235597186,-0.03139698204804314,-1.3235230890496104,-0.10934666537342065,-0.08959509842962411,-1.2706954496568748,-0.13674632556130872,-0.0975694225245508,-1.053894077760094,-0.13056423475775508,0.12187350067207818,-0.9152961707557455,-0.07285659038929258,0.10485039584667113,-1.2014443601611593,-0.13905679396506546,0.06405445819070621,-1.2003321993318385,-0.16974179891703411,0.04674823325162311,-1.0242705474607954,-0.17430339959625774
E,0.0,0.0,0.0,-0.24951382943389608,-0.16855516873158488,-0.10985463164012134,-0.38053683834554775,-0.5465522060633533,-0.15720859285025318,-0.26792260758833997,-0.8349331839145687,-0.21494985090816,-0.05587789811050462,-0.764575006314482,-0.25455572639454094,-0.33991572519586305,-0.9345175072127335,0.003694341651863779,-0.35044247213962304,-1.2736715196851989,-0.11287861778164232,-0.3786615730808935,-1.2392640433705693,-0.20924639318803664,-0.3631118917128393,-1.0527725540924802,-0.2655646600227046,-0.17457445161809462,-0.9846403436712264,-0.0026747817201793708,-0.17070717217121723,-1.397136799934969,-0.12220269299030719,-0.236737219334023,-1.3324114731316612,-0.200873882819881,-0.24326878645727262,-1.0934501072646932,-0.2296788050232119,-0.020883263496990694,-0.9693678556396224,-0.03497870973422535,-0.007316265500983597,-1.3336447331400545,-0.12198508313530153,-0.07919809612860183,-1.2721412668163232,-0.15921185805511243,-0.07828003543957086,-1.052879289457665,-0.1605677271850267,0.14065081194820483,-0.9038669336880206,-0.08615125878157721,0.13036143171209463,-1.201573032196907,-0.14284900226973207,0.07380921188081689,-1.2084917141520954,-0.17240182589054465,0.060076079947528525,-1.0366769065387578,-0.18117413871667132
E,0.0,0.0,0.0,-0.254421295634997,-0.18013730987368448,-0.10755878589470146,-0.3801770886458077,-0.5685235753022069,-0.14995249128918073,-0.2584315666071905,-0.8505358752740815,-0.20037070920758407,-0.045099120433595784,-0.7964224910011325,-0.23288933917119592,-0.3564146133114316,-0.9268904787735289,0.0007434472220082828,-0.3757151050156943,-1.2583101718385388,-0.11414322019907525,-0.3767878651376819,-1.2677092875100462,-0.21065791356221705,-0.35472976645460247,-1.1135178839922089,-0.2686108841477704,-0.18486604751999566,-0.9827626933599958,-0.0014258380489192077,-0.1874065291367909,-1.3683579213968187,-0.11722641469992323,-0.2233112520973565,-1.3168245378541759,-0.1964957538627932,-0.2267717019147168,-1.087099816134823,-0.22835423369297322,-0.02890386604967199,-0.9720481885905273,-0.02842352379690121,-0.019427090724869957,-1.323341860030282,-0.11076004949122013,-0.07041846503046661,-1.2748395005890014,-0.14143563408274432,-0.0740181507942661,-1.060218087980549,-0.14081616623440552,0.13454144337374963,-0.90880657838345,-0.07370493547565846,0.1224642184750226,-1.1890117979613575,-0.13875472462764166,0.08220687873336188,-1.1937295070178517,-0.17171057786489557,0.06598612073548635,-1.0223803748922726,-0.180614627606794
E,0.0,0.0,0.0,-0.25846783357855,-0.16791780981051832,-0.1178801706096434,-0.38028801236908427,-0.5519925733770522,-0.16691888019703197,-0.24962823011214236,-0.8250134070273626,-0.22203254286421398,-0.02676394420157164,-0.7812525180214728,-0.25806397724468116,-0.3485892775130693,-0.9356757235647162,-0.01667263493803226,-0.35631942525951643,-1.2845882265155666,-0.13783859773152618,-0.3546790388347518,-1.2650472965108142,-0.23610762154952689,-0.3462104861568191,-1.0768901217431401,-0.2922269017431793,-0.17699538482868762,-0.984116565728357,-0.013682792418546547,-0.1743148547864173,-1.3773278196001468,-0.13057985892190002,-0.2008849561414569,-1.3046487662483888,-0.21174186165287148,-0.20897414057862015,-1.0609661282848228,-0.2450241470096381,-0.02163808318469447,-0.9652655221833718,-0.03595558313144456,-0.007573271354557686,-1.3209981049754373,-0.12154190732230075,-0.04950732438007934,-1.2581932537393963,-0.15638029269924264,-0.05811311502087268,-1.0336414491743915,-0.1581149291433245,0.1415433996247429,-0.8967565159556387,-0.07637354943593729,0.13358036321404748,-1.1781137472085346,-0.1466422455447854,0.10210204084383892,-1.1738367284063878,-0.1832473819732799,0.08454297488861197,-0.9997459827512412,-0.19361775766242412
E,0.0,0.0,0.0,-0.2479634002322675,-0.16404794868474293,-0.11618712498687786,-0.3832145317639759,-0.548377707681604,-0.16685083766552264,-0.25831271804435013,-0.8317647430119771,-0.22415677311823362,-0.04005999856883247,-0.7360424737044401,-0.26274083423979483,-0.3417133968829925,-0.946168375288475,-0.008927819514803773,-0.3312333972573968,-1.2969176809395633,-0.1218052426838945,-0.33992407876509884,-1.2541410915586917,-0.21713677336902734,-0.3350208971220861,-1.0657738255609528,-0.27700512350292184,-0.16759658492160215,-0.9857967829636354,-0.010774387275538574,-0.15044567644341958,-1.3920826775397366,-0.12779660610621307,-0.18894681143157974,-1.298785408145565,-0.208805864575745,-0.20340908364217908,-1.0594665530590113,-0.24303739744371197,-0.011070681422675067,-0.960214965695743,-0.03744941828278433,0.013660681330145764,-1.3234210890836222,-0.12291443298517711,-0.036069089620500996,-1.2306974560325934,-0.15606056816464786,-0.05109795271994946,-1.0119074638489973,-0.15843521296617588,0.15160294912934805,-0.8803290594588059,-0.0825950239142486,0.13948794956216368,-1.1640470038682664,-0.14771842357631235,0.10326431449263845,-1.1330804140654755,-0.179858038905378,0.08805795139953128,-0.9587097384767909,-0.1912619447479666
E,0.0,0.0,0.0,-0.25222680278641085,-0.15868365213273408,-0.11046791909428803,-0.38806335679215925,-0.5373909580430355,-0.15897459254126686,-0.26752966713557197,-0.8183326224024952,-0.2153048284112278,-0.046511906562705194,-0.7315127112407657,-0.25203071765607143,-0.3494336990832641,-0.948023447753962,0.0003915156444100477,-0.3442138174136562,-1.2902218414806874,-0.11762241515611685,-0.3623742110172623,-1.2493070048195019,-0.21210541367916394,-0.36134210391501653,-1.0575279001740736,-0.2676599858763178,-0.1698747425284257,-0.9854539846658843,-0.004797494870467186,-0.15056096923805995,-1.3772448900857226,-0.13040519356294084,-0.1968343183182688,-1.2979781263540644,-0.2100819559767213,-0.21253571675077434,-1.0583181658166794,-0.23774510920894903,-0.011878379897868878,-0.951342844936662,-0.03578866618354071,0.013690900711290012,-1.3033016878734887,-0.12680871080875727,-0.04338673317106422,-1.214014102458208,-0.15344543059567917,-0.05733636436730357,-0.9991451199469703,-0.14559175527514007,0.1543593579441203,-0.8705595874740903,-0.08468487942824995,0.14140266069420057,-1.1430452452588096,-0.15304456547498732,0.10202613275495306,-1.1192469666091862,-0.18143422534715523,0.08849872719145062,-0.9515405872746604,-0.1845713617983904
E,0.0,0.0,0.0,-0.2499435175040934,-0.1887524719067365,-0.10360749859955908,-0.3805396041670475,-0.5449971024000774,-0.15244627307008737,-0.27216526021427057,-0.8281812642554324,-0.21249966124341368,-0.06581243867392152,-0.7468237892606108,-0.2540896190175831,-0.33155070558182126,-0.9406254098064561,0.010407236601099367,-0.342129150540795,-1.2719969388801067,-0.10184891094011271,-0.38091746247415176,-1.1967872593668987,-0.19452193526482328,-0.3717263880221149,-1.000318403712082,-0.24947259195086946,-0.16828597855951252,-0.985737291643999,0.0013495490436201212,-0.16471673715561103,-1.3915842167559176,-0.1073071391093674,-0.23460736923892142,-1.2989366938978366,-0.1746736292215015,-0.2373310789688225,-1.0732223764125517,-0.20047021260146047,-0.012984173088298481,-0.9671024811828339,-0.03390933242128725,-0.00367901536586937,-1.3209896931623442,-0.11902733108276792,-0.0759824065554074,-1.2404435021798346,-0.15094418140170862,-0.0740341455361843,-1.0286804573155568,-0.15221477532048805,0.1496611475494354,-0.8947603062174766,-0.08704415427001941,0.1387515662589057,-1.1879468265371806,-0.13886456617253895,0.07591186998067184,-1.1777017859668284,-0.16118375028439055,0.057479823821158134,-1.0067095617168187,-0.16864071083025298
E,0.0,0.0,0.0,-0.2482557885365371,-0.16843626411166374,-0.11069087472943916,-0.3824201360911836,-0.5411598649599666,-0.16031263769200688,-0.2898987450315966,-0.8337140361177429,-0.22160281010251479,-0.07701299750231021,-0.7731921748328584,-0.2629125018064839,-0.32357636312196714,-0.9425756975918346,0.00031982562488152243,-0.35138971935580543,-1.2731894099351029,-0.1272166577954913,-0.3965310235270098,-1.2369296836788506,-0.2253817252857858,-0.39322584047703485,-1.047743731822449,-0.2808561913639493,-0.15479982847661242,-0.9879066414872714,-0.008802318385009746,-0.1451951756775668,-1.3922307532109623,-0.13798889030002864,-0.22944644181161028,-1.3311900263608916,-0.21350825466763698,-0.249939516695305,-1.090109763201602,-0.23827424505403885,0.0019582005229606342,-0.9629571505808447,-0.044935749424319646,0.023115366931662756,-1.3239185061542154,-0.14375007814907448,-0.06654591869591243,-1.2579996675129677,-0.1668403007802504,-0.07844175775427235,-1.0358988863454504,-0.15518171699646074,0.16707894187229969,-0.8861826714429657,-0.0999554333888735,0.16327721763607536,-1.1838098814690576,-0.1672888592388768,0.09007534410848923,-1.1794058689884617,-0.1908363497738828,0.05799920646501381,-0.9989943380281152,-0.19164916278646596
E,0.0,0.0,0.0,-0.2474687498301327,-0.13234291847859736,-0.11131770359036293,-0.39017368774056144,-0.4966652536152675,-0.15623281667501188,-0.3099793999896917,-0.7903805811457222,-0.2121199259925653,-0.09856376400735896,-0.7457588697472093,-0.24645078290715666,-0.3226248615310978,-0.9405126326204019,0.007512901902682934,-0.3533467828788857,-1.247300144677856,-0.11688837214088366,-0.4317596206990662,-1.2031774621041618,-0.20847381514899607,-0.4415095297148966,-1.0175138470974072,-0.25940286269383594,-0.16190581278384888,-0.9868061498491392,-0.00036111870573056595,-0.1541366096261473,-1.3664753400943461,-0.13343764520387738,-0.26536527477758937,-1.3040232458111436,-0.2015564281177444,-0.2923749432190411,-1.064942684536148,-0.21490679750774772,-0.01261132370255862,-0.9597723004385038,-0.03618315769861764,0.00242900206132706,-1.2990550049172112,-0.13792447441291703,-0.10259131778638349,-1.2316147560007484,-0.15302949019607703,-0.11215583937180612,-1.015527688667796,-0.13079646699138034,0.14759542039365303,-0.8808769100421149,-0.09097613742769362,0.13537739304281624,-1.162276538071697,-0.16314501783664698,0.05514730797482172,-1.1542062581408268,-0.1853949025259827,0.028734577576549902,-0.9788572489008377,-0.17993846386634502
E,0.0,0.0,0.0,-0.25107548887516823,-0.15444910909199924,-0.1045722953797078,-0.39741481682257196,-0.5081184042535148,-0.15012735460468907,-0.3181009909160028,-0.8038321479914614,-0.2078384922633041,-0.11965222110807396,-0.7521752809695789,-0.24665692290006763,-0.32063395193086697,-0.9395749823030624,0.00797416863519611,-0.34666070731295767,-1.2717196905566048,-0.10415640752419397,-0.43431475959406796,-1.2026652908437183,-0.18800771481703246,-0.4371343247604611,-1.0171898014846494,-0.23595001945748045,-0.16681364050040984,-0.9859820723267874,-0.003544346649792729,-0.1639831397225116,-1.401276955698025,-0.12375577148325131,-0.2819806661147231,-1.3084099201949668,-0.1816087445926503,-0.2963359344675377,-1.0788190348982063,-0.1923596183064975,-0.015744774489678807,-0.9612457191022961,-0.041648708464550585,0.0001043439597776396,-1.332063078317356,-0.14042534557713837,-0.10689469116119953,-1.2480927323367799,-0.16649545895015744,-0.10869997836049651,-1.0293242294009741,-0.1562983144813748,0.14473942520168653,-0.8788199143341927,-0.09717842657268054,0.13635727898304262,-1.17944397546316,-0.15955499084826658,0.047389016806785374,-1.1745003955871447,-0.18231285273498718,0.021486654005564945,-1.005174753993922,-0.18482818577193041
E,0.0,0.0,0.0,-0.2602856948830895,-0.1477774058093979,-0.11081560894259665,-0.40510892334270804,-0.5105988444696342,-0.15437698375381392,-0.3232743884244108,-0.8117573228058246,-0.20927038451306904,-0.12007430456157837,-0.7549238976568902,-0.24397275579024275,-0.33813094807384414,-0.9294037891706628,0.01466638729260314,-0.3673335447551552,-1.2594454580410361,-0.10111261750121721,-0.42528357337441447,-1.244569457233404,-0.1916780173028038,-0.4235872499437931,-1.0805773566269665,-0.24511819148670966,-0.17387908283949793,-0.9847447484574319,0.006621550906285587,-0.16860976010829942,-1.3884872988736356,-0.12197134642222296,-0.2610923381927556,-1.333472226120061,-0.19897073074612673,-0.2767113866569632,-1.1042191230411513,-0.2229906935895064,-0.023960513539001024,-0.9735688284195061,-0.028413938987473096,-0.009411277960979179,-1.333072309413839,-0.12597319076258465,-0.09926897017746143,-1.2748519718096822,-0.1533169738245165,-0.10327538648511136,-1.0606893813009013,-0.14346831099296214,0.13663311884243945,-0.9078700154578823,-0.08248952566563598,0.12565226940881202,-1.2010571795844174,-0.14947295159820392,0.059421845115654445,-1.1969035816271278,-0.17763235714880043,0.0404200351248814,-1.0180594246903878,-0.18139202451920022
E,0.0,0.0,0.0,-0.26082048388790086,-0.1554160465008885,-0.10783712148761057,-0.40369967859165884,-0.534564270911981,-0.14868380727533775,-0.3157671184872008,-0.8248322145645532,-0.2000609889314441,-0.12937676568755507,-0.7420222841038364,-0.2312786322631071,-0.3147953686283717,-0.9514046177398205,0.013668270387101958,-0.3227918029816628,-1.28899190754099,-0.09718434397226697,-0.37486242835721406,-1.2377854517313664,-0.1830213893268462,-0.38010652673330897,-1.0455580964618598,-0.23346027462709018,-0.15048300507824366,-0.9885870564738058,0.007106120958543865,-0.13522600321121933,-1.4017306534416851,-0.12044012248891868,-0.2160902294400792,-1.3091708180339552,-0.19634703008251947,-0.23136222200365536,-1.063853580249084,-0.21899856503549506,-0.0021546921779027847,-0.9639348559943546,-0.02600137101817166,0.024199613714438552,-1.3287513131476574,-0.12287769517316817,-0.05579691572577538,-1.2612775266137015,-0.15955036755510957,-0.06656089720423448,-1.0424523768585967,-0.15639220807034251,0.15619732633294167,-0.8890574289751638,-0.0766644020218549,0.15974769645010192,-1.1850734229496755,-0.14488821250998898,0.09849196266526895,-1.1850886340976474,-0.18221767856282028,0.07273618237790062,-1.0098337234189578,-0.19379234258145897
E,0.0,0.0,0.0,-0.250726521521506,-0.15978899681536626,-0.11548249983330351,-0.3809285750722515,-0.5297581306737926,-0.1679221004342551,-0.28488648312733017,-0.8177714360426092,-0.2295576792615071,-0.08141600815136499,-0.7452905428366514,-0.272243509960544,-0.30238493352712764,-0.9593360547049335,-0.008867674381423662,-0.3008505812834633,-1.2920268938262072,-0.12886596291881347,-0.34108656906741847,-1.2401593014395156,-0.22638794892156247,-0.3437948128772739,-1.041344123872438,-0.2852891499956685,-0.1308655101600076,-0.991252932203656,-0.017083402711852057,-0.10869783150388408,-1.4005278432752757,-0.14973751498507826,-0.18468951593385396,-1.3126567375268068,-0.23841862332777847,-0.20147488108038936,-1.0640368213414029,-0.2727144106961288,0.021560598445089375,-0.9585720347907242,-0.05050125249765043,0.05064472518497411,-1.3221933821112217,-0.14530512473955112,-0.025451440600785098,-1.2552541364824308,-0.18699065529165096,-0.0351314205451736,-1.0367680581583574,-0.191190179994594,0.1800675219571243,-0.8738502800760837,-0.10215100533882418,0.18082283509168454,-1.1679975117076977,-0.16538278175393556,0.1266418513522247,-1.1683614550970305,-0.20083925087122817,0.10621356960050198,-0.996155284485087,-0.21389925709277371
E,0.0,0.0,0.0,-0.25340083532702634,-0.15888124708683093,-0.13199276040413904,-0.37674992445586525,-0.5389086640713836,-0.1873626523699431,-0.2589993601222326,-0.8382220703938855,-0.24807447610175642,-0.05319311098720532,-0.7550847929954879,-0.28809656027695385,-0.315387349925133,-0.9563204384592158,-0.01964424867530653,-0.3072843904205649,-1.297667908486487,-0.13512757646881016,-0.30969051481146587,-1.2628144221807267,-0.23166370090118454,-0.30848456113606065,-1.0817625460067148,-0.29336932887511735,-0.13455563929624562,-0.9907755201340706,-0.016082556906180205,-0.10564476390030467,-1.4073489718693133,-0.1400460355053779,-0.14182936365665344,-1.3110366660571848,-0.22892281025516753,-0.16432466463589418,-1.071805941316882,-0.27028775451826964,0.022071079563025224,-0.9622132746069572,-0.038224982768958964,0.05364149691447107,-1.3276130043019503,-0.1263292934854852,0.00805772849670484,-1.2431438905829755,-0.16158889073256588,-0.014319228338674406,-1.0280939931012387,-0.16658889208553554,0.18115782826092452,-0.8803724128996914,-0.08050950801641407,0.17719484844868347,-1.1755904509348822,-0.1431309735408299,0.15043957135899436,-1.1585494105545349,-0.17866996003853644,0.12752831033483736,-0.9896916282196115,-0.1949780747923227
E,0.0,0.0,0.0,-0.24167887258333492,-0.1515925590602557,-0.14359445145334845,-0.34560132213591754,-0.5382057804920138,-0.19540711118462184,-0.20176939442062916,-0.8283385288193688,-0.23996329052318616,0.0003867152144005587,-0.8036224927336842,-0.26479572632828335,-0.27645398959387835,-0.9558669877302692,-0.046399658866659456,-0.26920605330622777,-1.282147077781294,-0.14717120153298477,-0.2542513098789424,-1.2450167617569756,-0.22727501417697157,-0.26291690942987334,-1.0782049211008342,-0.27394920524765937,-0.09568227574053964,-0.9952208674835816,-0.01950197513942176,-0.08724630663083749,-1.3765102704607113,-0.10241231604431028,-0.08126401922944992,-1.2727661623421023,-0.1548998260022267,-0.09262443682889024,-1.0728450248274142,-0.17791950986291669,0.06345698295000998,-0.9612090401095302,-0.01818330343856447,0.07434292847852919,-1.2893278313198973,-0.0972462405392776,0.06009648039098304,-1.2018153288909474,-0.12562669824195294,0.03232319043935925,-1.0121450697864247,-0.12852630666591489,0.21953001707373157,-0.8670989772073654,-0.03421085310702203,0.21011000107957897,-1.1456163255132787,-0.10474128550874734,0.1902609602565242,-1.0995954598624817,-0.1359074871140492,0.16201280820350586,-0.945240022436104,-0.14554446974749655
E,0.0,0.0,0.0,-0.24935404869933656,-0.1382735124713097,-0.15091360803690507,-0.3771125402728427,-0.5020181729806328,-0.2086666557032886,-0.24861199897714653,-0.7828180360661658,-0.2625127889383104,-0.024298876333403982,-0.7439113506321248,-0.29530069578562795,-0.3339896325762194,-0.9448926416135319,-0.048323303781365165,-0.3327620370093189,-1.2668502959128494,-0.1645738366975971,-0.294925113426434,-1.251770238313517,-0.26503290099151483,-0.2888339653757238,-1.0840023451625154,-0.32850522871869015,-0.14583835334777942,-0.9889448218099346,-0.02682003184421828,-0.13978401389256026,-1.3692570118782637,-0.1332747749054657,-0.1243881925041593,-1.2797533467113196,-0.21943668693608445,-0.13564005981484262,-1.0674339483852908,-0.2669990533183369,0.009820957250363641,-0.962589867438342,-0.030149460243849808,0.017201947864537763,-1.290894210090051,-0.11214195570628362,0.012244157667664566,-1.2032697104447467,-0.1433283875323035,-0.009581219591772711,-1.0074140645642584,-0.150151046194911,0.1638791903022258,-0.8733351902576515,-0.053493914749141586,0.1448986742293796,-1.1637769782102436,-0.12598372204735558,0.13831128464259893,-1.1179270546471485,-0.160554774088023,0.11200682164283177,-0.951070896916399,-0.17378847592164398
E,0.0,0.0,0.0,-0.22874131743229453,-0.1288677278848565,-0.14579899454489148,-0.35585967602863106,-0.505927293226378,-0.20582661950148368,-0.22898610655239957,-0.7856915410730397,-0.261335616992495,-0.012896932094153137,-0.7237816238283864,-0.29666100397681844,-0.3052922428199222,-0.9474263872054439,-0.06051775248074077,-0.31308175578787767,-1.2792758350965492,-0.17703673521174007,-0.290235854656375,-1.2217860515919414,-0.2724643748676194,-0.27661226290181906,-1.0476343794924488,-0.3332420263519689,-0.12850156570709698,-0.9908019792128878,-0.042412092599269126,-0.1257340371193237,-1.3806901288517501,-0.14647973302931105,-0.12843721105602232,-1.253443989591808,-0.2105037771744466,-0.13891847570658958,-1.0384330573465885,-0.24115511742492826,0.026351047314493767,-0.9625173207228147,-0.04947633886463724,0.027252383884956398,-1.2958810994870433,-0.13500986300114204,0.011960121531323234,-1.1874566990935689,-0.1593821440908717,-0.004842478549695489,-0.9931870944483877,-0.16170049021508348,0.17823452432048573,-0.8726085799318225,-0.07614940320212199,0.15343077454741463,-1.145328918697222,-0.15055161570750744,0.13829303764744413,-1.087841642516682,-0.1836869247664601,0.12169269504123145,-0.9320325317951359,-0.19820567764516347
E,0.0,0.0,0.0,-0.23820029450750574,-0.10436927100930049,-0.1557676966615656,-0.36721491368403486,-0.4805715464517345,-0.21668520350597,-0.25378465579637854,-0.7801895384623501,-0.27482259514367846,-0.03879449157284412,-0.7427500322702464,-0.31059312369666253,-0.322098761651119,-0.953902156746913,-0.05739929178958984,-0.3198709410341747,-1.2962091260025406,-0.18491230658647767,-0.29326716467609953,-1.2543356885478176,-0.2868704493083777,-0.28214382491834294,-1.05686547113858,-0.3495366117462394,-0.1361207647288567,-0.9899853560817642,-0.03741833979873592,-0.11329527850106912,-1.4071265019113692,-0.16066231587429827,-0.12648701217371003,-1.3054111333029672,-0.2449069626684769,-0.1489423905869464,-1.0670982301183995,-0.2845842949425446,0.020505162255000316,-0.9580695273188176,-0.044286436695985795,0.0491738400543209,-1.3162047646709691,-0.13992628459330572,0.01898980626040561,-1.2257187371148255,-0.170932571750147,-0.00545637651822234,-1.009655156398795,-0.17276999044896227,0.1817998657559025,-0.8649254441498804,-0.07196481238602424,0.17324311655807026,-1.156925879198008,-0.15536269950731693,0.14836046896575064,-1.121130572960423,-0.19763122304244835,0.12120318273148864,-0.9491140697790663,-0.21470239879303524
E,0.0,0.0,0.0,-0.23844788624095334,-0.13813253011714963,-0.1355846563231362,-0.3698527030921938,-0.47933458467904777,-0.1960037708825229,-0.26659179375093245,-0.7550942871715209,-0.2596623161746527,-0.06193177569792205,-0.7250771439298422,-0.3040559419309825,-0.33492233908974656,-0.9332930176702747,-0.037404134066378034,-0.34964152885039423,-1.2620192835272557,-0.16599384374363577,-0.3676278379682345,-1.2445484761935046,-0.2651916491750454,-0.3518379906560173,-1.0851873243955832,-0.3238445707032479,-0.16625190748856564,-0.9855348353243791,-0.03288451943639242,-0.14783715091296548,-1.3900290738702246,-0.16633376137801004,-0.20646178439603935,-1.286064905744444,-0.2427630795131347,-0.21936666608867847,-1.0473713492435957,-0.26909018905382254,-0.009962371687860374,-0.9624586146732632,-0.05486860425554514,0.008232351389200181,-1.3164481566932487,-0.1628418707934482,-0.058912170971945,-1.2249278696485397,-0.19812039446460836,-0.06737156447070283,-1.0007658381264748,-0.19629202306528074,0.15064585177843953,-0.8752170846550594,-0.09558116456643018,0.1321752107518272,-1.1501210910733712,-0.17532771132206218,0.07980391823102134,-1.1331495550560884,-0.213475754002991,0.06263946097361066,-0.9665328309203212,-0.22650976474270895
E,0.0,0.0,0.0,-0.26158239527613913,-0.0930510307057092,-0.1274272576363619,-0.42597748567325233,-0.4347397520950985,-0.18092898233385646,-0.3523432120900155,-0.7293469917226385,-0.2409742662941891,-0.1535074815023488,-0.7017277316260533,-0.27904120338273475,-0.3580086936542839,-0.9305736576507841,-0.02252795786731794,-0.37686149060199603,-1.2668530976686911,-0.15338970985596284,-0.43371355241494475,-1.2221630508576813,-0.24910037884420483,-0.44286031897011435,-1.02412329949612,-0.30220131611062867,-0.18761787924471265,-0.9819567846152252,-0.023672864969090227,-0.17958234605302795,-1.3890486989011266,-0.1632146350240091,-0.268742411272351,-1.304320577266374,-0.23825448741452948,-0.29004759563486476,-1.0555601822781926,-0.25677399429085385,-0.032359363351418015,-0.9598606171302093,-0.05233691649636364,-0.02115789922828337,-1.3084236773117637,-0.15950316704983677,-0.10826976181432586,-1.2306151591678236,-0.18303376584044634,-0.11475450444749202,-1.0069009309983659,-0.1669953489941256,0.13642480406134777,-0.8820445049087919,-0.10025564842264797,0.11289895156916148,-1.160053489300724,-0.18020504692171296,0.04777514078615572,-1.1512455584919419,-0.21184520866915177,0.02971302719472948,-0.9820109423782869,-0.21307237661675527
E,0.0,0.0,0.0,-0.26194502288314003,-0.11068787616029077,-0.11496833725758433,-0.43246620402184993,-0.4505256184272507,-0.1688663297165234,-0.36825371708371,-0.7452445849117757,-0.2312776661994187,-0.16415702265978724,-0.7043882156495112,-0.2733529949606417,-0.372085269601165,-0.9220211812629485,-0.01416180712689854,-0.3970552362088172,-1.253506081374973,-0.13656207515986474,-0.4555290444033339,-1.1941452329368163,-0.22689191948284487,-0.4476766684179003,-1.0011531207874655,-0.27841066384923213,-0.20801721870484483,-0.9778666152783768,-0.022488206827392308,-0.21133141689399157,-1.3831046793117083,-0.15654784666739147,-0.30126951256978485,-1.281792820586224,-0.2247088932598375,-0.3061361856501687,-1.0340180956838791,-0.23939170566977097,-0.054841412379081626,-0.9625770648703558,-0.05710326223235571,-0.04903600481285816,-1.3165558597699343,-0.15826720797549057,-0.1381140401084702,-1.2249202981809577,-0.1802359994472355,-0.13600219644506537,-1.008029484765792,-0.16567701637245147,0.1073411373724686,-0.8936274493870653,-0.11001853633453985,0.09057366711574524,-1.175555489154268,-0.17752517964531633,0.021781605796927582,-1.1520072171836828,-0.20110857950110153,0.010284270853532325,-0.9784329864578545,-0.2008062016516218
E,0.0,0.0,0.0,-0.2694093551632696,-0.11026181498633089,-0.11040423327490648,-0.4445303563003914,-0.4555463187538777,-0.15917358803756326,-0.3922279795750117,-0.764707759538094,-0.21769768899504408,-0.19584568728529841,-0.7138654867118747,-0.2569304116219059,-0.3751386241170112,-0.9219868545468388,0.004185590371805739,-0.4010199329643536,-1.2469282042118637,-0.11337357817431222,-0.4500724010109571,-1.2005836779949457,-0.20328984725485902,-0.4422153010109681,-1.0176911561042288,-0.2556879355360565,-0.20703322876840954,-0.9783230206157512,-0.0046162234564658235,-0.20814197413999255,-1.3757228673502815,-0.14034504992173877,-0.29032433423033155,-1.2696989072077909,-0.21548947634585136,-0.2954426880773016,-1.0188102046283258,-0.23388178634361775,-0.057046032250301415,-0.9624464933965693,-0.03958108240429259,-0.05074723150098597,-1.3179612916712873,-0.1375904679284397,-0.13723315531599578,-1.2156208136868454,-0.15756172290723663,-0.13863753808421175,-0.9956146542925006,-0.1408289038366229,0.10575975787444704,-0.8966814708982003,-0.09270977130422517,0.08804422306568335,-1.181008319023153,-0.15932155129541758,0.02287909636574523,-1.1519797124853395,-0.18294522127340654,0.00920281787939942,-0.9775071791513587,-0.18143312850773305
E,0.0,0.0,0.0,-0.25538012714772257,-0.1257255051640226,-0.11458240169771215,-0.4188069532289374,-0.4700018224436258,-0.16725975363608533,-0.36470539773074806,-0.7749707655557535,-0.23009509371477072,-0.16535055791101724,-0.7432112183580438,-0.2733062369015957,-0.35328600591418047,-0.9305630436471003,-0.00257312678286869,-0.37584908027653613,-1.2572128745626312,-0.12294335805320106,-0.4383885445199393,-1.209316647576678,-0.21565463885994396,-0.4376796371861791,-1.0267899422951186,-0.2705230692024794,-0.19014839407932974,-0.9816922579035623,-0.011130992824434431,-0.18845009145736139,-1.3854860414284613,-0.15082701621481123,-0.28212351087562787,-1.274404916250592,-0.2316566065167319,-0.2903598838313495,-1.0237947464793251,-0.25518178053395074,-0.04044989510192666,-0.9645097735829382,-0.04546828681649643,-0.026781820966107397,-1.3335405033401282,-0.14876465061641228,-0.11882986463056198,-1.2376542417301228,-0.17923627763772854,-0.1223087463411367,-1.0116124274266591,-0.17040445212871017,0.12064098574087492,-0.8938380285802419,-0.09776544122828149,0.10744267698654213,-1.1804181813987644,-0.16632045661307443,0.041050970399865785,-1.164920806377807,-0.1971448491793227,0.025200699978441748,-0.994370313444608,-0.20273154592535972
E,0.0,0.0,0.0,-0.274083167350455,-0.08419267131096173,-0.1173155074510553,-0.4669320579939238,-0.43952890225384433,-0.16805758938074544,-0.4297918970649497,-0.7453506770570807,-0.22998380653134057,-0.23003655863907604,-0.7387130760835772,-0.2714371772281837,-0.3889526631749464,-0.9126377426749297,0.004667393032463536,-0.43490192990498433,-1.267174775192315,-0.127682872030339,-0.5275372547802984,-1.1996337626187077,-0.2207965066901645,-0.5294098969704938,-0.994980445622953,-0.26747883984953424,-0.2371021550947021,-0.9714821548189091,-0.002234036225563956,-0.25063065608334867,-1.4063892673129808,-0.15259251410683505,-0.37665761838906686,-1.2887727833310316,-0.2251139947932957,-0.3876719158467582,-1.0260334397277326,-0.23147258622460942,-0.08647668150995795,-0.9641230942562172,-0.03876831545969404,-0.08809775218820932,-1.3612408185675298,-0.15854825371089484,-0.20525600891836024,-1.2659788927604307,-0.1941948302546338,-0.2047379659508466,-1.0291440728861463,-0.17775573864781144,0.08143812521108502,-0.9060200082929274,-0.09287318914991172,0.06364392152120263,-1.218989005329914,-0.17452651327504962,-0.029957524336460872,-1.2138620211047397,-0.20975073580082867,-0.055250286611967174,-1.0423182143459515,-0.21061159893866888
E,0.0,0.0,0.0,-0.2774063402798415,-0.09704266561657855,-0.112160822619462,-0.45870890031241474,-0.45513729756278554,-0.1600340436551749,-0.4046550657866913,-0.7495369454973111,-0.2198961666936959,-0.2025889932769673,-0.7344041575868643,-0.2600633550610564,-0.36893494117923303,-0.9150835254473414,0.014152201539501792,-0.4172418225635951,-1.262644700223115,-0.11607524845044091,-0.5242005753891152,-1.2012738564297214,-0.21002950088819455,-0.5432696089429679,-1.0010540715938685,-0.25693944257035206,-0.22295487033358338,-0.9748170342363314,0.0047828398696183735,-0.2396991167568587,-1.397245260442546,-0.14099191087068866,-0.3740468420898598,-1.2864408296941323,-0.2099480034170729,-0.3945746628562489,-1.0278306338007428,-0.21332135450468798,-0.07830916390348076,-0.9636720293150106,-0.03467179524817343,-0.07598545496005236,-1.3548836108162383,-0.1517241183646926,-0.19633615472531613,-1.2657745696978173,-0.18402912560985313,-0.19952219775047894,-1.030234991142913,-0.16407917272328593,0.0882604000134783,-0.9011339401141581,-0.09163670812139738,0.0753866298175226,-1.2108355435228015,-0.1717292879106257,-0.021045781872747266,-1.2111883263579397,-0.20289067552422874,-0.04866031113178961,-1.0466167510467097,-0.19927095867307737
E,0.0,0.0,0.0,-0.2741779622710457,-0.10595216856344682,-0.09958202047325866,-0.4487888603926277,-0.4406938986908615,-0.13942750041731677,-0.39400545388795594,-0.730431386865776,-0.19153082676934297,-0.19908786260416936,-0.695459784077486,-0.22241172536514256,-0.3786926052665641,-0.9156494081338703,0.02171731740154126,-0.41802875143948104,-1.246754018774096,-0.09777432823438659,-0.5055314326919059,-1.1838931920633007,-0.1807637745180248,-0.5064604741548883,-0.9923658237155307,-0.22091597025425613,-0.22290943295580215,-0.9747885872753476,0.009929492285856243,-0.2246035028975066,-1.376927594155484,-0.12319103723315708,-0.34568411510940017,-1.2869342397904753,-0.1778076761905809,-0.3629866078740778,-1.0407428567427524,-0.17287533651886577,-0.07107090447771726,-0.9635554520030825,-0.03034241045384382,-0.06342478579571151,-1.3218341417153254,-0.13707207497699792,-0.1756984708514363,-1.2491367020541284,-0.15725958189888564,-0.17900679692967045,-1.0305501514308015,-0.1311830522823695,0.09066826340986564,-0.8980473943310917,-0.08771406121453898,0.08204837245098835,-1.1811437818899857,-0.15984581504984216,-0.008785658092701858,-1.1836912455947128,-0.18340376961226784,-0.03382285409238144,-1.0204694924222693,-0.17504208124667664
F,0.0,0.0,0.0,-0.25079051434561317,-0.16605188763930528,-0.07935298092222784,-0.4339897413739378,-0.4523216990870434,-0.13810695287079244,-0.540707292026334,-0.7085873291972953,-0.21070911546965354,-0.4997502746487809,-0.9109065954951119,-0.27225428872718876,-0.30558573163285624,-0.8986864479133925,0.0008442998614364148,-0.40856765416414415,-1.1654011582685109,-0.1508056657449203,-0.4602782625063684,-1.1375352802891956,-0.2728999903604164,-0.4726105125733188,-1.0274228583439826,-0.3329615013336868,-0.13457941334424434,-0.9906755985725078,-0.021218857106886084,-0.17395223703409046,-1.3940403083495148,-0.0975935908454562,-0.2032191247755853,-1.653654688207353,-0.14928941994546613,-0.22792052214567063,-1.871052661199637,-0.18247621851158607,0.04318626157079051,-0.9727726254906878,-0.07450017367177258,0.05955235624424589,-1.347188848970215,-0.14592413426739867,0.06750957079126825,-1.580046546881212,-0.17572080934682846,0.0680513090354821,-1.7820234285314935,-0.18952454018403875,0.1996533324622082,-0.8583260805491981,-0.14119496667106216,0.29731966551471356,-1.0995111591031737,-0.1784289172660021,0.3628741168733383,-1.2701320097949411,-0.18035129040153197,0.4194766476059214,-1.4297650805935491,-0.1778701004848926
F,0.0,0.0,0.0,-0.23833866180725002,-0.14630986147215672,-0.09455755077373464,-0.4306418141454001,-0.4077347755434868,-0.1659905858198122,-0.5469327410015069,-0.6570311034662271,-0.24734272415377878,-0.49078986100754585,-0.8607214315861662,-0.3164316103037999,-0.3273908352222914,-0.892468959518188,-0.025386304018115476,-0.42281543289399504,-1.160529517912488,-0.18558052923873797,-0.4553827771700156,-1.1065913752251475,-0.3142930818906991,-0.44847734304913245,-0.9831413795279635,-0.3802157882087611,-0.15063016005638719,-0.987649292414775,-0.04312110937790879,-0.1931550634365512,-1.3944871380432826,-0.12975905451600367,-0.22534136327943094,-1.6476350518953555,-0.19449766095006013,-0.2525546993982179,-1.8617736226800345,-0.23894999972779193,0.03175506696829086,-0.9715756362871164,-0.09156178008658529,0.04419447681220122,-1.3469858245224458,-0.17113801092070935,0.04568569818621666,-1.58014387600665,-0.21434627408840246,0.04082000417818045,-1.786971735620726,-0.2392020997156026,0.19295947929562876,-0.8580519665438185,-0.15317946110014402,0.2868112186005751,-1.1106960573720837,-0.19532031789522444,0.3506423000811815,-1.2809417127953227,-0.2040301664968424,0.4064096283684264,-1.4406561961548627,-0.2082739707880717
F,0.0,0.0,0.0,-0.2414710576324701,-0.14921277878147837,-0.08421049923660127,-0.4396934114894298,-0.3992080191645682,-0.15459899519028164,-0.5604424214519973,-0.63560175354071,-0.23634561981143967,-0.517661783077151,-0.8409306127999647,-0.30772243882447453,-0.3304988224255142,-0.8827361868228745,-0.017742795846817698,-0.43688512693461584,-1.139649951503799,-0.17531644340195746,-0.4929222618194691,-1.123879814373221,-0.3039806388107208,-0.5083468502072527,-1.0314653699231138,-0.3703654432614193,-0.1611622511922576,-0.9860608690752819,-0.041360503734160926,-0.20825825843271978,-1.389136790896398,-0.12560187177901846,-0.24168697167213127,-1.6401673833178232,-0.18624171268241832,-0.26810031205845547,-1.851722375199276,-0.22715374284526427,0.017259534177391712,-0.9739541525736806,-0.09497237702351234,0.025832896149832422,-1.356680877176339,-0.17310571065833116,0.027458183151677612,-1.5949610013964939,-0.21389062709240803,0.02137807830655323,-1.7987840705349945,-0.23692150742047105,0.1801859821033045,-0.8583959231949756,-0.1611427975446584,0.27585164765212616,-1.1197828400781915,-0.20640450609053643,0.3355403397571834,-1.3027804500606004,-0.21609208480735756,0.3862272929839387,-1.470436191969122,-0.21994895988620544
F,0.0,0.0,0.0,-0.23862420119476596,-0.15136069117967507,-0.08431514979441623,-0.44016817655025475,-0.41505360641377786,-0.1503184124921093,-0.5625893848179835,-0.6706501348518955,-0.22867252746560007,-0.5065502341812159,-0.8716995500569202,-0.29506216528084317,-0.33761251526225783,-0.8843320476957015,-0.007318058562423354,-0.42591228736038345,-1.1673400224630275,-0.16726601708495847,-0.470935046361316,-1.1346101259888808,-0.29667744094558185,-0.4795454928630911,-1.0149623544748159,-0.36209472593466885,-0.17253742254445445,-0.984627903374169,-0.02717958275442792,-0.23176785754901283,-1.3846869945847957,-0.11090480906034739,-0.273895682566943,-1.6352395666183324,-0.1742842365035306,-0.30640036989111674,-1.8433534992932765,-0.2178874921609843,0.007162979510273963,-0.9759004595404382,-0.07814517442507347,0.0007962675559464535,-1.3464948655302855,-0.15522355509795888,-0.010566187616716799,-1.5827696917295195,-0.19859959272267935,-0.023544105949842995,-1.7856587078408415,-0.22386563261927725,0.17449466362519042,-0.8688457579928472,-0.14203692723859698,0.26803145915370663,-1.1222152657880824,-0.18481411691249425,0.32723082343824017,-1.3005099856127222,-0.19717821442195765,0.37944613270367716,-1.4664514157171489,-0.2039529840350939
F,0.0,0.0,0.0,-0.2402259511282293,-0.15994919155815618,-0.08067176150810161,-0.43888886907006747,-0.4485026499392578,-0.13838498582474665,-0.5489085753019958,-0.7196279298324331,-0.20960816015097936,-0.4742198271902152,-0.8956000895059064,-0.2678671372693673,-0.32745736520988944,-0.893928626510149,0.004979610576115306,-0.4042933461683682,-1.186874296958668,-0.14546701607997964,-0.44084092790690005,-1.1287772521145243,-0.26683806450613584,-0.4447606637511968,-0.9944261359755022,-0.32693269462327307,-0.16314677294134422,-0.9865150544433324,-0.013083494773735755,-0.2130433219893694,-1.3858782647489922,-0.08483837335058787,-0.24567701141683396,-1.6300702750031195,-0.14143743509172538,-0.2730204970885935,-1.8352818812661817,-0.18125897584890643,0.01610435259629554,-0.9725672843469024,-0.062391815007808694,0.00468247629983597,-1.3487937154296976,-0.1301141684185138,-0.011106113009948576,-1.5777611966997762,-0.1693077684071546,-0.032046573706986846,-1.7719777170842508,-0.1928772479849069,0.18496716349668801,-0.8650269361412259,-0.1250369614490244,0.2806442892779888,-1.1101856792836318,-0.15850278328912856,0.34536896326498445,-1.2815363478949735,-0.16784084235518743,0.4024228843046313,-1.4376942550938234,-0.17391595215043176
F,0.0,0.0,0.0,-0.22931848957732573,-0.16265934435089158,-0.08343171758333565,-0.4103065038801235,-0.4243204733202751,-0.15084872959568763,-0.5208344271226971,-0.6756211625450893,-0.23094446001896402,-0.4751241007057884,-0.883465964758218,-0.29860904411975353,-0.2924149033839159,-0.9038702036091011,-0.006817853822946444,-0.3608614954980929,-1.189910145374731,-0.16274039418835168,-0.4021235451869762,-1.1641609706109344,-0.28938746219397005,-0.412808279466024,-1.0503773105805738,-0.3538840409818272,-0.12169757902888387,-0.9921678570882547,-0.028153909487118513,-0.15872587077976538,-1.3952750852116929,-0.1097224251638711,-0.1821956523396949,-1.6480925040633305,-0.17295091455125683,-0.2032476414763871,-1.8592510239493307,-0.21747238381018485,0.054927924122740585,-0.9696370932621723,-0.08027721143668654,0.0667077946490006,-1.3383152089136559,-0.15299192538594755,0.06960620981586842,-1.5756549817324101,-0.19715218054591174,0.06437639688997612,-1.780651486071746,-0.2255760119659414,0.2161495941584791,-0.8489517157967721,-0.1453252115082345,0.3242433687064353,-1.0852128134875878,-0.18382402117689609,0.39581715409101453,-1.2532105931819986,-0.1961779470258481,0.4583943611291801,-1.4083057911069565,-0.20469512148539273
F,0.0,0.0,0.0,-0.23240478919022436,-0.17197343400109982,-0.0842525257756297,-0.4173690175549959,-0.43706223817724354,-0.15626900980860847,-0.5321920722534157,-0.6828705989622578,-0.24086463178120737,-0.46537958883148867,-0.8697825765218093,-0.31294941833054557,-0.2782295731996864,-0.9158584213142013,-0.013402249834840096,-0.36957588284943355,-1.20068623908703,-0.17822464620959846,-0.41726718422722586,-1.1455105083487296,-0.31017566101352595,-0.4229345184738666,-1.019685077766408,-0.3764293420550796,-0.10709151406559746,-0.9935290701107876,-0.03783377406407811,-0.14663166599351918,-1.3932387582671528,-0.13016885570514286,-0.16857984369033943,-1.6518349939650099,-0.2000097598211622,-0.18354635405369232,-1.8752268931864038,-0.246359521854879,0.06791172829548674,-0.9587494661408205,-0.09318690587802936,0.08552932097382596,-1.3375614396806432,-0.1770946458564122,0.09080245136359581,-1.5766937398590306,-0.22610304230987394,0.09023841855024473,-1.7836404105938028,-0.2536396707845487,0.22602750372450756,-0.8268394408524734,-0.1605911620882071,0.34131201070379724,-1.0806796118206423,-0.20678908145027516,0.41370675377882965,-1.253998654762905,-0.22037110154160552,0.4790308054162435,-1.4133962065020544,-0.22630860366307434
F,0.0,0.0,0.0,-0.24400799177613422,-0.1637141009867519,-0.06965923925871262,-0.43469675157037396,-0.43080286145321434,-0.13579070792499606,-0.5542190658163915,-0.6649297378238342,-0.21574175480820165,-0.5066844152429258,-0.8500267862689957,-0.2870858395453782,-0.27620013320267656,-0.9028979428765205,-0.010626001846214622,-0.3694670332375345,-1.1754752465859897,-0.16846255389526954,-0.4438299525058727,-1.1583215398884754,-0.2982247913599176,-0.47569847187336955,-1.0572999820112474,-0.36417497601665727,-0.11424271356730725,-0.9924513340828344,-0.044597666687624465,-0.14542511073042505,-1.4051045365219217,-0.1340433660021631,-0.1722777053787293,-1.6754055174194267,-0.19899740829577875,-0.19135685472955785,-1.9045734830242094,-0.2386190651335561,0.0541886676210617,-0.9673406514570435,-0.10680505159728385,0.09561207398287397,-1.3659554982079585,-0.1904053648008777,0.12269945752099579,-1.6231275231228102,-0.23726913761511143,0.139925924882792,-1.8423436760199179,-0.2604527757669936,0.20375874705942265,-0.8393598556892353,-0.1791898785413342,0.31668286363312903,-1.1155554277756434,-0.2299823742832775,0.3874146999597741,-1.3068799202992967,-0.23987193318378874,0.4475267372414325,-1.4810150859793396,-0.24000181639943252
F,0.0,0.0,0.0,-0.25197340223665726,-0.1738528551927914,-0.06931807070712115,-0.44469631322289765,-0.4481030489808661,-0.13597642140892263,-0.5632843681449363,-0.6771076630554776,-0.21430465199879206,-0.5211160019939043,-0.8661294505739616,-0.2861496834222666,-0.262039759743772,-0.9099140030694632,-0.03093358364973222,-0.36040497205770233,-1.1826510134775012,-0.18629555180056204,-0.44750947257565993,-1.1643708242367259,-0.3156390011418159,-0.4958870407330641,-1.0706891916318162,-0.3856466189852408,-0.10031375779999142,-0.9926234194694601,-0.06808742260359746,-0.12813219612854368,-1.4065969162840668,-0.16799182136320154,-0.1594036342584113,-1.6839609857066589,-0.24375212476404054,-0.18453788516636194,-1.9167241168499713,-0.2938492641269314,0.05903422867043181,-0.9587550845668152,-0.13054870256636247,0.114764724547328,-1.3656143935837297,-0.22215330876294453,0.15458148064596952,-1.6270980027875503,-0.27720822958233443,0.1858140744375553,-1.8605892470470284,-0.3086455744997234,0.19315019870734104,-0.8209585043643883,-0.20140605394886715,0.2967205523510429,-1.1054766970560523,-0.25899885487960667,0.36421259011580454,-1.3056959106508363,-0.27212835033219096,0.42280469165500556,-1.4945459538197259,-0.2771480808703179
F,0.0,0.0,0.0,-0.25114813184818785,-0.1542516122554947,-0.07789797096226252,-0.45119731621946296,-0.4211763773651576,-0.14845396061214805,-0.575639965637824,-0.6569999159056736,-0.22919136847759966,-0.5225476536267615,-0.8515445263734757,-0.30172661012788315,-0.2989727520577826,-0.9026594927419553,-0.0285579454383313,-0.381140998039144,-1.1743061004370252,-0.18604828304321083,-0.4477778314621251,-1.1629390510938395,-0.3185625474534315,-0.48361823612947036,-1.0728178643232966,-0.39219615293078675,-0.13880632866889484,-0.9884189328320385,-0.06132549502969237,-0.18967552574210278,-1.3904100543034867,-0.16273230634955785,-0.2398734654276,-1.6620162856143335,-0.24394542592124793,-0.2859383116519883,-1.8942933951677663,-0.30049971115375296,0.025590947307033495,-0.9606276920217113,-0.12061648719610867,0.06922991892496798,-1.3616474761846595,-0.2146950944978982,0.09351302248216294,-1.620894913214838,-0.27292864781364284,0.10970790241934136,-1.8573825774447648,-0.30833517092824175,0.16992050201341757,-0.8328972199684792,-0.18897115473236864,0.27001619174518726,-1.119234906725284,-0.25090697835786224,0.33471825027851626,-1.3172086571727382,-0.27011478139004413,0.39259867480996097,-1.512825545909598,-0.28095479822883795
F,0.0,0.0,0.0,-0.235322990514208,-0.13627281552318457,-0.10273691399162077,-0.4389606935222277,-0.39658490908525873,-0.18666567515799723,-0.5792251626312193,-0.6505522343748055,-0.27820765278597553,-0.5076919163851854,-0.8216959051867565,-0.3571218298933421,-0.3330663227159397,-0.888811078900223,-0.041916993710978435,-0.4153292844708662,-1.1936754771975389,-0.21443237306782734,-0.4578497566564631,-1.1696905470084502,-0.350089213183377,-0.4605576111372928,-1.05661585279935,-0.4207204598295705,-0.1641583324302608,-0.9845405260372088,-0.06109005225151045,-0.21234090374057102,-1.399638155008549,-0.16799894757163908,-0.24653618024592783,-1.6663103054413977,-0.24509019476030006,-0.2719097139888467,-1.9026128741128554,-0.2960330504726025,0.011897409896747426,-0.9678112543727294,-0.11109812927697008,0.05819904047489473,-1.3723419138556474,-0.21290667067102076,0.09708193414713091,-1.623052989292459,-0.26773526765083894,0.1267513424235844,-1.84847749873725,-0.2961684321179496,0.16834297687220084,-0.8471722492135396,-0.17292277635110903,0.27391673026307595,-1.138514436296055,-0.23470264472739305,0.34750163992169814,-1.3323231216484326,-0.252205070776051,0.41347504339216373,-1.5194736224642178,-0.2602076271791535
F,0.0,0.0,0.0,-0.23557258652166072,-0.14031841669639183,-0.10229323994736846,-0.42183321242814875,-0.41418838680402065,-0.18010190754852343,-0.49115825726227375,-0.6829121604723751,-0.2631075208571015,-0.36290183835987805,-0.8474900512378173,-0.33130447013875275,-0.3222020285495469,-0.901917758731375,-0.04277872162213562,-0.3795893009721441,-1.195486388244426,-0.20269568858677323,-0.37926693279490364,-1.1215118278519085,-0.33032125823061886,-0.34622231911132223,-1.002679768693726,-0.40041879518556445,-0.14494255762071,-0.9873969575642204,-0.06355236567814071,-0.18634116278855017,-1.4043587918725697,-0.1677042336849597,-0.20487810525134995,-1.6708396685377418,-0.25053069380263554,-0.21555420672690156,-1.915277048960028,-0.3084000291103978,0.03376194355641427,-0.9544339840076609,-0.11297038950563185,0.10438285992026776,-1.3560148183850864,-0.21838361126550102,0.15196427049156833,-1.5888413178774203,-0.2804190615619771,0.18804567625137206,-1.8084830471802151,-0.3158812435069942,0.19968667576872562,-0.8193696611076074,-0.17265267346519794,0.31165390348932687,-1.0998407871074358,-0.23815865659382415,0.3873323153976904,-1.2749420902459996,-0.2578429186525214,0.45720434908286206,-1.4510555103106426,-0.26910125765558385
F,0.0,0.0,0.0,-0.24316085019581327,-0.13681004936392016,-0.09486554929955027,-0.432652420913727,-0.4068040159880713,-0.16429605444454184,-0.5031172879666569,-0.6717584358765066,-0.24020089490929905,-0.3808544197146262,-0.8322474782389578,-0.3011249139743213,-0.3370753431922848,-0.8977332957490438,-0.016959298006702535,-0.3885695527322156,-1.17453559034511,-0.16317457141049263,-0.39139551153306223,-1.1070962357831835,-0.2860872268454051,-0.3685201736902009,-0.9984367489110793,-0.3556863910372063,-0.16955970420881578,-0.9847363108835956,-0.03929255318741143,-0.22235482101129556,-1.3929006432480795,-0.13215765518463993,-0.25454106854559577,-1.643660637239177,-0.2122653232285729,-0.2825053519111584,-1.8752206066622865,-0.2696925963850028,0.0024479601532976995,-0.9572581812190257,-0.0904284243073779,0.06448957236991378,-1.3536812706187105,-0.1870909560467007,0.1021233962681131,-1.5849481115569328,-0.24810943397064733,0.12714812538434292,-1.7989523614096816,-0.28493310144110123,0.17148582166964232,-0.8326006686851132,-0.1516504138088747,0.2820592395176781,-1.1116080641997823,-0.2142366775741774,0.3549953516146873,-1.2865973914688573,-0.23490140609845522,0.42015235164840803,-1.4637534104675356,-0.24774400263564642
F,0.0,0.0,0.0,-0.24708320536694936,-0.14086379822075398,-0.09947084597570502,-0.4421996084599608,-0.40858392560259105,-0.1743523394496237,-0.5261156725442627,-0.6711736672865865,-0.2546369637835278,-0.3986789966719731,-0.8258053339738674,-0.31914637726038025,-0.3555918657050649,-0.892879266355578,-0.0234071653183561,-0.4139360119392734,-1.1713464831686875,-0.1806207470916117,-0.4142903447696384,-1.0926324045994404,-0.31066810703704917,-0.386141696148272,-0.9659283328809853,-0.3832854449959398,-0.18095926453591307,-0.9825716241273401,-0.04250585887124973,-0.23597531324231064,-1.3817554857755059,-0.14314500917892092,-0.2629537793088622,-1.6302790983086195,-0.2258651460452158,-0.286707665655622,-1.861959392997592,-0.2848458054888098,-0.004765916748774731,-0.9548691803909556,-0.09159042479088679,0.04878923689195472,-1.3454173923982864,-0.1939162346857644,0.08389967376469885,-1.5798430656207627,-0.25392422750065946,0.1080719445855354,-1.8003838736874405,-0.2887222778214963,0.16819745976607078,-0.8258808157088813,-0.15098188683785305,0.2740012860454899,-1.102257404124207,-0.2144869349570587,0.34159237614309546,-1.2808255151259313,-0.23401993659736875,0.4022303044733249,-1.4661342528954426,-0.24586533918861786
F,0.0,0.0,0.0,-0.2707875495555638,-0.145662583756393,-0.07439506143577927,-0.47888217684798684,-0.4299686122061328,-0.12849954703847094,-0.5573501028417218,-0.6877905542983699,-0.19187470579350177,-0.455768191077822,-0.8270142855348397,-0.2444275177995377,-0.34242933017344807,-0.8953662526799013,0.0029407874734004857,-0.41124670148639114,-1.175402268602912,-0.1212918610847143,-0.4422346991459724,-1.135973462486672,-0.22694627689783298,-0.4465203774511435,-1.0426485038629933,-0.28723292471326783,-0.17100916053480067,-0.9847699799274416,-0.03136803543240551,-0.22778977449787474,-1.4077926688267193,-0.1122204302525515,-0.26675426434751404,-1.667349487091281,-0.18736479743561335,-0.2964648483233029,-1.8996579683486519,-0.24040364293756594,0.003963006785316867,-0.9559212313462196,-0.09199053877134003,0.05949971442404391,-1.3719516523440842,-0.18313718586129937,0.09975358487156327,-1.620558853008576,-0.25050592142763456,0.13080381048440032,-1.8483895325946047,-0.2920880921413509,0.1746438387136037,-0.827459237158644,-0.15987394003542318,0.2806833171850245,-1.117570306842174,-0.22201830167653935,0.35293366977932966,-1.3064392163317653,-0.24473098786178768,0.41707545896810044,-1.4988719816267864,-0.25918571459813006
F,0.0,0.0,0.0,-0.2742123159768174,-0.13682369418087467,-0.08878749848465697,-0.493316170286435,-0.4062844301674549,-0.15687600916806432,-0.5953519205143801,-0.6573435848695001,-0.23334071171512413,-0.5249786213770645,-0.8364611226181358,-0.30060049917232456,-0.33845546894258377,-0.8862420420923749,-0.031176379490553272,-0.423446026709763,-1.1704135061571947,-0.1790080789241136,-0.4904391720108472,-1.1563078413020642,-0.3018113288030501,-0.5234377818478776,-1.0742984612998083,-0.3700208751198036,-0.169138159583265,-0.9837408458782053,-0.060384030369122946,-0.22262929688331293,-1.4001053718689453,-0.15085044816922036,-0.2769064862804662,-1.6698769154078217,-0.2269649918771244,-0.31899662270552853,-1.906110560683564,-0.2816691765436522,0.005641919758910028,-0.9673434486221555,-0.11718070281093793,0.05098022769726563,-1.3833153812932704,-0.20983094123561805,0.07853792036228686,-1.6380334754431958,-0.26998939005701766,0.09991408029559849,-1.8673578461131262,-0.3073571286489023,0.16573106837128632,-0.8493142535921367,-0.18404097328567065,0.2643579964715421,-1.1429214801069467,-0.24825947422533906,0.33118627205118556,-1.3432721608783005,-0.26887738489514784,0.3899149439272396,-1.5376901280513526,-0.28149676111153527
F,0.0,0.0,0.0,-0.2844717005403461,-0.1451747854223655,-0.07168370485338221,-0.4931885070904508,-0.4155179100275921,-0.13341330290489958,-0.6036950202487225,-0.6407580276634146,-0.20716905389748907,-0.5627640361084969,-0.8201998720648541,-0.27321552191672227,-0.3445674760240765,-0.8840389228476929,-0.029983914625731533,-0.44821179619486856,-1.183150124349074,-0.1827336605557346,-0.5028648274938713,-1.1565474723078664,-0.30574757795068624,-0.5155677886563049,-1.0433833197981874,-0.3704235794197041,-0.16900413302098882,-0.9834573211072966,-0.06518665954229962,-0.22211152575324436,-1.3963710656261852,-0.15841971290197018,-0.2720031525452333,-1.6702263479678192,-0.23254890373741965,-0.314020091562639,-1.899249500777842,-0.2838756866090183,0.009618275238179104,-0.9705168637925751,-0.1263459053749162,0.05039978776241685,-1.383147292623976,-0.21383676634620782,0.07533815947055986,-1.6398284351223695,-0.26812554031361013,0.0921553109165836,-1.8666753194751475,-0.30093881241598924,0.16646247769023761,-0.8555908385291509,-0.19669191486015394,0.2664404908762707,-1.1421391952193587,-0.2545118494454415,0.32849374919441315,-1.3453716904425939,-0.27040455721811824,0.38175539748484666,-1.5377344311506884,-0.2784560382340867
F,0.0,0.0,0.0,-0.27984858830947384,-0.13773137672606556,-0.08124778436767292,-0.49262990094113684,-0.39274012446661616,-0.14973823275899595,-0.6045351227649624,-0.6268561780604656,-0.22850067449618838,-0.565599530109662,-0.8212826826071709,-0.2981499412153742,-0.3449550946013135,-0.8793394237668669,-0.02081565323288632,-0.4456637911378549,-1.152645677227405,-0.17705758129348187,-0.5085095826974138,-1.1454231654052593,-0.3061455889297269,-0.5307885532889735,-1.0479698938852269,-0.37459121737372364,-0.17675743575243624,-0.9828656964798879,-0.05226692634284576,-0.23220492526764192,-1.3820680794136224,-0.14929399512506977,-0.2799766265608727,-1.6465116720414728,-0.22372773382713693,-0.31964025310957783,-1.8699760975621877,-0.27261423373997545,-0.0023009103472692413,-0.9727149918280049,-0.11242372768193411,0.03352104391253832,-1.3715353589952708,-0.20545297588665012,0.05757985114792855,-1.6296727528935684,-0.26075288032724137,0.07331575224484771,-1.8574201628729614,-0.2914510481192873,0.15528479129653008,-0.858781308263985,-0.18273758639045043,0.24840134427205138,-1.146102817631537,-0.24282484892204878,0.30948041786107877,-1.3466350675797856,-0.2593015877375126,0.3636475248622959,-1.537257576667308,-0.2661726240646298
F,0.0,0.0,0.0,-0.27450796085257906,-0.12512842917991188,-0.10765323839282856,-0.5048310630559639,-0.3727149265445115,-0.19238223742525695,-0.6373999313725098,-0.6195996265566472,-0.28368212681569943,-0.5763424057077222,-0.8255480393121258,-0.36334156477692103,-0.381911015062736,-0.8653867567051812,-0.04766228404599895,-0.48824949796704403,-1.1550859294012328,-0.21955065150527314,-0.5371008150826663,-1.1369542728255142,-0.35389407243772736,-0.5433819959690713,-1.0249387768963336,-0.4239668776442624,-0.21104301174510776,-0.9752718489312847,-0.065617588158265,-0.2726057095981693,-1.375379676957659,-0.17622022167451828,-0.3228038723066602,-1.6387060660065838,-0.2552967989639665,-0.3638651127007955,-1.8686614549820155,-0.3066470474654677,-0.03067909543387619,-0.9708370109148164,-0.11491151550702666,0.003918841460523768,-1.3674566601866263,-0.22049104471938724,0.014802480425867922,-1.6275502414852525,-0.2789673527858101,0.019517911274183865,-1.860943785923878,-0.3095238333558068,0.13378729277064386,-0.8636807102511682,-0.17603719265175924,0.2209627565330337,-1.1536040419398532,-0.24387464770701361,0.2752050291123714,-1.3537822259993548,-0.26582331261439446,0.3243138190512246,-1.5466281095079795,-0.2757362002179466
F,0.0,0.0,0.0,-0.2553270164542709,-0.12779256395343822,-0.10172752740344485,-0.46875297733314514,-0.37957407930997866,-0.18272664261648666,-0.5967348444207704,-0.6242887770433173,-0.27067461546906524,-0.5556262081266937,-0.840653163451667,-0.347160652735885,-0.36346886636755343,-0.8760555248291862,-0.04500452265416806,-0.4605300087423024,-1.168426564267287,-0.20918425701017287,-0.4981729744293798,-1.1595216121410152,-0.338061287681951,-0.500488486706112,-1.049593956290303,-0.40571337487424175,-0.18884084501819914,-0.9797724541101148,-0.06621988689098919,-0.24383517118733333,-1.3859285886742476,-0.1737910584822097,-0.28598470719098457,-1.6489288562516853,-0.25326793010268134,-0.3237137100289305,-1.868993375204289,-0.3058935860912352,-0.0062944094702554985,-0.9689964079752162,-0.11723547638367261,0.040617240029414775,-1.3639358235347037,-0.22146053583407277,0.06071055314418755,-1.6268791610570892,-0.28309333981840024,0.0702598207995381,-1.857316667775504,-0.317214079383262,0.15885133334867818,-0.8571915584671217,-0.17874660842703305,0.25481057952629654,-1.1461081634932995,-0.24683392428502787,0.31603585741635165,-1.3454860982311116,-0.27032412644122683,0.36662270580834516,-1.5356788180340395,-0.28251454200775344
F,0.0,0.0,0.0,-0.2690555018360748,-0.13585927608306822,-0.08549719361505217,-0.47663619339177377,-0.41073175059681966,-0.15154871991079194,-0.5834490659411734,-0.6565977812588203,-0.22635928394369303,-0.5290375847444576,-0.8516057427603837,-0.29117586992890343,-0.35451244196749504,-0.880150668355561,-0.03591494175209282,-0.45026762419917127,-1.1795371757249733,-0.1940500465030805,-0.4952339435827934,-1.1364197147610229,-0.32039143254500696,-0.4969679580908945,-1.013703103069363,-0.38729098390675487,-0.17626472807181898,-0.9822124097162929,-0.0647265620675228,-0.22525626227768766,-1.39595088533377,-0.16630423419837362,-0.2664761204378572,-1.6677556775640991,-0.24662296720083313,-0.2997530008596022,-1.9002580335832266,-0.3010364303120676,0.006146506140355407,-0.9685704099966836,-0.12110890994864006,0.05364774775866729,-1.3777200571549986,-0.21959699160584814,0.08174015406049107,-1.6352349243138715,-0.28346303531830713,0.10067461545866263,-1.8678984581921017,-0.32081486590366687,0.16926342755606885,-0.852499211251522,-0.18653885830344882,0.26792313229754594,-1.1391371873924632,-0.24919650998600912,0.3344721793983968,-1.3346321642130572,-0.26979326201280734,0.39276403496172135,-1.521055757585735,-0.28109820955805437
F,0.0,0.0,0.0,-0.25250108208674943,-0.1400253897650186,-0.10012520281684394,-0.4593880575495876,-0.39654788738270547,-0.18263650521891106,-0.5874287232984335,-0.6373387825230434,-0.27260312366564143,-0.5249010096860862,-0.8363419720772859,-0.3528477685513543,-0.3315086037817222,-0.891668450506963,-0.04815147720347697,-0.41905104310954666,-1.1873891862662458,-0.21915380870166407,-0.47445086865691455,-1.1689221804987113,-0.3585949810903791,-0.49220292962438833,-1.0629009261923799,-0.43471060036443615,-0.15878589234470117,-0.9845841891685978,-0.07335540083396493,-0.20993786886634044,-1.4012677563316482,-0.18429025520592845,-0.2526384589630151,-1.673568009856723,-0.2728607865646783,-0.2887227490149994,-1.9059851993451897,-0.33306831524511143,0.019819756301488013,-0.9619297888682024,-0.1277086418302437,0.06899092727993722,-1.3706982594623727,-0.2326585758930077,0.100769839030722,-1.6302964606607422,-0.29862688687094524,0.12239347939358478,-1.865893686483712,-0.33727949071199465,0.17890867950022313,-0.8376639536578802,-0.19242867045477918,0.2802438438782276,-1.1268303606447312,-0.2617782483473094,0.3501166700326147,-1.3223005376319208,-0.2847707008544619,0.4122205521465777,-1.5129213542234865,-0.29704439842995606
F,0.0,0.0,0.0,-0.2474622395551925,-0.14357867030256422,-0.10207986752922583,-0.4444669468313693,-0.40215016494468003,-0.18494253939453037,-0.5657384789422265,-0.6448623698655399,-0.2758534227895371,-0.5140917295127171,-0.8501231507380059,-0.3561265681697488,-0.32901891617839796,-0.8959897516918598,-0.04813098197750815,-0.41654420929114255,-1.1902404303673975,-0.21986563567197132,-0.4602429475719855,-1.1644432703253953,-0.3582846604046463,-0.4645178078936938,-1.0548717043795373,-0.4324739995672866,-0.15498306736703668,-0.9853902214571877,-0.07061416491086624,-0.2019238826096548,-1.3930090554460794,-0.17829928216180918,-0.24271839820403565,-1.6626925814744733,-0.2614147173967251,-0.2777370365525374,-1.8965966563504444,-0.3186799492548534,0.02332198238657921,-0.9631531314338136,-0.12317504427187975,0.07583824741781894,-1.363939813053123,-0.2233003584442551,0.10511048000589872,-1.617466878548568,-0.28329016773396876,0.12253368050978296,-1.8510811504842104,-0.3189009320054098,0.17891775766504023,-0.8408742297801929,-0.1872419959874336,0.2850187358560857,-1.1246057237624165,-0.2505768188765336,0.3525225326112185,-1.3179503074624532,-0.27155952880013773,0.4096337866359076,-1.5058466172404605,-0.2837335747751311
F,0.0,0.0,0.0,-0.25790988738149534,-0.1483270641605681,-0.09477138416538525,-0.4591367078902111,-0.4114324731052445,-0.17203604554517377,-0.5817300756652173,-0.648350972598009,-0.25796229397350523,-0.5289803681089738,-0.8367588071928214,-0.3340057074145507,-0.33598892625781884,-0.8955770574219307,-0.04597980219069194,-0.4177322223472415,-1.201433119574755,-0.2087037946586758,-0.4623742570060412,-1.1808084202665314,-0.3380131601673811,-0.47267362798727647,-1.0744470460355877,-0.40706632611200627,-0.1567420632697514,-0.9849899277463032,-0.072296388846702,-0.20293211955247337,-1.4016898801200435,-0.17712346626338446,-0.24308846200599774,-1.6768656738890868,-0.26102123574086983,-0.27742356848163413,-1.912287956924769,-0.31915358775151215,0.02440034310626163,-0.9624609230768845,-0.12692465662242786,0.07632248228905411,-1.3720216196466237,-0.22722467573668734,0.11001905996410558,-1.6290917814167838,-0.2919289594739842,0.13216801404381093,-1.8604732614389532,-0.33088367943978697,0.18393594249740552,-0.838984786496953,-0.19158606145313312,0.2914037349004777,-1.1250534654102453,-0.2574533054711865,0.36099176454967524,-1.3226863435411922,-0.2808077154019103,0.4197714620964851,-1.51389614765665,-0.29449827122367905
F,0.0,0.0,0.0,-0.2522224265691542,-0.14026011013275339,-0.09349044732660301,-0.45436898249689217,-0.39851096710732203,-0.16786049068143563,-0.5648195333205955,-0.6613939218913585,-0.25151868227388147,-0.5020508494690155,-0.883357478448043,-0.3229174297173115,-0.3680388993802412,-0.8766497279514717,-0.023355416352993347,-0.44764538405367976,-1.164153645730402,-0.17728363424493476,-0.4719591324613214,-1.1545644601246032,-0.30369793950902313,-0.4606876016549919,-1.0680807161739658,-0.37280470443966246,-0.1968023713266256,-0.9793514895134355,-0.046254584940652405,-0.24931111593889366,-1.3907237078043435,-0.13550755009792817,-0.2921625716070942,-1.6557313582454944,-0.20520163939568353,-0.32828582436109865,-1.8873058377942493,-0.2560231934048163,-0.021115675607753362,-0.9725465097226066,-0.09937184921015996,0.02022562065855792,-1.3744167061142416,-0.18556788064977484,0.04665399913558253,-1.6136500271194756,-0.23161620445975745,0.06080236058015608,-1.8323662537448198,-0.26042354176483795,0.14114502520736252,-0.8663303589122555,-0.16469422085555016,0.2430229077054296,-1.1469940673432968,-0.21948883099444763,0.306281485853517,-1.3370590268137592,-0.23396681366704822,0.3566670339387582,-1.5204843391259188,-0.24351016872445264
F,0.0,0.0,0.0,-0.2614835401659232,-0.14313660909248074,-0.0933464105785085,-0.46574532774713145,-0.41295019877465394,-0.16809934081843367,-0.5628594139877837,-0.6684264572718306,-0.251396568029252,-0.49258635734455064,-0.8741610740640213,-0.323714277627917,-0.34865329011941665,-0.8867527495325025,-0.04202189715264811,-0.4143971013316314,-1.1786725543043428,-0.20024222200023847,-0.4551824400744662,-1.1445398431075569,-0.3278122076768284,-0.4636013344845657,-1.0404188345426966,-0.3970651481167194,-0.17367820751027568,-0.9825112731436758,-0.06713775675140651,-0.2162968535865127,-1.396747607524532,-0.16147051101180876,-0.25768729222909414,-1.6662504027978176,-0.23832085603286304,-0.292544105582712,-1.9051797066144907,-0.2945968010250868,0.005194226138341195,-0.964099226570676,-0.12027374935623167,0.04903587262148811,-1.3787998541696955,-0.21073089598181122,0.07195481780238902,-1.6250758388057374,-0.2667032469068194,0.08370599237032579,-1.853752723919461,-0.3031898867517905,0.1674360672393507,-0.8445925387693398,-0.18429438727470313,0.27155924539868853,-1.1280034109602688,-0.24376903320478382,0.3382391281481771,-1.3201175305827955,-0.26295730644193505,0.39442272977545656,-1.5064083501482592,-0.275762714086371
A,0.0,0.0,0.0,-0.2919392342325578,-0.21663275644290428,-0.07084440476901237,-0.5497127125411282,-0.5708236141167714,-0.12779960198534837,-0.6714600290875747,-0.898812751219824,-0.19916404067536975,-0.6993501093132433,-1.1896525017919362,-0.2472784909812429,-0.37836656995300255,-0.9654711610781482,-0.00583150471219521,-0.5399846115607192,-1.1875606875396476,-0.1937183644934968,-0.5159301453081223,-0.8483653194631019,-0.29344268264434176,-0.43547403080629266,-0.65122650149648,-0.3347443961720472,-0.20774324469503858,-0.9774053340937797,-0.039007142533184075,-0.3644364380931914,-1.2500092629798778,-0.23527210611503133,-0.3574649662733149,-0.832497930005389,-0.26724046707293847,-0.2823623122554601,-0.6644822678484543,-0.24474603885200727,-0.018433123097115124,-0.963051714671534,-0.10195795066625701,-0.17659175117913728,-1.2499615099819137,-0.27902640197110895,-0.20087543182196263,-0.8286563760252535,-0.21794819198404478,-0.12867289889998665,-0.6746627411315297,-0.13577004322849198,0.18234587096310503,-0.8906683027109276,-0.1749306899453378,0.004094178986439057,-1.0732550351369354,-0.28134317943209985,-0.03870485308658138,-0.7940521078150821,-0.24057447962648892,0.0375883647000314,-0.6779800603705988,-0.1844493037648602
B,0.0,0.0,0.0,-0.2337925023714817,-0.17767276304764779,-0.08441834792752899,-0.32296184976141024,-0.5649168149147155,-0.0922733305849682,-0.19509405170087574,-0.8616366995883764,-0.1021876922818039,-0.018307086701777307,-0.9263113363522719,-0.10603621244359886,-0.29962396051446466,-0.9236652224766791,0.03231051431662715,-0.3649917401883343,-1.2607802489668882,-0.006869288946877286,-0.3925268793932073,-1.4858171838310097,-0.05358813917916403,-0.40610416865076443,-1.6771461980266014,-0.0972680473978051,-0.16120515196277535,-0.9866013123557431,0.025114725532721087,-0.1921944285982517,-1.363387960183167,-0.005883931228635907,-0.21067645843562277,-1.6150294119726032,-0.04188676687146168,-0.22387417650079433,-1.8122492008804703,-0.070834057976056,-0.02441743088118077,-0.9645693617420363,-0.004319267634945944,-0.037060634618373056,-1.31834143858923,-0.0473989753496212,-0.058828983131841206,-1.5571431724631428,-0.08869880843018968,-0.0701812885958683,-1.7483634408974125,-0.11892599892620949,0.11940205433380428,-0.8760105342314142,-0.04759826012059734,0.08966587717183432,-1.1621480908220563,-0.09029066232943429,0.06613899392659459,-1.350279692680539,-0.11464048580258654,0.05796119393548533,-1.5019478215854158,-0.13324073583862878
C,0.0,0.0,0.0,-0.30513303805941727,0.0218403846256157,-0.027614176236765722,-0.5799442969837959,-0.09960748297149892,-0.07648111679211637,-0.8063850299924223,-0.1292998018213412,-0.15471513423447228,-0.9925596215191416,-0.14549214033238062,-0.23030099171906146,-0.5489368835063636,-0.799351061091181,0.04803487359292296,-0.718229727638257,-1.1106968832670783,-0.05861348555179606,-0.8939548343670242,-1.0719080306767244,-0.15121612048643823,-0.9884515882927917,-0.9543685896758393,-0.20453204498412497,-0.48158729737251765,-0.8762927560472169,-0.013589728054929818,-0.659029598403122,-1.2738855723634555,-0.10554480797618722,-0.869298419830599,-1.1887398561823994,-0.17192163095897545,-0.9660715552639415,-1.0144672817942861,-0.20206237087706805,-0.4078609566034555,-0.8874317607448787,-0.0971475496596467,-0.5866982837264367,-1.274361997198362,-0.16575056107568115,-0.8141017468220513,-1.2128591756818263,-0.21554306219919495,-0.9331854193162487,-1.0594740252335926,-0.2376780137003367,-0.3355009998185549,-0.8296126695957828,-0.1904367972645068,-0.5414555204341626,-1.109645673489208,-0.23346248930623695,-0.7482004744237735,-1.1258164749111244,-0.26101897280742103,-0.887295877254741,-1.0543684029203335,-0.2755871483603613
D,0.0,0.0,0.0,-0.22332689749290294,-0.16100263324987013,-0.157931621147401,-0.37136387592073783,-0.4770397795808894,-0.24042990952447818,-0.3921400459629567,-0.7936310137248161,-0.3253339686363526,-0.29001635468957704,-1.0480681374119345,-0.39846029155381657,-0.3318323641470535,-0.9576590513508336,-0.05317196922197839,-0.4032143719247648,-1.404044931079977,-0.15702409005958382,-0.44799358356329977,-1.6718060090934348,-0.2331623897462348,-0.4505251916739978,-1.887890809036292,-0.2933122839119681,-0.16833336362056303,-0.9847709289365051,-0.04347523678739907,-0.20351793974018847,-1.427386782448975,-0.1905682955779221,-0.2775774017310757,-1.279233360662757,-0.25803416566875553,-0.301893577244648,-1.080944545046565,-0.27304434613951956,-0.007323512368532412,-0.9444176263874319,-0.0591643937573491,-0.017664786522689317,-1.3770107531646214,-0.1931765949615752,-0.11094451450184947,-1.2436074249404363,-0.21447791446612802,-0.14776757711190402,-1.0269206648468132,-0.19576606650503398,0.1485800269433205,-0.8415655537783872,-0.09238166623665384,0.12258906263433553,-1.1599296566294368,-0.19158010291386285,0.015903593995532032,-1.1609559928484028,-0.22060736494416752,-0.056292986555407626,-1.0355595519620027,-0.22271738334779362
E,0.0,0.0,0.0,-0.26085241270667286,-0.09267016943335041,-0.11907004103150937,-0.4249361523797381,-0.4568170330294069,-0.16652913454482504,-0.37220947456138204,-0.7514896080170366,-0.2237601614002479,-0.1900512917149635,-0.7477874199867939,-0.26191372990653855,-0.3105069046735874,-0.9464114150656288,-0.009115943101699471,-0.336411858311684,-1.294014905738072,-0.13650676296613326,-0.4124251423442572,-1.2179311456309485,-0.230721933966286,-0.4183925043715255,-1.010956185115222,-0.2820199776897717,-0.14753090297049884,-0.9889738885477845,-0.012856144032477087,-0.12924476722212708,-1.4207056686591462,-0.1411093846240331,-0.23744843448532765,-1.337026194971809,-0.21156702066650396,-0.25910536738976236,-1.098001063190727,-0.22745240981907616,0.004966844971911354,-0.9577822247832156,-0.04478280951288257,0.03628423424681831,-1.3666641071393144,-0.14909115694120595,-0.06975027143599842,-1.3072293018919459,-0.18606466094339777,-0.08897982434436748,-1.0857951146332323,-0.17923472040428484,0.16663441314688887,-0.8645153614433572,-0.09426984480172189,0.15813837167956507,-1.1913023979488953,-0.17614926411419954,0.0695628991867813,-1.2180191217660212,-0.21811851991032852,0.032591985827990055,-1.0695832911946193,-0.22768398161692352
F,0.0,0.0,0.0,-0.2645858856648596,-0.10822936917281137,-0.11492177118377422,-0.46600366179885444,-0.35544781842135587,-0.19153942661258044,-0.5449966553977377,-0.5802861711667998,-0.27290015854739824,-0.4940211924013642,-0.771139667045625,-0.3396863137325924,-0.3310794230762432,-0.8918044356749263,-0.059041329674295234,-0.4267532312006017,-1.1709672035795127,-0.2296877086935581,-0.45564922255906126,-1.068323250022825,-0.36444945868255213,-0.44551699391028776,-0.905761403378175,-0.4342023240546111,-0.14539950221020545,-0.9866592011834784,-0.07322981276095611,-0.18494150137719187,-1.4298883758129641,-0.17481507007641456,-0.2071431225745828,-1.6881156369413575,-0.2533629108107705,-0.22590843148122428,-1.912211980812166,-0.3089426998444028,0.0411246421934838,-0.9643302396225458,-0.11880636324628668,0.05495780369766048,-1.3751697908728329,-0.21748670993444166,0.05022202330853219,-1.61505070724818,-0.27783962277474133,0.0448777039748121,-1.8317255266183206,-0.3130331915005885,0.2230318424883317,-0.8389364276051362,-0.17770085341905983,0.3338128784081211,-1.1249147212465112,-0.23381837385992438,0.4011831094932198,-1.307801658197888,-0.2545778626791404,0.4576146597746612,-1.4860154357368303,-0.26804140027899537
A,0.0,0.0,0.0,-0.28494707299088073,-0.2668635371906746,-0.0976028675788412,-0.45951702924561144,-0.728202073472907,-0.1372356207694978,-0.49199451414968637,-1.1123073154271452,-0.18143076861867877,-0.4375784355429796,-1.4136644386968757,-0.19530014391357356,-0.23117290232110155,-1.0259308644782266,0.0037284206314154925,-0.36388983530613705,-1.1572716787420834,-0.1740427951664076,-0.3382493799522435,-0.8069579435823049,-0.26308545357335456,-0.27442707559260554,-0.5966345335710352,-0.2918892971882243,-0.06393229758317599,-0.9979290447564303,-0.007091047683851236,-0.20611165635986506,-1.1088221909701854,-0.1974120228312058,-0.18692325427376985,-0.7185029335995256,-0.22804791851137543,-0.11172423286775253,-0.5662706274251642,-0.20308896384117536,0.10837557702730495,-0.944323353860123,-0.05156270073893781,-0.027870886869269626,-1.064057355844116,-0.23296853576682575,-0.03819580875840354,-0.696966886212796,-0.18494874663146552,0.03090352279176222,-0.5649018496084011,-0.10374538439139581,0.2842725521835168,-0.8477444898859235,-0.10873433373354217,0.15193313423375351,-0.9731480769326337,-0.20993929125919153,0.10752619828361636,-0.714317655341095,-0.17148897274298713,0.15932747080604062,-0.6040454774352788,-0.11239707648740088
A,0.0,0.0,0.0,-0.29046892810309416,-0.26879570765029587,-0.10163818416842553,-0.46714923097397437,-0.7412403797447539,-0.14334576081554018,-0.5017125805079646,-1.1296277528759646,-0.18733533357927887,-0.46000715830478256,-1.4286730671102648,-0.19864384288760475,-0.24223038225660878,-1.0205543861164872,-0.012225377580969869,-0.3692379471961124,-1.1632856290726759,-0.19187940479222118,-0.3519851601843817,-0.803067701392187,-0.2760871962157981,-0.28990585962968435,-0.609230863568083,-0.30425081556461786,-0.07664771111505246,-0.9967948142971355,-0.022917822129573693,-0.21516680377317238,-1.1212745792738814,-0.21250133246664482,-0.19577122503271194,-0.7248491275517908,-0.2342697125838435,-0.11461860199901203,-0.5954096505766675,-0.20665928464505273,0.09616175392752152,-0.9484981288087524,-0.0680631326859938,-0.03640318396381271,-1.093898454698824,-0.2514787886591684,-0.046856424547343796,-0.7166707370067694,-0.1963105042479688,0.029520615583508637,-0.5941128573949666,-0.11318060236483504,0.2730798345822797,-0.8557791155968585,-0.12654579391922094,0.1391433352015014,-0.9935540451141127,-0.23201381254865577,0.09482223599853881,-0.7279066172791443,-0.19365530382252458,0.14984588439559163,-0.6193923135480192,-0.1365931418175048
A,0.0,0.0,0.0,-0.2821673848589131,-0.2638947688990444,-0.10043259620526188,-0.4608682211461105,-0.7255676928806383,-0.14156126175982112,-0.5017869743818401,-1.1118708853091834,-0.18645698919895065,-0.4488439924461173,-1.4098769977556547,-0.19884188385242987,-0.240869557730509,-1.0209761300167617,-0.0004187932910036109,-0.37251071608601255,-1.1671951701201735,-0.18180205707796873,-0.35109261901861877,-0.8120906153822023,-0.2671047186475778,-0.2893981319201993,-0.6081124372239842,-0.2934878635682282,-0.07577546002105932,-0.997065649242044,-0.010870637522168177,-0.22078491308354456,-1.1277099747235562,-0.20457896459504255,-0.2010953833180315,-0.728076117576739,-0.2293007816968431,-0.12267400441135538,-0.5849229566816586,-0.2000770249121318,0.09725567069161169,-0.9489694580957002,-0.056410574990367404,-0.0431818593515885,-1.0908077403468297,-0.24318692595598343,-0.04988265073854707,-0.7114856344775549,-0.19041949032976999,0.024463110929421657,-0.5806833112870373,-0.10575041766461286,0.27328706935024877,-0.8568553464383597,-0.11509642689773511,0.13182484576833947,-0.9927483316912399,-0.22292572489965248,0.09056332193032515,-0.7262264589009336,-0.18644863702998224,0.14703170312881475,-0.6151711959394373,-0.12860847992095914
A,0.0,0.0,0.0,-0.2746737003541639,-0.26461096055019206,-0.09916559021432314,-0.45518753569839054,-0.7297288092012477,-0.13949736473860816,-0.49674478253377297,-1.124179316264176,-0.1837365894173927,-0.44002247435833824,-1.4331846170733413,-0.19644499598661597,-0.23187030469873296,-1.0190100417022103,-0.0026776358632908904,-0.3734576923251878,-1.1653861786599542,-0.18439981710664344,-0.3440931922269049,-0.8144392286690445,-0.2671437737653632,-0.2804854167386663,-0.597447991908551,-0.28978633548832733,-0.06528425082877187,-0.9977775222143522,-0.013341017858988008,-0.21718040062057103,-1.1255835268581236,-0.21028373862725644,-0.18983996597437047,-0.7220830416724096,-0.23648478600899175,-0.11275648269417106,-0.5731613933489976,-0.20609748590971627,0.11197212695835812,-0.9488925752783159,-0.05803830921849446,-0.034213509721542766,-1.0793094542657398,-0.24905756136158425,-0.034490026706473095,-0.6977048377496586,-0.19498184633189755,0.036891204953469196,-0.5690469275266554,-0.10654471961909971,0.29356117114117597,-0.8551163836595959,-0.11496479697066148,0.15169848145503217,-0.9907676465568345,-0.22297159777333544,0.10772329040432313,-0.7196838073057995,-0.18209709336389293,0.1573466689020494,-0.6130272212633782,-0.11947649019394442
A,0.0,0.0,0.0,-0.28250328182828915,-0.2580718716544558,-0.10580095715762053,-0.46288227962088596,-0.7231964794534789,-0.14731837226443834,-0.5057389236747575,-1.116058653536125,-0.1884428812922009,-0.4624677879285922,-1.4147592165007299,-0.19472103781024222,-0.24244325874453257,-1.0214280438703005,-0.02169041955084912,-0.3780178609153377,-1.1680828715021825,-0.19589411818172342,-0.34728677599507335,-0.8069264367931249,-0.2708219970291801,-0.2788494057859043,-0.6143883371866197,-0.2925868240167092,-0.075748955743116,-0.9967322454985215,-0.028052210025282128,-0.2174409042338576,-1.1311792146347714,-0.21426554900358194,-0.19260398701423975,-0.7320150896952453,-0.23040576266015314,-0.11327674605470345,-0.6106643809014627,-0.1989661934394013,0.09722058376622636,-0.9479048845557446,-0.0679760670475882,-0.03556027252134685,-1.091289061267683,-0.25019269459072346,-0.03848064202271591,-0.7152140403135073,-0.19010544520550646,0.038462433139123814,-0.6096008383453402,-0.10379613062275024,0.27254961124418653,-0.8579192173399196,-0.12103602757602742,0.14643176880787867,-0.9945110012908595,-0.22554348161109486,0.10478326022128537,-0.7307500514667418,-0.1842066504119077,0.15992383277790048,-0.6371477645427236,-0.12522354669782962
A,0.0,0.0,0.0,-0.26393611822183743,-0.2807733082956283,-0.10221142900657801,-0.42426514027980017,-0.7456564601231891,-0.15380407911016425,-0.4706225918979276,-1.1457025125866849,-0.20800052852212114,-0.42290936309992166,-1.432059344078326,-0.2295872905720066,-0.201439437751653,-1.0293462135429499,-0.024835525007432073,-0.3483118007701602,-1.198185531748205,-0.19836216712576382,-0.35528974720892564,-0.8290829820410969,-0.26922592843049975,-0.28983081270387445,-0.6226612005801224,-0.28849001212829817,-0.04170576495537915,-0.9984999922551763,-0.03547385848621326,-0.2052617332633243,-1.1468635602514783,-0.22595824619693763,-0.2105132667899063,-0.7360567447897058,-0.2358548032719793,-0.12702261239697057,-0.5962734356407269,-0.1964988896816455,0.12297477046662918,-0.9362540114601013,-0.07858510849517572,-0.031181709092205964,-1.0671395643659038,-0.2634308097113586,-0.05955274999961151,-0.6887694555726004,-0.20030656798634616,0.025302510199635222,-0.5833436623636447,-0.10890326756445945,0.2860313383586417,-0.8286542106366236,-0.13397500496515446,0.14862426234284468,-0.9640835077536987,-0.22800709137399422,0.09056554914460076,-0.7057632288321739,-0.178793704038368,0.14774639703531797,-0.6052902950518125,-0.11463453490870658
A,0.0,0.0,0.0,-0.2716111003084104,-0.3128197616159517,-0.08145605332973226,-0.4130555353996292,-0.7455487737666511,-0.12997076989919318,-0.4422444975967948,-1.1171048699156723,-0.18831381511476858,-0.40381867840037217,-1.4161879048667674,-0.21858123493808462,-0.2114433526280298,-1.0329311351291683,-0.0025192659520048032,-0.34539013110508926,-1.1960318447559348,-0.17322583666625782,-0.3495179224486936,-0.8461915556739805,-0.24691560663283352,-0.3015073656776736,-0.623629389080912,-0.2643587143023218,-0.06066486456772664,-0.9978693089467903,-0.024012839670367842,-0.23910127580881116,-1.139089383340991,-0.21827770002397803,-0.23730578275785508,-0.7391429518802188,-0.24282742770922391,-0.16426584631507155,-0.5769224732552011,-0.2106850115690071,0.09865390937473771,-0.9372032294294408,-0.07590430938884447,-0.07986997823919138,-1.067258119281331,-0.2597056091155413,-0.08897541818757775,-0.6938978229423901,-0.21119167087318252,-0.009643460139701373,-0.5670929233316011,-0.127742729471055,0.25750553518721947,-0.8416626284632347,-0.13772074370742116,0.09617905699300938,-0.9867286258885404,-0.23449181021561058,0.060363152078054316,-0.7310639418715298,-0.192025131852243,0.12672086559520906,-0.6158656584993504,-0.13007815372783704
A,0.0,0.0,0.0,-0.2938508741740143,-0.21655692454974784,-0.10398702747049697,-0.5146634668175369,-0.6456175528501643,-0.14490409143270963,-0.5870366952441869,-1.0308469677723209,-0.18660489437034317,-0.5532166990663647,-1.334294851371125,-0.1943480835356927,-0.30477569967871937,-0.9970373535070471,-0.0005872114457470745,-0.4551656420532324,-1.1516240313541037,-0.17749280041603988,-0.4083146662000218,-0.8055231287761091,-0.2558151509989472,-0.3311564448148085,-0.6187479417731889,-0.2784538464464409,-0.1421876207604656,-0.9897852822415558,-0.010381500878084711,-0.298624569168922,-1.1520215975346373,-0.20727112185561355,-0.24763044683294017,-0.7354268980516387,-0.23275303001153919,-0.15582792709733967,-0.604383649711242,-0.20082015636778422,0.03371923055602807,-0.9580044158284052,-0.054729375430240895,-0.10808273268829793,-1.1217180162070632,-0.2518295462222197,-0.08914093324357296,-0.7255100341152447,-0.2001116480895438,-0.010179465253797114,-0.6046151052909996,-0.11164036728974668,0.21472512768567703,-0.8849856767215343,-0.1103288874545768,0.08558360144386883,-1.0435037405704097,-0.2304205921329746,0.06368448367466881,-0.7699208024940059,-0.19404901193358345,0.1216372355714624,-0.6666638270385427,-0.1319426266772807
A,0.0,0.0,0.0,-0.2802360710934757,-0.24232631419282458,-0.08197465731564044,-0.4736953304028796,-0.6778419071451159,-0.11805973513523195,-0.5408630966928785,-1.0387174431471886,-0.15966759269073544,-0.5132584844380683,-1.3350157028456064,-0.17048605278015028,-0.26484401535063123,-1.0093610497961165,0.00756240937886111,-0.41968670666594177,-1.1473152135297198,-0.16821644337949695,-0.3828459404137363,-0.8016215885803166,-0.25637268029358173,-0.3113313002826884,-0.6121012836449284,-0.2869809520231183,-0.10925495798650679,-0.9939561926313517,-0.010697723363131014,-0.2760786295296068,-1.1245830525956977,-0.19686936982880848,-0.22958444045988474,-0.7269429835281358,-0.22490527493337162,-0.13963675961701513,-0.592896561712855,-0.1990420516092759,0.06131593427420714,-0.9519045284765776,-0.06086429899555282,-0.09846824973854035,-1.0880777123650442,-0.23748405639350378,-0.07727269094355832,-0.7120904573765614,-0.18725483672423235,0.007403536955973609,-0.5951711874010305,-0.10663640786008298,0.23702307344898818,-0.8678060905978753,-0.12175282849232473,0.08891752596878888,-1.0040109184506394,-0.2228546741288014,0.064722838539423,-0.7430247338564616,-0.18312636017541065,0.12543926352639634,-0.6420010901647073,-0.12322897447798409
A,0.0,0.0,0.0,-0.28061074956450677,-0.13381946548587934,-0.14531477274135374,-0.4900518916880443,-0.5747302909642066,-0.1928020723347005,-0.5384594746426535,-1.0017870834870548,-0.2314880737746297,-0.49453632723976,-1.3261734823508329,-0.23677222801513303,-0.36691794712601866,-0.948852988719195,-0.02907364565351593,-0.40829848615330555,-1.12298952728148,-0.21950982521845486,-0.3230001941156296,-0.775515436749572,-0.309899036650849,-0.24886089653819968,-0.5288024331811519,-0.33587731354249895,-0.1767400265104422,-0.9841505025074415,-0.014517280855536937,-0.21858355854011266,-1.163602675443631,-0.2190352342721866,-0.1443086305225704,-0.7350208110970192,-0.2580985349364284,-0.08794061961186532,-0.5424921683534949,-0.23172558117032652,0.021080977656467152,-0.983708162322075,-0.03691267810436271,-0.0237821811717053,-1.158456579119867,-0.24116748269933733,0.010184921299438961,-0.764743913796647,-0.19382014832579406,0.038868601626205514,-0.5895725766265045,-0.10264091847827655,0.21891492836538723,-0.9443466673464611,-0.07335241115763386,0.1703940631681841,-1.1412097815300768,-0.20388594987932182,0.1613176124656636,-0.8481356733977432,-0.16603767832964922,0.17607173834188847,-0.703065662904542,-0.0984866197478344
A,0.0,0.0,0.0,-0.28853268788935715,-0.18284644127136956,-0.14947077392885955,-0.4953581501093171,-0.6259717388043702,-0.2087672282715021,-0.55002379931522,-1.049398657168706,-0.2585276941128687,-0.5008685403558447,-1.3723323845185906,-0.27461151967934677,-0.3437136222650691,-0.962693564322216,-0.06885772842801038,-0.38697363832577836,-1.15236669011844,-0.24616182828133623,-0.31785207646144104,-0.8041376475416382,-0.3189366898781093,-0.2535945733560687,-0.5703212473650443,-0.33914423539700395,-0.1508481222363539,-0.986888029099994,-0.05741830750636433,-0.19660139423484047,-1.18777973246607,-0.25354576655668526,-0.13969506782537874,-0.7612643255333168,-0.2810262292608882,-0.08257636658714523,-0.5775969266507268,-0.2552864844112614,0.048289187042043095,-0.9817603432053138,-0.07926030194512564,0.004247803475476936,-1.1936290938085201,-0.27989328857615153,0.012965299156491484,-0.7863405141305474,-0.2233189129241613,0.03893088407421431,-0.6065035346668888,-0.13289298315483586,0.24372098521843097,-0.9340269521385679,-0.11561335993885546,0.19641756110993544,-1.1420714213236745,-0.24665154484143126,0.1640939280308474,-0.8461267905301743,-0.2067746030265485,0.17464146865978977,-0.6960548184989703,-0.142781676528895
A,0.0,0.0,0.0,-0.27708172433933786,-0.20791714740864775,-0.14088416212619256,-0.47706862508824993,-0.6417416759221786,-0.19773631876815723,-0.5381778892411405,-1.043840094606388,-0.24750464760784882,-0.4989567025701175,-1.3630368547702616,-0.26483617463526965,-0.34301145859220383,-0.9654375013308105,-0.06076424529932194,-0.39003541489177934,-1.1663917809688427,-0.24564628563907645,-0.31735632936142605,-0.8181078060667943,-0.3294846592472963,-0.2528981562037544,-0.5718152504457888,-0.3540317855471671,-0.15300317656201484,-0.9869063812940594,-0.05104725774219002,-0.19641558500887527,-1.1963324589512507,-0.25912799879066356,-0.13641910794261278,-0.7691545165434969,-0.3007670864619833,-0.0877626620971295,-0.5598715868527643,-0.2806100445997749,0.04488306544963494,-0.981138874384408,-0.07323536676941425,-0.0009700911663793442,-1.2022468808791096,-0.27520505991517985,0.015324667878706441,-0.7987192427613636,-0.225778948891618,0.035241823885544234,-0.5932154193851377,-0.13771499799561066,0.23519391707629636,-0.9346929345051852,-0.10948530549992838,0.1870573243721627,-1.1459894286967454,-0.24336575018080372,0.16266069178966086,-0.8538691817295483,-0.20845092522232364,0.172770554591316,-0.6896169859170078,-0.14558364394162232
A,0.0,0.0,0.0,-0.27221575216036104,-0.2098134969170013,-0.12997670869069328,-0.47268307985775176,-0.6505325456787288,-0.17874025935347218,-0.5385159941000957,-1.0526822512047709,-0.2234748388534118,-0.4909998327339922,-1.3648926765146359,-0.23484606028872293,-0.32711411770969584,-0.9724796168287481,-0.030487141775524775,-0.3855643765246397,-1.1733920216910807,-0.21377350286944874,-0.3184932482837148,-0.8210547086903182,-0.29979261817293523,-0.2519630113861933,-0.5744569904685305,-0.3254783763404762,-0.13950785047570127,-0.989888917681976,-0.02564157378274021,-0.19175350197268234,-1.209144849241218,-0.23183558481804736,-0.13500744196773892,-0.7773568250640083,-0.2730010109629298,-0.08255181151764569,-0.5691443424571258,-0.25061119660821174,0.05523379038131195,-0.978616537521424,-0.054095949947518485,-7.520736142985207e-06,-1.2119920495302292,-0.25271811203682865,0.015250548750745403,-0.8080450384807366,-0.1996217712728742,0.0417695668792484,-0.6036052579526211,-0.10787745797685945,0.24435954714563526,-0.9248267284795652,-0.09658339929437536,0.18699678677696704,-1.147617706855456,-0.22528797552644336,0.16127556833851192,-0.8630366611582444,-0.18767156596559534,0.17421424279890368,-0.7026331973828731,-0.12279836346153764
A,0.0,0.0,0.0,-0.2679126638647026,-0.21397644699620053,-0.12542709114388506,-0.4704384363409406,-0.6606308433198913,-0.17037440697329026,-0.5264256563409206,-1.0707126633600144,-0.212528579380708,-0.4709894725155977,-1.3840643140825848,-0.22311468011767355,-0.33033304509426054,-0.9655660887478235,-0.01741562954241372,-0.38112955598386455,-1.1380709485732239,-0.18395487732836496,-0.3047529340384675,-0.7941602627485793,-0.25326488192887314,-0.24311466866971312,-0.5503971732370034,-0.2681262227303256,-0.14203546115647978,-0.9897578985728428,-0.014325850297151388,-0.18477137781321756,-1.1985889104537177,-0.21318121617345218,-0.11828302178007043,-0.7793322697387832,-0.25331638489639696,-0.06678187737018532,-0.5643430829741062,-0.22920019631646601,0.05504953175349986,-0.9777906751160637,-0.04295492112558255,0.008211001129174634,-1.1919432045292555,-0.24248724028835122,0.03503143733795924,-0.7940511797672163,-0.1980005645696602,0.057662053964529114,-0.581285888101693,-0.10940130280992089,0.250287710288202,-0.9250759445569751,-0.083703392009456,0.19617768989507695,-1.1543349476273705,-0.21268496836948317,0.1789234361438213,-0.872074985116427,-0.17657909025217552,0.1863097820879839,-0.7055791086877833,-0.11183634678238323
A,0.0,0.0,0.0,-0.27276836536933635,-0.2058947702192108,-0.13235003797849987,-0.47806857741560416,-0.6543469186450929,-0.18450661896326498,-0.5385171376754968,-1.0595546276019414,-0.23122777360212968,-0.49118526182392674,-1.372873189662717,-0.2453329147493811,-0.3244444735622853,-0.9759923162559977,-0.05315954565745475,-0.3892297133412379,-1.1700468290387782,-0.2361718510920747,-0.32208255496672217,-0.8156673484413601,-0.31459233317770907,-0.25474431018753857,-0.5778906046496531,-0.33487828870551206,-0.13771060934031154,-0.9892967638271679,-0.04824625535948709,-0.19591326235545925,-1.1944018109447156,-0.2541438295639838,-0.1390057673115547,-0.7622332453254664,-0.2880128185141892,-0.0817716882305814,-0.5627970445275844,-0.26184950212455177,0.057702656177637215,-0.9767886858413014,-0.07564215930796965,-0.0032597981128326915,-1.1969123690835144,-0.2778949066793585,0.01031745740049576,-0.7896339783597192,-0.2250351768187606,0.04109399989839929,-0.5918506371981029,-0.13375745921248544,0.24720175970700278,-0.9265442906471212,-0.1161994792549584,0.18297920519080743,-1.1465771889650611,-0.2487246040219574,0.15912799653354,-0.861207845895336,-0.2129607252442774,0.17885083251130243,-0.7034804447326108,-0.14929284055815337
A,0.0,0.0,0.0,-0.2711545345488074,-0.18739667421082937,-0.13467716766452503,-0.48298423628911136,-0.6343443858525043,-0.18658232126437446,-0.5451386431112619,-1.0453862774523437,-0.23309469582111175,-0.4957488661418522,-1.3570589385747311,-0.24704844771573542,-0.31406780796188893,-0.9754337146275991,-0.04074789054150259,-0.38688412676510947,-1.1521767588312157,-0.21400615778036153,-0.33166594833903296,-0.8025491667533792,-0.2884967528894859,-0.2671313022303239,-0.5859228469176724,-0.3095937448812779,-0.13225679808303906,-0.9906153256145558,-0.034487911192036966,-0.20284481417464498,-1.1720327158631745,-0.22307719669680318,-0.1543133508595266,-0.7495918166089747,-0.2461021192665435,-0.08960794550801642,-0.5791566248576852,-0.21703304982115637,0.058985723624386956,-0.9742504464354198,-0.06268683458355098,-0.0072459742183332496,-1.1737436210807286,-0.25657819504785867,-0.0021870434236714903,-0.7723055063656951,-0.20074180491867807,0.03625607224532356,-0.597278185982604,-0.1106704923846854,0.25086610790016,-0.9152803832706902,-0.10464915858248161,0.1794673618586059,-1.1223526180647343,-0.230172100182914,0.14778263801976949,-0.8393906992597352,-0.1921337095181859,0.16943924674962585,-0.693287946700891,-0.12929619984549331
A,0.0,0.0,0.0,-0.2690789744970509,-0.23067891318234562,-0.09653910452092021,-0.4527808017888014,-0.6750460795179949,-0.13813295027613176,-0.49950617196447783,-1.0561183496055024,-0.18309973950876282,-0.4493440532763091,-1.3550291030638033,-0.20030871016570623,-0.2541508760506126,-1.0059798952090955,-0.004574387722739157,-0.3656859586031333,-1.171563617233725,-0.17510900906587012,-0.3382935611570002,-0.8305873996131776,-0.2589096735605122,-0.2777984370074307,-0.6136419149632308,-0.28728259415303764,-0.08652780455122241,-0.9961054042415767,-0.01693997285330069,-0.19797425905561605,-1.1719570172432687,-0.1968087312685382,-0.1803273294321093,-0.7633364969855405,-0.2221077244205915,-0.11010256389707898,-0.5950273117530305,-0.1968152690943673,0.09695365844399442,-0.9563674814384769,-0.061373453545695164,-0.0025717206754152953,-1.1568349318955726,-0.2401736024450663,-0.018829842755651808,-0.7690002512991851,-0.18288148540385124,0.03636463076724265,-0.6016768270101294,-0.09705873920785577,0.288233485306556,-0.8673785905440251,-0.11746095733690154,0.197655620120683,-1.0812392764984466,-0.22768524349268054,0.14095477123557423,-0.8099747463928199,-0.18255753330786975,0.16624180035477024,-0.6630770726375953,-0.11811249784121329
A,0.0,0.0,0.0,-0.2631257217836597,-0.2511242448675032,-0.09173237838708609,-0.4415593273657217,-0.6932101317481085,-0.13482134994998993,-0.49481737792880487,-1.0692253647996237,-0.18383799651217608,-0.4484940363501995,-1.363970822842431,-0.20494014255095658,-0.2502989271326363,-1.0099677583938804,0.004660222360757196,-0.3664863093206325,-1.1900811213503453,-0.16947363551240338,-0.3381638526739167,-0.8475754439960105,-0.25224348426543564,-0.27767041315631813,-0.6274469579277097,-0.2774579167233385,-0.0850891793282058,-0.9963058894307912,-0.011593370811482017,-0.20138432734617115,-1.178438124732783,-0.19878850975688234,-0.17753304394122205,-0.7675685544268451,-0.22644816589688266,-0.1095081181338156,-0.5963802422034247,-0.19867130148193474,0.09753413702612855,-0.952355170034635,-0.06041682836790701,-0.013225188219976727,-1.1465746218705917,-0.24288705608029396,-0.020188427801414888,-0.7540497819293392,-0.18842968565638774,0.03452438755278866,-0.5914513967948754,-0.10163921241831436,0.28648740240553894,-0.8597176521469142,-0.12034347634845098,0.1761529317483657,-1.0628380589267727,-0.2289124777309619,0.13300432125949724,-0.7915579081818508,-0.18534220941046337,0.16848899253173694,-0.6557652754204623,-0.12096029344160708
A,0.0,0.0,0.0,-0.2666802232106363,-0.2541803305327122,-0.09189175742065778,-0.4421776501303031,-0.6923970526425928,-0.13909912267624663,-0.4947485807918459,-1.0642373527654314,-0.19479672033491702,-0.4438699227874992,-1.35106357325634,-0.2225183478803766,-0.2525175286253876,-1.0106749312979089,0.006726893645078692,-0.36786530315147237,-1.1937113906985317,-0.1767315949463276,-0.3529649512541126,-0.8476169746142186,-0.26454598819293496,-0.29895217526217144,-0.6249659036174348,-0.2916533209119266,-0.08834205295410627,-0.9960310785903859,-0.010852288326737673,-0.2066958439670876,-1.175798802357016,-0.20892263201815894,-0.19257668908265418,-0.7656574863734963,-0.23901654385761173,-0.12106761760291035,-0.5980320077423794,-0.2095004771546162,0.09101367269120421,-0.9522701250097864,-0.06266496963760887,-0.03499821855598283,-1.132690944288645,-0.2506396076797474,-0.03766598784334879,-0.7524821359560543,-0.203388758258676,0.030228399903407994,-0.6021546546515442,-0.12000863918463625,0.27642615576488666,-0.8630463190670614,-0.12574662380346815,0.14423695839387324,-1.0387669239769615,-0.23424555896305077,0.11211117533793205,-0.7785949974728795,-0.19778653901645077,0.16293918511888147,-0.6516249366193165,-0.13812574564460714
A,0.0,0.0,0.0,-0.2658366138876317,-0.263188350415609,-0.09901129472880506,-0.44254682998001427,-0.6972152839586083,-0.1418489587061148,-0.4971842151163634,-1.0653056905419478,-0.1879744259533451,-0.4439454161154192,-1.3579178413113042,-0.2042883968620246,-0.22972059188742022,-1.0129597660471295,0.014847412216897749,-0.35704571086281084,-1.1776439340634812,-0.1558307810897115,-0.3404086946037528,-0.8454651251682316,-0.23867675151009396,-0.2901500955816423,-0.6282444872232738,-0.26374974036374377,-0.07316539856835491,-0.9973087284363514,0.0047036833440915506,-0.2038878067308326,-1.1776563672253215,-0.18698461615635834,-0.195231000941923,-0.7683945572087709,-0.22161295974227888,-0.13205029876137103,-0.5901680736584467,-0.19478754564154296,0.09685461988065386,-0.9528344411030513,-0.03887890384536697,-0.032879641058804115,-1.1333873716340386,-0.22145337071289908,-0.04445780616527907,-0.7521675461471501,-0.17682348814203125,0.012152403697526059,-0.5935666639903775,-0.09431472205793144,0.269710555802487,-0.8628125665119889,-0.09420489278309782,0.14427672314334275,-1.0387276385331778,-0.20107583409984073,0.10253744227165001,-0.7810162404799504,-0.16549199841218795,0.14331589996204225,-0.660066442095741,-0.10562570972075727
A,0.0,0.0,0.0,-0.26853139772250695,-0.25766044158192664,-0.09461289383513995,-0.44545004345058076,-0.6918973476708118,-0.13482672748262908,-0.5013270549353689,-1.0562341542368683,-0.17992330986693245,-0.45846503736036504,-1.3554358861279692,-0.19606953581020828,-0.2429828274591832,-1.007911939097294,0.017616195654432034,-0.3738507129185994,-1.178002959609272,-0.15670300246684718,-0.3508383771821269,-0.8396743761768583,-0.24402366110419568,-0.2959524516604343,-0.6191949367322611,-0.2714967304794314,-0.08700916057859415,-0.9961950429454559,0.004984213710244395,-0.22433106816854115,-1.1739469446294133,-0.18741119061319822,-0.20486479073109093,-0.7626712056445255,-0.22311277065552887,-0.1355637245507033,-0.5833898663290372,-0.19793488470366394,0.08463926014153521,-0.9543128686481024,-0.041162072787414385,-0.049793565562971515,-1.1410593510992286,-0.22508600608816096,-0.054232408395939936,-0.7557952945358125,-0.17991004926358678,0.007647044020661989,-0.5924508942499271,-0.09757055790350859,0.26128029802130737,-0.8652990507724266,-0.09889762719702529,0.13258066534590027,-1.0414402215608645,-0.20896105836846016,0.09482167386709117,-0.779728953930823,-0.17381078430680072,0.13865690441807252,-0.6527696313075415,-0.11398496873917603
A,0.0,0.0,0.0,-0.26737789122134353,-0.24570315961128703,-0.0839239767864095,-0.4495951480398897,-0.6811455509302695,-0.12127697966699827,-0.5156488852781532,-1.0511736668718787,-0.16683521340273552,-0.46819564545790326,-1.3485698423714407,-0.18315711390446182,-0.25036106795261337,-1.0040156310801978,0.028425302047938323,-0.38933460627769806,-1.1719479502695223,-0.14761176755814126,-0.35923407610097297,-0.8339546117963067,-0.23168597586612083,-0.29462272630777225,-0.6230379424291689,-0.2562224424996453,-0.09488533069516956,-0.9954394400134026,0.009853693960736768,-0.2429370538032927,-1.1735090067967162,-0.18143286903087788,-0.2144739513452322,-0.7651280128369572,-0.2105007358613961,-0.13819484590743647,-0.6062104315946802,-0.1791252473901399,0.08031429483328496,-0.9574477096103031,-0.042614638683447864,-0.06872026676199426,-1.1300536519822757,-0.2263329795316552,-0.059806280040617575,-0.7443644482882151,-0.17612670512656645,0.011446279189330302,-0.6035480143658748,-0.08943201949048207,0.2632503220577101,-0.8734678913217817,-0.10562910082614863,0.11494275545816049,-1.038743374253985,-0.21154386352951118,0.08912547418152816,-0.7760323503021981,-0.17197980450509198,0.14401814925706882,-0.6619364338633057,-0.10887501415209479
A,0.0,0.0,0.0,-0.257225837919005,-0.24186360108333113,-0.08994135227672452,-0.4344176067851004,-0.6753540531050026,-0.12424298729298154,-0.49292913457280024,-1.0404080186002085,-0.1625592642594981,-0.4492146308649004,-1.3369754660908115,-0.17111977524752767,-0.23558107690005922,-1.0091955235963992,0.02441829989550415,-0.3664745735801515,-1.1689874879428992,-0.14566228502937745,-0.3487628585311385,-0.8297669188163143,-0.23044715562818543,-0.2945098672154262,-0.6141566926237989,-0.2576680857010262,-0.07952003135181639,-0.9967648454854248,0.011679358639210392,-0.21457557522463094,-1.1661289751762804,-0.17856036733421832,-0.2016824633085852,-0.7532401993279271,-0.21370424654815084,-0.13434752698362806,-0.5833576005764861,-0.18802203458543032,0.09028251703460459,-0.9555206102737962,-0.034452074202040966,-0.045405138827707754,-1.1144571792912243,-0.21636106098433494,-0.04559125592637943,-0.7306708565929995,-0.17334394247651733,0.020001727276908726,-0.580945225647774,-0.09319500651031946,0.26354781549646533,-0.870302994191676,-0.09178223371221797,0.13258970673603548,-1.0279478933906732,-0.20234365241261332,0.0984902524966093,-0.766775000687857,-0.17136828874679086,0.14542635455532596,-0.653534038965495,-0.11508555609980844
A,0.0,0.0,0.0,-0.2735771693476039,-0.23879235026808032,-0.09221278962737099,-0.4551042657812877,-0.6733157538891626,-0.13621648483609466,-0.5172581515357335,-1.043571658665731,-0.18824635820373234,-0.4857226556026838,-1.3428650427746702,-0.21156256662616768,-0.2537535453636982,-1.0072439520811927,0.016068634234834192,-0.38934083879766873,-1.1914851232148058,-0.16836445823556484,-0.37007160030597613,-0.8404021828694127,-0.2608671774825622,-0.3091644194728136,-0.6152183329842721,-0.2905829795856051,-0.10228162077658114,-0.9947536439974701,-0.0019125389068472276,-0.24533751430280684,-1.1818465293517821,-0.20192369674806232,-0.2181446556560787,-0.7654205881953036,-0.2368221604372483,-0.1348275527209296,-0.5920457260083726,-0.20862652059748887,0.06897786182375862,-0.9548202235928922,-0.054855473183854433,-0.0737571181674101,-1.1325545047831158,-0.24532134564177055,-0.06383470719631776,-0.7460689131991927,-0.19953189725759343,0.013783677954828513,-0.5954288612664825,-0.1152256942769655,0.2498303037936047,-0.87011877621569,-0.1192290814262987,0.11218842769505145,-1.050323502793678,-0.2298976964771703,0.08298352950834216,-0.781873442396762,-0.19184169385669764,0.13564573502728133,-0.65050204012357,-0.12941980665836775
A,0.0,0.0,0.0,-0.25825187838344216,-0.24579605550577563,-0.0874161504628387,-0.43953757376523794,-0.6747306091474,-0.12529825156641403,-0.5045451886924754,-1.0360701543411048,-0.17002555337355507,-0.4637373554704345,-1.3399548341619405,-0.18479874617357703,-0.25201699070568556,-1.005668424313068,0.024927191893976002,-0.38861218034466144,-1.1808462427175055,-0.1590710962241796,-0.36230931432403835,-0.8372338240679357,-0.25380072536435583,-0.2993525698002857,-0.6149282753368205,-0.2840304946989317,-0.09528506721445433,-0.9954143599755995,0.008426619743669154,-0.23299329060165339,-1.1720676888723183,-0.19120579232476406,-0.20756338940630373,-0.7598507928106223,-0.23065586605635086,-0.13567950434029555,-0.5902660481029941,-0.20507975152356664,0.07760943538237193,-0.957411837840609,-0.04226953714041089,-0.06374354920232342,-1.1265627611751898,-0.22858221499638182,-0.05537867913329149,-0.7439435296656238,-0.18367816082651933,0.01247265215506925,-0.5959198222704353,-0.09961679222988788,0.25407749838768307,-0.8767466659698353,-0.1042939199180569,0.1183457801354458,-1.0432319468358102,-0.21348468102641613,0.08839599531765935,-0.7832026378466828,-0.17808891686911915,0.13536780310840105,-0.667862537887364,-0.11709592966229569
A,0.0,0.0,0.0,-0.2724330502613424,-0.22969938599521528,-0.09006699387585348,-0.47149589534036784,-0.6473063031354976,-0.13155354415825357,-0.5532162908016461,-1.0228117939506716,-0.1786401802582575,-0.5176655969899279,-1.3130213681957246,-0.196608126527578,-0.2906812881940654,-0.9876018641769797,0.009844697227588522,-0.4292844122361387,-1.1642363736029324,-0.148715256470701,-0.38873525732777414,-0.8282122809500273,-0.21855831108713775,-0.31103914390624554,-0.6457104798382461,-0.23928198052537275,-0.1297160391280695,-0.9915412494766856,-0.004438443323736084,-0.2684748317160115,-1.1606521715449345,-0.17562950938343183,-0.22653157522720646,-0.7623041608076703,-0.19163464155159443,-0.1435414070335587,-0.6265926756426837,-0.15923916009650504,0.04694922145675511,-0.9657138072577726,-0.05067794114940769,-0.08135991536923821,-1.1323977419308378,-0.2241376601035286,-0.06827198673775092,-0.7476610180648103,-0.16927402465866911,-0.0019036291554341961,-0.6101780307332271,-0.0850124652506059,0.22953753779062588,-0.8899473658391439,-0.10749922258798308,0.10790154957458484,-1.0690059199656514,-0.21269103779315066,0.08298398853492708,-0.8002098931308956,-0.17188719266465494,0.12999618365674062,-0.6756388612919916,-0.11027210534495235
A,0.0,0.0,0.0,-0.27560492139360754,-0.2077014518948791,-0.0967683021478463,-0.4866873322101313,-0.6288393869251578,-0.13758582177094006,-0.560541052254695,-1.0012841023506507,-0.1824103465206484,-0.5339267839454086,-1.3068300014808745,-0.19756194495416407,-0.32336270777811726,-0.9769755857724078,-0.00667763828067869,-0.4357114836095836,-1.1405723470119686,-0.18432905182538137,-0.3750418729101513,-0.7921001273898229,-0.2703569661071139,-0.30039501340089136,-0.570223845876587,-0.29750324260620803,-0.15387617083884275,-0.9878969279584938,-0.01953928806650365,-0.2638787301525225,-1.156514435430096,-0.21649055326235525,-0.20259014161631733,-0.7446110686916325,-0.25217221322848316,-0.12934443093153383,-0.5655100687776768,-0.22903158006029592,0.032535763658681584,-0.9748225033832887,-0.06372503335817925,-0.0797174085557545,-1.1721735667863464,-0.25240004998790594,-0.051343144357138444,-0.7698744356588817,-0.19803521991412948,0.0035182131067144685,-0.587761847697141,-0.11032509884890097,0.22100413936966043,-0.9195493833642262,-0.11986985085283097,0.1096832876995972,-1.1016095005035969,-0.2408909493632441,0.09664977257912129,-0.8212845766592725,-0.20358141548318248,0.1398928448998706,-0.6835857236032503,-0.14141030921705747
A,0.0,0.0,0.0,-0.2656098378568868,-0.18927695000583303,-0.10819924979863998,-0.46842752274533267,-0.6185507799502434,-0.15079315569993657,-0.5361271019487435,-1.017142085773976,-0.19329604746261095,-0.5170713330581027,-1.333232662984947,-0.20612561885397937,-0.3303123302915445,-0.9762024265407627,-0.020683202291943047,-0.4180679712621105,-1.1634587697685932,-0.19154009360847632,-0.35649816253807154,-0.8226269075978161,-0.26967430492802213,-0.28424304178104237,-0.6044699324166422,-0.2927655616648743,-0.1508041237284397,-0.9882769246929335,-0.02380832598011086,-0.22400705800864382,-1.164027245538294,-0.2042135351317989,-0.16833040765065405,-0.7478477726242475,-0.23047783993738383,-0.10753626196990469,-0.5785314811680826,-0.20648709694313072,0.04174869065145855,-0.9760380114568897,-0.05850360574156158,-0.03058484578671659,-1.1761960851869306,-0.2413123427331733,-0.016692377897183745,-0.7772777692886318,-0.18586458805179762,0.019453459250340675,-0.5971343502059148,-0.10040909931635625,0.23679321259396185,-0.9235101222992701,-0.10480926937408687,0.16527932478424529,-1.1332086694524555,-0.22542882562049937,0.13932752618570338,-0.8516143182707419,-0.186093369972588,0.16023220639775607,-0.7031599348369135,-0.1235148314817758
A,0.0,0.0,0.0,-0.26029114856653124,-0.1973536512917662,-0.12609462796926152,-0.45692846187166203,-0.6231057473777336,-0.17907482024958699,-0.5202821571853093,-1.015604962731325,-0.2277829876640974,-0.47871247607165524,-1.3282760516529737,-0.2440372738878118,-0.3163758481673985,-0.9801920290946422,-0.04252112475670389,-0.39755624528839767,-1.159199849842386,-0.22868344480108782,-0.3358868840453668,-0.8130979145036349,-0.3129500100503689,-0.2660788372807087,-0.5865080664920175,-0.3369947329348608,-0.13685158383162208,-0.9897783080819733,-0.040131594201612955,-0.20481150245874874,-1.1640519134311622,-0.24099686516756827,-0.14848394608107132,-0.74306297267907,-0.27366236963539275,-0.08605036170069495,-0.5628450449451564,-0.24880121239003963,0.05351173050601359,-0.9713361105368336,-0.07083112700340126,-0.015636813918179063,-1.1698378120462478,-0.2699583935579958,-0.0010546667150171335,-0.7712758294180134,-0.21550885624331254,0.036605139631932716,-0.5864021522957428,-0.12533270771981037,0.24210791869002932,-0.9135403745538946,-0.11450594600234283,0.17522683311566134,-1.1173583720166018,-0.2465481675672784,0.14902097580866136,-0.8369130944733131,-0.20963209145244416,0.16975778203985398,-0.6869961740691224,-0.1450629934428135
A,0.0,0.0,0.0,-0.2634302126128576,-0.18520748492304398,-0.13360804624839037,-0.4656168060604226,-0.6230007295032182,-0.18423459645237406,-0.5207354011444204,-1.0192256779743278,-0.2275022481370155,-0.4636890036407325,-1.3216458073944115,-0.23756389818397466,-0.30695490462012437,-0.9792935308041292,-0.04778947510043854,-0.37567391251244786,-1.161714054524188,-0.22226518324401726,-0.3169755644107164,-0.8136265281123295,-0.2982287063358847,-0.2518432321677664,-0.5814119664832187,-0.31939692876593234,-0.12387116269057503,-0.9914484680276677,-0.041059350935879084,-0.18496128002385484,-1.1734056269038369,-0.23563935015361526,-0.13180991626149552,-0.7490696772474352,-0.26619206510035676,-0.06935905033501996,-0.5601501568455407,-0.24021472056854365,0.06446625468560824,-0.9710417538894963,-0.06675085474006544,0.0021002662427162234,-1.172672881393964,-0.26246125574548307,0.014936330222813498,-0.7767987297566012,-0.21007646056823667,0.05366002669589191,-0.590257584798952,-0.12134731315435672,0.2521806352142102,-0.9103910731733512,-0.10580157501500273,0.18989019375138722,-1.12032379044186,-0.2381134385048803,0.16331992958192565,-0.8412255555402611,-0.20298247498386013,0.18241555748431718,-0.6894152535194515,-0.13965257592537356
A,0.0,0.0,0.0,-0.2617512544212627,-0.1896289905130609,-0.1374689331585768,-0.46246040044337144,-0.6331582492490432,-0.1914694634517928,-0.5200436604622862,-1.042194053328389,-0.237086641292927,-0.4585256473156208,-1.3473324885442328,-0.24651780962240957,-0.31694982937521476,-0.976317906402997,-0.05948968219807638,-0.38624854358526217,-1.170824503117746,-0.2452642332533963,-0.3159283419602211,-0.8091859276193493,-0.32116648636906553,-0.24742978530173138,-0.5758693366959736,-0.33922680588056964,-0.13026431352060622,-0.9901563359988979,-0.05120194238740305,-0.18765736344426362,-1.1899315853681547,-0.2577833744332092,-0.12541539822714126,-0.7503993192962802,-0.2879856597391081,-0.07076301315566016,-0.562291705937784,-0.25944262734117973,0.062024885858608346,-0.9753670077304573,-0.0758996720156258,0.0023708709239664235,-1.187354868562968,-0.28124261318979793,0.022900202482009916,-0.7769901744805229,-0.22452820191805445,0.05367628697690407,-0.5824837295695211,-0.13027665188259352,0.2514820345298246,-0.9230627230208607,-0.11417863299716731,0.19208669318043295,-1.1392860602043502,-0.2527236796367396,0.1714425979894967,-0.8553017807700769,-0.21773321951172914,0.1842639424790731,-0.6997005110172041,-0.15307807756383904
A,0.0,0.0,0.0,-0.2746078463509385,-0.17314931959935917,-0.1308495334418903,-0.4767909980910988,-0.6199095509279032,-0.18007224566840316,-0.5251060947011263,-1.0396665144473034,-0.22360179398624092,-0.47029843438524604,-1.3500966300657347,-0.2337971310670363,-0.31547198989402137,-0.9804252240690744,-0.042629299374042404,-0.369769773501869,-1.1989569626662782,-0.22001328803652984,-0.32078661043405327,-0.8396711917022998,-0.29624295878089507,-0.2592310626056972,-0.6047976502139291,-0.3172675482993278,-0.13170144662881592,-0.9906320090922862,-0.03609641973461631,-0.17996072970140534,-1.1979165489904982,-0.22612560274595517,-0.13917336831756055,-0.7573067536341738,-0.24906286591631127,-0.08401756720738397,-0.5814083860444238,-0.2191823100345551,0.06094776615824272,-0.9738401517376335,-0.06319999917555355,0.011442083536897315,-1.1963644084341738,-0.2598366324512261,0.010569110473431667,-0.7792803274700969,-0.19905653817686167,0.04257185277143776,-0.5965384801214303,-0.10534508845726039,0.2570965802512963,-0.9127388212609147,-0.10324227103449296,0.20200337664443424,-1.1383594958369287,-0.2354401420753706,0.16269646163208312,-0.8369058005213884,-0.1945376459979294,0.17598409224946152,-0.676933101188702,-0.12776201951762933
A,0.0,0.0,0.0,-0.2726510216096886,-0.19690467129425546,-0.14931408923062034,-0.47933735397633837,-0.6388273583328831,-0.20812463502219533,-0.5267582885388823,-1.0493544988055015,-0.2555910927920263,-0.4593322852945619,-1.3538130996255648,-0.26803626148542153,-0.3175506942884783,-0.9769863895128431,-0.07378586460098191,-0.3564208848278826,-1.1817624995312066,-0.25516452700658965,-0.2996007603236239,-0.8248890492618428,-0.33342492025365916,-0.23834595162965785,-0.585814421557719,-0.35634770271729566,-0.13154690735539837,-0.9895536899238637,-0.05898225091751017,-0.17051903940333832,-1.197023097645319,-0.26171598319304384,-0.12402213071188627,-0.7621503744839894,-0.294094469136479,-0.07165985199568697,-0.5660191786715384,-0.2690046867691435,0.06114296255455622,-0.9776090098474871,-0.07682702913063653,0.01383021703694557,-1.1992519443498804,-0.27801403424912435,0.021333965387217133,-0.7879661091523005,-0.22353332641524357,0.048094449461987494,-0.5873226682714504,-0.13308360870920546,0.2504430106425601,-0.9231944916141597,-0.1093842650902999,0.19864880060172863,-1.1452601252864754,-0.24919123460004808,0.16688083991485073,-0.8480405906039384,-0.2155644985033285,0.17817790951099305,-0.6789447704677501,-0.15261869313231904
A,0.0,0.0,0.0,-0.2623569143750266,-0.17554725080750308,-0.13609229439830606,-0.4630792862069535,-0.6117352787077835,-0.18617481667962638,-0.5181769720299724,-1.0262182358008332,-0.22847118337739503,-0.4504977182179602,-1.3274877134779488,-0.23424240043789388,-0.3338669834729365,-0.9683222691988993,-0.04645922791536801,-0.38319485554785576,-1.1762658590734163,-0.2272772679444936,-0.3165714994979064,-0.821080057049314,-0.30105325040259745,-0.2581912763361299,-0.5735281643415554,-0.3170756645399335,-0.14492530545099,-0.9887717926097462,-0.03642798346389907,-0.18328200533351036,-1.1874841659575395,-0.2344071189716812,-0.1210723322708733,-0.7461935424639802,-0.2617412740497798,-0.0740248049174434,-0.5543384361916524,-0.23111538424760386,0.049717917067198525,-0.9784051825699077,-0.059988638611678545,0.006787177310225034,-1.1906662716413423,-0.2581600776978267,0.027253995598209273,-0.7842668490965676,-0.1999540738740543,0.050346601022081904,-0.5922263538780844,-0.10541172282176034,0.2419626132034599,-0.9252625764106394,-0.09719888441409925,0.19850756559222074,-1.1453793324385932,-0.23224425425442993,0.17713413163956876,-0.8566559227395051,-0.19511755768989011,0.1839628773387026,-0.6963933988756555,-0.12877340391635692
A,0.0,0.0,0.0,-0.2647485693236276,-0.16370406972536378,-0.15499034277401535,-0.4593111327565755,-0.5999690398785064,-0.21252239182291183,-0.4984659451860569,-1.0182533499445454,-0.2547985343209824,-0.43318421458379724,-1.3264356778516413,-0.26072160813376855,-0.33139966059404913,-0.9629869813158366,-0.08153221002479091,-0.35605549503741357,-1.1613434325159593,-0.2599068102373155,-0.28615079547702305,-0.812700565787131,-0.3333304967281103,-0.23006850082016697,-0.5630938947901348,-0.35178160685262816,-0.14157433247525503,-0.9879820965860534,-0.06203293649032102,-0.15712189931081907,-1.1922121750131733,-0.2638424984222056,-0.09917432494132164,-0.7531881389114566,-0.29672656214740756,-0.05883233555187547,-0.5427957845105991,-0.2694292360230703,0.05172579422910259,-0.9799549998007026,-0.07420814005421109,0.029842027930111387,-1.180466450229273,-0.2742030686942233,0.04759170783301882,-0.7808497750895597,-0.22274255750117516,0.06270851957010838,-0.5804470842046736,-0.13241626504290965,0.2411405588946632,-0.9260674757947386,-0.10100228120112227,0.21388887430175607,-1.1387323080872642,-0.24198695453644894,0.19328697154154909,-0.8517707874604135,-0.21032574732615456,0.19330104450641403,-0.6861892006616562,-0.14693963170658816
A,0.0,0.0,0.0,-0.26458800039599284,-0.18636188696088624,-0.17177893455662602,-0.4418797889098181,-0.5984123011205201,-0.24077794114263737,-0.4722806604539402,-1.0082107421227011,-0.29161595172198607,-0.4045769827607304,-1.318462715301022,-0.3048045808847168,-0.32637124709334325,-0.9568480423286498,-0.10172790656005802,-0.3386156808156873,-1.1571602732809698,-0.27940480424052216,-0.2744450177528836,-0.8157122359685703,-0.34930397573309774,-0.22421581213619238,-0.5603849350951503,-0.3651679146864318,-0.1350187988530613,-0.9880266398046832,-0.07465442379754458,-0.145344351651202,-1.1812455689950327,-0.27909942500528956,-0.09514548286164207,-0.7571581759814172,-0.31731072719718023,-0.06179856832721475,-0.5483810509616756,-0.29421143582099635,0.05848082259640192,-0.9854712983759173,-0.07919463928314492,0.037517155750889104,-1.171802542077075,-0.281730742566145,0.05273214707132123,-0.7824958617205868,-0.24053693190487213,0.06058969173092246,-0.5874634644195003,-0.15730689864433187,0.24048830234985763,-0.937097235703194,-0.09921908542996757,0.21815580109226934,-1.1374889859145099,-0.24129868503764984,0.19539337490068917,-0.8555662467063606,-0.21558897097333798,0.19179432404556804,-0.6933472647878269,-0.15660509138839818
A,0.0,0.0,0.0,-0.25372520978880314,-0.17764097236547494,-0.15794935978366156,-0.43138555030315906,-0.6000141848202686,-0.21600745160610277,-0.45868341899627985,-1.008781426401615,-0.2609015525596955,-0.3901968759756662,-1.3195072520627191,-0.26890930218589204,-0.3153648047490425,-0.9685098185520915,-0.06179804366028411,-0.3414733768715884,-1.17478091156586,-0.24255501588885164,-0.2931679838385929,-0.8343380431871156,-0.31528602725055327,-0.24670410210396707,-0.5744617552584491,-0.3294583051200028,-0.1212609058347029,-0.9917940226782898,-0.04050196656661896,-0.14585384344957555,-1.1772403590428147,-0.2482595890250473,-0.10405153697658252,-0.7411827808262457,-0.28676381486031105,-0.06622123817887113,-0.5239945078932104,-0.2593445493768825,0.07670463304939,-0.9806647154141357,-0.05359356705758132,0.04155390227782062,-1.1606993450365566,-0.260535594460898,0.05390094347400181,-0.7668068417958315,-0.22041220675072795,0.06800525989246706,-0.5700166113747883,-0.1342242132322689,0.2663114322521182,-0.9276882167605341,-0.0810844399307344,0.23055260309187176,-1.1346979125947256,-0.2249610701459559,0.2022566598695094,-0.8480946552185263,-0.19935143921586376,0.2019747457024635,-0.6839914040590133,-0.13819324267037142
A,0.0,0.0,0.0,-0.2657489719931475,-0.17498776311972614,-0.17994588777674747,-0.4407684875649005,-0.6081166107269772,-0.24635761541179854,-0.4528952026003951,-1.0250535222263875,-0.29117741106485484,-0.37180246416698354,-1.3278055921943541,-0.29594772557488674,-0.32600151774629893,-0.9633730233449448,-0.11156184146383613,-0.31762219685857745,-1.1442073200957208,-0.2974271063352999,-0.2506541587039091,-0.7828612407854695,-0.36114378790376866,-0.21328484911571402,-0.5322140373805758,-0.3671233794290262,-0.1289113263771709,-0.9886343669645563,-0.07735604946136765,-0.12317501911529967,-1.1783722024658012,-0.2904772883979328,-0.07424811939365232,-0.7421449203493441,-0.32400475919384414,-0.05227844663415295,-0.532498599831597,-0.29152613992934684,0.07122951962097065,-0.974894324961795,-0.07573055544589123,0.058552731154649755,-1.1485306432423992,-0.2877031636055885,0.07334120888290574,-0.7506645568345935,-0.2428545261419412,0.07313920280715426,-0.551912653809396,-0.15070812599898495,0.2604874394901533,-0.9198585558744952,-0.08891645573491037,0.23863751883544077,-1.1252423365108724,-0.23481208365000883,0.22295029551267367,-0.8461405512275381,-0.20689653744526135,0.21846624447787866,-0.6848780122996274,-0.14212846225918954
A,0.0,0.0,0.0,-0.2611927892515785,-0.17214909395724504,-0.15147471678451957,-0.4407917019650726,-0.6151465707555666,-0.20334525218759128,-0.4692709833536617,-1.0317472197937625,-0.24180472075654577,-0.4013943832461448,-1.3313711594117152,-0.24441382063501355,-0.3076105862360209,-0.9694611809698528,-0.060677548109642925,-0.31672265303405706,-1.1667117732917733,-0.23410565233685918,-0.25622766439915484,-0.8221763823685725,-0.3101992699241616,-0.20814822836652924,-0.5768299111867217,-0.3309691300017981,-0.11879090136619819,-0.9920941237612056,-0.04047185875508717,-0.1230389362500546,-1.1950284533881268,-0.23348272800429168,-0.07920479463006797,-0.7665554740423141,-0.26805285892207437,-0.0477563649257679,-0.5556073975819521,-0.24285677623829646,0.07156740584382422,-0.9784283072901658,-0.053003476974290545,0.06074802547731386,-1.1729177226121,-0.24362612547049659,0.06521408007135887,-0.7856121018948887,-0.19539367979489644,0.07083235056394253,-0.5828382420825897,-0.10817664178434723,0.2564201063779805,-0.917509154610162,-0.08070584428825633,0.24149245515970394,-1.1268414187910327,-0.2109993121737412,0.20900416887678086,-0.850241852603326,-0.1783027691093417,0.19992072477812697,-0.6831452740806612,-0.11562690777027416
A,0.0,0.0,0.0,-0.2694858792573793,-0.18936537256705377,-0.1683357251434185,-0.4563363589963248,-0.6251109120099981,-0.2372257509883316,-0.48175725484146936,-1.0531737136851087,-0.288949803765288,-0.39296099823165626,-1.3605862307681198,-0.3038576696602378,-0.29582783653626865,-0.9718531059178658,-0.09646835399289683,-0.31189744516600265,-1.1693725856995671,-0.2711792832390033,-0.26195841974828055,-0.818115023020362,-0.3403115277934582,-0.21546503426597619,-0.570370252357805,-0.35888703541156186,-0.10523038479544915,-0.9918391089664303,-0.07198435969347255,-0.13265805995868254,-1.1922038706633904,-0.269986273458803,-0.09707566261740054,-0.7622701965817968,-0.30169345971151057,-0.056470244217312233,-0.5633919551657378,-0.27795556495386453,0.08746163228894213,-0.9829922454806337,-0.07985747187350878,0.04785122467156055,-1.1783604295450274,-0.2801778697263735,0.04922628283604279,-0.7779514558238428,-0.23259849731323712,0.06722287928259482,-0.5860631959044686,-0.14805417452788763,0.2712394473951347,-0.9265524419516675,-0.10319180650809681,0.22780642727756462,-1.1299414399135572,-0.24157700140204566,0.19313694310496501,-0.8378977806649188,-0.21206561884278816,0.19978162265202698,-0.6759130385609272,-0.1532201649686073
A,0.0,0.0,0.0,-0.26778330466728884,-0.19953549029528292,-0.17546405039580995,-0.445127131021716,-0.6329978776049847,-0.2460690238147524,-0.4707651135639702,-1.0483256518805517,-0.29648546225840355,-0.3913461902068117,-1.3552992349369848,-0.30814803890484244,-0.3137558139709671,-0.9687364047729049,-0.1166220134715991,-0.3293860595738147,-1.1610226425128058,-0.30958790190492474,-0.26191838880895624,-0.8085344473069092,-0.385834754512057,-0.21478646140373964,-0.5639218639962293,-0.40327081205702386,-0.12273742364876343,-0.9884571577334621,-0.08881425652196628,-0.13416067261454961,-1.1965425961537042,-0.3080037389506062,-0.07964703552299106,-0.7573302615172495,-0.34640834201258164,-0.044446590989035605,-0.5429236829070097,-0.3199774415818935,0.07236599933916989,-0.9764356465940858,-0.09343856535707129,0.05379918978817095,-1.170850322915982,-0.30463980685976755,0.06772346054014543,-0.771273085392045,-0.2561655153960149,0.07503187018386652,-0.5657345953407121,-0.16525682936738287,0.25725395124201184,-0.922476778289832,-0.11420675235509029,0.23743617457358712,-1.126259412963363,-0.2604398431406913,0.21229061015997688,-0.8461714339215108,-0.2319940469585512,0.2062654074864526,-0.6830101012907805,-0.169584402293434
A,0.0,0.0,0.0,-0.2733908225553733,-0.20551573344979143,-0.15288084990582892,-0.45219694349831285,-0.6479109871442095,-0.22401895843085087,-0.4796912895566005,-1.076184153408222,-0.2834241920582174,-0.3977670390138759,-1.3937419493192267,-0.30903428549623985,-0.28673534437385184,-0.9819837156833657,-0.09664220938122302,-0.3250289704259255,-1.1917573610261245,-0.2719288233301269,-0.2846968447074732,-0.8303425272308553,-0.33760592611526047,-0.23146180457418988,-0.5927932721164767,-0.3541104184836927,-0.09287468056528193,-0.9922983806364517,-0.08196473324651672,-0.13389586342520543,-1.203861985134362,-0.27024706500098383,-0.10832190185617406,-0.7771124734902738,-0.2894119342224679,-0.05722041450014626,-0.6032076649235975,-0.26139832158982246,0.10644577160214568,-0.9728137395048723,-0.0985945574268213,0.061373767971148956,-1.1840127140364678,-0.2912460891785578,0.048070383892459684,-0.7807671876911029,-0.23414396515840238,0.07277671313138888,-0.610725275220553,-0.1473131626314585,0.30083156489211726,-0.907451169021878,-0.1290549111502036,0.24613613499631284,-1.139480799064978,-0.2530809601290364,0.20117726014973675,-0.8487398231039124,-0.2127566256491806,0.21404776301200654,-0.6968798566716133,-0.1507320165618761
A,0.0,0.0,0.0,-0.26964309877405485,-0.2113795387930346,-0.1482778942989271,-0.4569884596579214,-0.6496025925043392,-0.21357550826686222,-0.4865313437613961,-1.0729707681092564,-0.2688141037194843,-0.4127014021244777,-1.3845218853664951,-0.28843461807698995,-0.27707735498269065,-0.9886467048634211,-0.08314404952307307,-0.34606444867315744,-1.1922635783943485,-0.27113278871422675,-0.31613461689882816,-0.8234317571320019,-0.34543865301544646,-0.25778806546025196,-0.6011379524761735,-0.36641118713595716,-0.08571002058701947,-0.9938001779795821,-0.07081665495294102,-0.155270496329779,-1.1943439963964382,-0.2715440595511016,-0.1287037451738727,-0.7535956311909315,-0.29001829145087377,-0.06315472081169196,-0.6005350788166421,-0.25867440009404064,0.1131301017654384,-0.9744459772814121,-0.09285835709146632,0.04169639026641632,-1.1833743040959195,-0.29718501135816516,0.033686529020017585,-0.7706118439705257,-0.23833658389992257,0.07494721413426524,-0.6176049396455849,-0.14760896092117154,0.30820952549836156,-0.9132771234898086,-0.12884223970815148,0.23127259116919271,-1.138450731722828,-0.26210474454781757,0.19084537740725685,-0.8478496223333348,-0.2243264587971085,0.21896732919814885,-0.7039599224170391,-0.16142525095341942
A,0.0,0.0,0.0,-0.2650951466407832,-0.24733123837661666,-0.11773800443188759,-0.445050501223813,-0.6545521647864336,-0.1775180976415355,-0.4848279967729028,-1.0524029138126603,-0.23945999482842595,-0.4162779851102222,-1.3608968474857046,-0.271415217891965,-0.27189828836505936,-0.9905849538384597,-0.02932852637903053,-0.35218084364811625,-1.1972088820011977,-0.2047324115527523,-0.32677455495731683,-0.8489545197630827,-0.2783192328830076,-0.2748115015899894,-0.591452971539492,-0.29621331049674504,-0.08589262075440708,-0.9957098869294243,-0.03441335163759499,-0.16805630707919156,-1.1959101785873347,-0.23208319414327147,-0.14119421809013277,-0.7794185202126214,-0.2650630073871857,-0.08212095167188624,-0.581063881771391,-0.24002752244169895,0.10976059632657124,-0.9774046730618802,-0.07190463564679904,0.019669766274866704,-1.1833730677754437,-0.2688839288291002,0.016428114396844634,-0.7832224418633672,-0.22321691274356006,0.05542523218058848,-0.5901873270080595,-0.13940195371939582,0.30469673130734537,-0.9106340624653173,-0.12123474556760858,0.2110833832626587,-1.1397665204495326,-0.24724951079937307,0.1708423914310344,-0.8535843759317925,-0.21153590603949343,0.19741178836345064,-0.6869638456814205,-0.1492441692766366
A,0.0,0.0,0.0,-0.255450271078912,-0.27773533803473094,-0.10066989261504926,-0.4235122703190228,-0.684015169503961,-0.15992113823979207,-0.46873284798004833,-1.0719528423507851,-0.22892376523736457,-0.39611941478634694,-1.3708106161299636,-0.2680062608921118,-0.2640517534252281,-1.0016710635657167,-0.004937940204607138,-0.3370658694381611,-1.2332857376299873,-0.1703139746318513,-0.3229516543718297,-0.9046319583636163,-0.23076228977157562,-0.27862240363216706,-0.6528772020901428,-0.23866405681059996,-0.08532827683050388,-0.9961715882979183,-0.019006626242967603,-0.18745658650233582,-1.2100593915667743,-0.2126755738445616,-0.17007819730804902,-0.7975602761964379,-0.23734411172426287,-0.1066294514396603,-0.60221479540444,-0.20560383280666106,0.10417990040238476,-0.9630537624396489,-0.06531931797241392,-0.004671831465119894,-1.1798559561641326,-0.25241508278975044,-0.013527809545955255,-0.7937894780016254,-0.19811377180327625,0.030438163328944716,-0.6182196178529771,-0.10983791649781163,0.2910394280745274,-0.8832910113978095,-0.12263084001781514,0.19338124720194516,-1.1297865837249144,-0.22276257146728864,0.1551796618989619,-0.8706613942395437,-0.173450945281338,0.18618387108952117,-0.7242444347754632,-0.1069228602103203
A,0.0,0.0,0.0,-0.2665345062671879,-0.26979570317681484,-0.11643870198563483,-0.4340582627379208,-0.699807459589294,-0.178702449279459,-0.4726891535748217,-1.1041015589830137,-0.24656353988204815,-0.39768898274843867,-1.4110129428504576,-0.2839069034452565,-0.27068960023757616,-1.0064799283405979,-0.025897091705708558,-0.3309663343803175,-1.2282166797254856,-0.20872889805301578,-0.29768689687512057,-0.8738585152759725,-0.2860716884511597,-0.24178566509502553,-0.5979451135069632,-0.30292994820068475,-0.08926060495410783,-0.9954606235905797,-0.03302561557156518,-0.1800456734164284,-1.2171659358421258,-0.24621096449483718,-0.15537308886556322,-0.7983497440016981,-0.28093155737920544,-0.09601221458240708,-0.5754086062427265,-0.25092335054959564,0.10035371362707732,-0.9674503625362135,-0.0733929401904801,0.003167771399909098,-1.1828679596056848,-0.2700692810664637,-0.006073550021969727,-0.7951244456769508,-0.21811781338501124,0.03543101138591929,-0.6055966404555999,-0.1266037221467552,0.2895722558842786,-0.8946890593544062,-0.12681912759181924,0.19107345112436844,-1.1257544259250263,-0.23183811038100047,0.15581836510161717,-0.8636468171994583,-0.18655856750318037,0.18931419749268807,-0.7136542795868835,-0.12042763261098713
A,0.0,0.0,0.0,-0.2616200530896694,-0.26807573956211844,-0.11774543432437555,-0.43170511305788195,-0.6962088393232222,-0.18182612892841388,-0.47762471195235107,-1.097261983967776,-0.25010429257353883,-0.39689206696371476,-1.3961969592743158,-0.2865554680471805,-0.26068894446383545,-1.0071262047676064,-0.026129841116017315,-0.3291512571608163,-1.209124162558767,-0.20984835321939518,-0.2958903776491895,-0.857723235714323,-0.2878554593768909,-0.23865058116698384,-0.5954645866630085,-0.30631248234706504,-0.08550702138763303,-0.9958030310335774,-0.0326323869454118,-0.1847351400936348,-1.2036475219256508,-0.24380038956201344,-0.16128268214403257,-0.7890439832107979,-0.2752700807419738,-0.0999842724462053,-0.5854857807257314,-0.2443330134574534,0.09905443931163957,-0.9629295819946863,-0.07286768592783409,-0.0030611790438377835,-1.1701244226674565,-0.26627967424666366,-0.014367346227623376,-0.7889680914803362,-0.20898580224923047,0.029280177554308402,-0.6207244157397432,-0.11586109527102358,0.28306913942058226,-0.8836205978433126,-0.12684302194532213,0.1814785983038743,-1.094474610382859,-0.2285434413202442,0.1477006133739048,-0.8402069141272296,-0.18127017417185853,0.1864851141136954,-0.711173328046272,-0.11493022579980239
A,0.0,0.0,0.0,-0.2598553054996058,-0.24973070858436355,-0.12486925943856336,-0.4310995709203738,-0.679262857368543,-0.1894751463420067,-0.47286915869651425,-1.0966574039584698,-0.2577329887670155,-0.42133533217015584,-1.4172464853727693,-0.2950519086181167,-0.23989439820114072,-1.0046500832914413,-0.02691308721067375,-0.3124949913360069,-1.2264868957963522,-0.20900351513711388,-0.297083619459139,-0.8786456058585992,-0.2835475421405482,-0.24937132876729864,-0.6147599415878203,-0.2993550090592885,-0.062335548934794004,-0.9976240230687635,-0.02933577909469991,-0.16363717521556997,-1.234398578332892,-0.24458986228121726,-0.14782968112049746,-0.8091144163881748,-0.27998445322528964,-0.08881638444497071,-0.5922481550433646,-0.24985897262691037,0.12272527248378591,-0.9713990799026191,-0.06628330379286052,0.01326357199012611,-1.203827270004707,-0.27345544811862194,0.0031572375701249262,-0.8007021458124384,-0.2301331134256772,0.047087669872465016,-0.6039218028942315,-0.14208687905903392,0.30805481347519836,-0.9018626725764115,-0.1159874090186751,0.20550894600079722,-1.1472612563968094,-0.23682960626771782,0.16810713833647403,-0.8746552506484303,-0.20290907317055323,0.20392445712797871,-0.7138931139693795,-0.14215802669674385
A,0.0,0.0,0.0,-0.2653809578325955,-0.2782339342898502,-0.11382800404139046,-0.446590678761778,-0.6973992488589967,-0.1804085310904052,-0.5009537581338482,-1.0948692790071715,-0.2525515467877904,-0.4159038559934532,-1.3939561207436988,-0.29242658824856765,-0.25270452988931447,-1.0135558447237152,-0.020772918160065604,-0.3308884073159468,-1.2167095673799293,-0.20531277842616014,-0.3060444025735859,-0.8584538978649798,-0.2812150185946554,-0.26093819398643997,-0.5892198604548994,-0.2973101117797244,-0.07868742803808143,-0.9964557144655217,-0.029737144747913537,-0.18950138508661457,-1.2088176857119919,-0.242181513158265,-0.16920931477843795,-0.7813272728557462,-0.2743530966971095,-0.1113635815215966,-0.5766414923675321,-0.24372243918929248,0.10709563332293805,-0.9579359274894654,-0.07241552139503693,-0.005284019553906426,-1.180099603127782,-0.2735966495133922,-0.014934047162385174,-0.7793071582772648,-0.2172568536747484,0.026071689674403997,-0.5983581827861566,-0.12265568457337822,0.2920768871718809,-0.8718151138665028,-0.1273497268003128,0.18602260466808535,-1.1085163160440188,-0.23957869674368065,0.14632039115502307,-0.8327399941513423,-0.1917711022194258,0.17803510954396584,-0.6841931753737946,-0.1221802675588441
B,0.0,0.0,0.0,-0.22048856575697842,-0.1452075817089477,-0.12830556729769008,-0.33582717673883894,-0.4390623937695286,-0.18692996159071146,-0.1766166811737416,-0.6493862766284861,-0.23859331482720958,0.0057352493004583505,-0.7408000466649282,-0.28714447657760034,-0.29476100313026293,-0.9353413623063661,-0.08966506257567457,-0.3680177018361847,-1.3340322872613641,-0.17606684761261562,-0.3955341613552292,-1.5750238689549514,-0.2542248762577265,-0.40472490252848475,-1.7851695154751515,-0.32196041773325285,-0.13605227933988948,-0.9862577515415998,-0.09373059698160749,-0.21597032668536842,-1.431898942383261,-0.17429076418960956,-0.2640442111286423,-1.705766581571859,-0.2506579606152617,-0.296975407233713,-1.9502671260398707,-0.3139738141643798,0.008990407697763422,-0.9443276007330474,-0.11677641226423788,-0.052042926281601745,-1.342691237908105,-0.20773883264810447,-0.10499412826842656,-1.6075075980411417,-0.28596624056981496,-0.1460704123593765,-1.8525893388979902,-0.3442592950725631,0.1617675095197143,-0.8132305000741661,-0.15327187913043078,0.11216756762863565,-1.1263750701864812,-0.24317531768843056,0.06096912720470171,-1.3265203030892931,-0.30052132226489264,0.020794447985243564,-1.5174719805608692,-0.34455643381099144
B,0.0,0.0,0.0,-0.21257556122803198,-0.16379250430187325,-0.1162476325152164,-0.316724380967003,-0.46632869985778375,-0.16736477124616322,-0.14523549990535845,-0.668248126551385,-0.21489315103710602,0.04082220515962932,-0.7392588955503799,-0.2597640577152398,-0.2692669857543304,-0.9380822699706933,-0.06941952733622106,-0.339061991392162,-1.3246938890244866,-0.1514851269423345,-0.3675305946633058,-1.5646025056888206,-0.2269764748749958,-0.37834777650282264,-1.774176814811036,-0.29256871588359,-0.11198724268683806,-0.9906874272566536,-0.0774421006364878,-0.19157532131277483,-1.4227309224519442,-0.155329284004156,-0.24004850596887947,-1.6907515376404458,-0.22669138108858464,-0.27216378307107036,-1.926943330403979,-0.2849381497492868,0.032592359201760325,-0.9547477902023704,-0.10432786592725839,-0.026526791823466705,-1.340357793618919,-0.19124406554324092,-0.08188022958742042,-1.5940698487524754,-0.26051547486065424,-0.12492566814366554,-1.830421867151171,-0.31081566826975493,0.18290619007183617,-0.8321369716518365,-0.1446276494976888,0.13573514682764573,-1.1421078420967534,-0.2287304063591342,0.08404265940966699,-1.3424900270714621,-0.27819673318139315,0.04111492507002177,-1.5287376405976132,-0.31503959089953293
B,0.0,0.0,0.0,-0.21673135151170284,-0.1679617341136664,-0.11557295840627932,-0.3024028293473597,-0.46746923459486867,-0.16418741571476422,-0.12526808619957425,-0.6713744979890446,-0.20823888772545637,0.06450161289519014,-0.7268305575318191,-0.2486705695913644,-0.2791751867770703,-0.9300581798398715,-0.05553210180068243,-0.346610847951796,-1.3010475715458154,-0.13334489954877884,-0.37242303704107543,-1.5388717599872859,-0.21037831504662005,-0.3825595124330187,-1.74790585644585,-0.27819481554424375,-0.1207014549092751,-0.9908002095888604,-0.06120542019669898,-0.2010796705537047,-1.3915991333233098,-0.13332091816144784,-0.25188262202616857,-1.6513365583605002,-0.20373660050009454,-0.2918990844004032,-1.8913079796282184,-0.26180001969102795,0.019704997584998534,-0.9655249570861607,-0.08592401052307902,-0.041627785654045284,-1.3308180760489,-0.16417220268265115,-0.09587399190877278,-1.5734402879248095,-0.22494417065179845,-0.14009238361864987,-1.8024517530142041,-0.2705774642142036,0.16599556846456856,-0.847487438898903,-0.12486742777526903,0.11990714206294607,-1.1498858519736492,-0.19869285771152523,0.07332306608847851,-1.33600257468902,-0.2375975362933345,0.03568718006090289,-1.5104104235540434,-0.2673627258636806
B,0.0,0.0,0.0,-0.2124490890184571,-0.16136454360202554,-0.11584133228154012,-0.2968009346613942,-0.4626017881148682,-0.1640440241093485,-0.11305012768328525,-0.6680225683722568,-0.20778777345370467,0.07874795362901903,-0.7371217469275583,-0.24847798826736514,-0.28392613300324127,-0.9269606010902185,-0.05720189001901135,-0.3440262630951346,-1.3055637696107634,-0.13217593075607947,-0.3632884383079233,-1.5509447249340054,-0.20606413499603965,-0.36958057165389574,-1.7650842753264502,-0.27138535164227745,-0.12468638799053597,-0.9901569798997973,-0.06358034134530804,-0.19569790620813973,-1.4053606466309216,-0.13496127513875364,-0.23697124489827645,-1.6782580681305277,-0.20820815169889373,-0.2706776966803325,-1.9222871357886013,-0.2683385284065054,0.015361931678673365,-0.9632948453548207,-0.08858808492362442,-0.03409034308466794,-1.3402785116898104,-0.16607948267326197,-0.08524521973211238,-1.5834448705127067,-0.23336145711535458,-0.13035433166126928,-1.806396547376612,-0.2832007106386216,0.16254384763633056,-0.8468602364981812,-0.12750097092023058,0.12688340168312837,-1.159120540897881,-0.20174022952272783,0.08392483459750179,-1.3518705009989682,-0.24633490041819445,0.044038025890190124,-1.5287826423567754,-0.28016375156731826
B,0.0,0.0,0.0,-0.21856035453516323,-0.15850003999010537,-0.12204574522142567,-0.30632250011189577,-0.46644330956807156,-0.17049365293742755,-0.11866053484670466,-0.6741036913160567,-0.21343693056229046,0.07642952127853941,-0.7390014179683148,-0.25329236200949967,-0.27848489014857275,-0.9250062107873017,-0.06557923120506164,-0.335743848923567,-1.3079900396604278,-0.1416113140564582,-0.3525130700134609,-1.5556734059401889,-0.21526757942280306,-0.3554624436481489,-1.7718479007888843,-0.281493400288138,-0.11749794082024884,-0.9906357628677661,-0.06953430254486025,-0.18550205511058793,-1.4139193644492025,-0.1430616537656811,-0.22658951299248226,-1.6892269439121923,-0.21659345075275394,-0.2582686834225647,-1.9362407254912748,-0.2776611497789416,0.021531107473943073,-0.9665156503412065,-0.09241751790753237,-0.024942526980041464,-1.3460271788621483,-0.17312435666233106,-0.076146875151179,-1.5907570918628962,-0.24138191885638163,-0.11966956687650428,-1.8171671005050636,-0.29260028426699597,0.1666112097589901,-0.8495461803704857,-0.12976630212194262,0.1315601609908856,-1.1604949971473117,-0.20793125440850396,0.08895005431925843,-1.3520622280944963,-0.25519182871643614,0.051808763168875685,-1.5300264603733063,-0.29159470424393313
B,0.0,0.0,0.0,-0.2179056479146432,-0.16141349881256326,-0.1155525673329204,-0.30437345571733354,-0.4634432656212515,-0.16083614350379033,-0.12240043043990242,-0.6699184163599348,-0.2011072795733089,0.06797647808057132,-0.7339791057928335,-0.23782837978877627,-0.2784457374619828,-0.9310203914667051,-0.048254416143488146,-0.33374324275807976,-1.313157052517388,-0.12075256112863085,-0.35199317378923894,-1.5598822420088623,-0.19484165358072153,-0.3588795279636636,-1.7777989729416737,-0.26165119540073045,-0.11745086007851736,-0.9915894024138362,-0.054366832603968775,-0.18577545048212563,-1.406680626343646,-0.12593273743233094,-0.22708027590687194,-1.6809005673069073,-0.2015248322827976,-0.2631596165941208,-1.9317433619292705,-0.26318231436067374,0.021119799421411223,-0.9641047839872318,-0.07969137738661651,-0.024900269694877217,-1.340978383591199,-0.1598199890665931,-0.07510000884379651,-1.590076816706434,-0.229937402793677,-0.12205527358837702,-1.8195313917626064,-0.28123726343648725,0.1679911117665868,-0.8458012703776372,-0.11869993338759455,0.13623879247732945,-1.1569716772561716,-0.1961088647675681,0.09600849205213316,-1.3467347976752324,-0.24271282422435364,0.057836677534719265,-1.52314193122857,-0.27762810495813617
B,0.0,0.0,0.0,-0.21512613704752645,-0.1676947672691502,-0.11747580118734215,-0.29888892214702967,-0.4757203312039456,-0.16539371698501773,-0.11397866631865446,-0.6721272146206849,-0.2088115390407064,0.07742520595362272,-0.7398515796674575,-0.2499931528746572,-0.2701024428426859,-0.9346964190218074,-0.05989265942165527,-0.32409991225427265,-1.318512452773256,-0.13637767276698504,-0.34091444553431116,-1.566313468459357,-0.21138436587792173,-0.3444885769771453,-1.7839879013799937,-0.27864435285486283,-0.10863350109901254,-0.9918491004636686,-0.06658922096242342,-0.1744066688220649,-1.4077457342554704,-0.1392044518733699,-0.2158624576305597,-1.6779073960727067,-0.2135043816672306,-0.2506658771885978,-1.9216201092194811,-0.27606441086307737,0.03268135408199989,-0.9627300758066472,-0.09261725275491413,-0.013152878908327496,-1.3412115974873144,-0.1743385498719692,-0.06342383507131479,-1.5911722779983748,-0.24643228564658123,-0.10936000407427202,-1.8226148613953743,-0.30091011285129077,0.17823219368948925,-0.8449298534407322,-0.13235869402723113,0.14303732313213077,-1.157451255080102,-0.21288148578677524,0.10137787118364806,-1.3501888598127103,-0.26367654815199426,0.06245335409861338,-1.5294329982013497,-0.3032609076999308
B,0.0,0.0,0.0,-0.21918639069775672,-0.15792322457853666,-0.1258462258201208,-0.3077836453175607,-0.46856716760420675,-0.17607023702797503,-0.1191420697898752,-0.6738421580483633,-0.21924813428942821,0.08004699779988354,-0.7293836795628574,-0.25955634360563323,-0.2675621645463254,-0.9324986007085563,-0.06615898674059154,-0.3198665198409527,-1.3195039521463003,-0.1434849862789703,-0.33747064396421095,-1.5670440327358597,-0.21954393987415424,-0.3428246529160422,-1.7848494815205456,-0.28806843473229826,-0.10473713126252604,-0.9920690060903896,-0.06949259305654713,-0.16915080063092483,-1.409646766355942,-0.14580222401579462,-0.21267764487498964,-1.6817260021819695,-0.22312028250866012,-0.24825625666451925,-1.92937530329512,-0.28654503924967334,0.03465952265729286,-0.966438799725368,-0.0926673835583568,-0.009245868800140689,-1.3451549324437628,-0.17807267886809447,-0.06092050115279481,-1.5966739555277227,-0.25357859208631933,-0.1079915041739096,-1.8299683644053137,-0.30931088230112047,0.17823698294028192,-0.8484791653830166,-0.1301057475510376,0.13980919484081833,-1.1606520908201121,-0.21311965372621025,0.09821327712525643,-1.3485257652794367,-0.2657223982322624,0.0618740036680651,-1.524738863589485,-0.3059065016629315
B,0.0,0.0,0.0,-0.21846691426095077,-0.1577335459694883,-0.11632256302610013,-0.3064294059098226,-0.47027663721684615,-0.16165073311903969,-0.12045929003978205,-0.6721154078218504,-0.20132375482614737,0.07302805682310236,-0.7215300909880484,-0.23774623675602757,-0.2634858891125977,-0.9368670414601648,-0.057224059791874865,-0.3164479489839134,-1.3199324458663437,-0.13202355620293088,-0.3337597170798497,-1.5703177314183399,-0.2061433519714754,-0.34105589649038476,-1.7895215546295744,-0.2725833858015441,-0.1036420655077032,-0.992629228725901,-0.0628135060024519,-0.16715129300077897,-1.4087923330796719,-0.13802765218501242,-0.20644487359980537,-1.687283456832707,-0.21316278165936217,-0.24085506072273838,-1.9406041385755533,-0.27303857268750126,0.03449164383965968,-0.9598747654357076,-0.08698485685001055,-0.008545358256813743,-1.3408682992594447,-0.1701856059338525,-0.055946203475543584,-1.5970828047237233,-0.24027295130431073,-0.10004298700051799,-1.8321856706678716,-0.29043214042028,0.17898784025777217,-0.8344727831182772,-0.12449980972788771,0.1482843558014301,-1.1462895168035283,-0.20456169888373849,0.10874049627484451,-1.3383391315134106,-0.25145900548018996,0.07354781820470291,-1.515134182280232,-0.2855402266982336
B,0.0,0.0,0.0,-0.20953609893900174,-0.16283821769897153,-0.12181497858540247,-0.2922294748029273,-0.4807550431206573,-0.16684128155698041,-0.1021685447600437,-0.6719508509698706,-0.2063723470369607,0.09401885304467225,-0.720035966895988,-0.2426293654614828,-0.24560295251570569,-0.9422246531031017,-0.06282148687944845,-0.29683389562963447,-1.3242043424850236,-0.13412788267509362,-0.31056747741317964,-1.5581167013121717,-0.20219201007429385,-0.3106850220438994,-1.768524294867253,-0.2653291580567133,-0.0843236054680317,-0.9941629444372909,-0.06730207625807383,-0.15372382783732133,-1.4188099824871208,-0.13914611521337783,-0.19213450054621772,-1.6838871677027707,-0.208832488543757,-0.21658399177952042,-1.9289347478437748,-0.2667133240997862,0.05798882318414069,-0.9577328467451238,-0.091322581600148,0.0067526789803570375,-1.3400383323955538,-0.1807347838508378,-0.044323479699491235,-1.591589043225679,-0.25427991075815803,-0.08361563311698868,-1.8383905348875378,-0.30733341977902556,0.20392183450607565,-0.8320745158517955,-0.1286889339784501,0.16235160373215116,-1.1377325805291791,-0.2169000420475956,0.12261278071791866,-1.3247013586315537,-0.27049511454960007,0.09463424599629885,-1.5107539127450966,-0.3108060314424175
B,0.0,0.0,0.0,-0.21234186100193214,-0.1611721795125402,-0.12676296671080448,-0.2947414767103328,-0.47355307572087363,-0.1733580037630548,-0.10343214478512679,-0.6671234297447199,-0.2133212593251383,0.0883089189789383,-0.7249813814933602,-0.2505913011574159,-0.2515754393105593,-0.9405124670284029,-0.062160781410756066,-0.3010997474627609,-1.325759040964178,-0.13445743331662455,-0.31401239695479116,-1.5661455001812288,-0.20501378447939972,-0.31273128421971513,-1.7812426468743412,-0.2698628257003342,-0.08777755671572712,-0.9940098010901051,-0.06511233273218693,-0.15780933740450395,-1.419663868777559,-0.1388097353312768,-0.19713960346672174,-1.688513941507083,-0.21350426980003928,-0.22235766132007928,-1.9377416550269233,-0.2746486593123023,0.05598199913821313,-0.9598550623249794,-0.0882978327155312,0.005998634347224644,-1.3440552015189045,-0.18067549322525572,-0.045500416076681496,-1.6027008277153951,-0.2600294972432433,-0.08628478187659508,-1.8539422738945295,-0.3163056320883715,0.2030554226510883,-0.836327418909881,-0.12495621941096367,0.1626969033485109,-1.1495274285437422,-0.21548878594248722,0.12398396757389249,-1.3364647924805018,-0.27155194499125507,0.09628376693324821,-1.5218408593875412,-0.3131536113213165
B,0.0,0.0,0.0,-0.2127811578218007,-0.16715943677956313,-0.12028780568394784,-0.29913564376896806,-0.48195523136317414,-0.16829772334001492,-0.11200266646777046,-0.6744221687521794,-0.21114756305331925,0.08232782991771494,-0.7257649193561501,-0.25104572252431767,-0.25016694725940947,-0.9400366305046015,-0.06841997796874986,-0.3040493689940867,-1.325276130637295,-0.14568345433417443,-0.32054789045886956,-1.561119303332466,-0.21824205690107182,-0.3229393668777587,-1.773530184282247,-0.28372740563778326,-0.08890087411863619,-0.9932467184404811,-0.0745492514258737,-0.15977971796459894,-1.422936445724969,-0.15067556690021988,-0.20123981243956743,-1.6933267234593594,-0.22386534827202587,-0.22896020003532844,-1.9403189243747427,-0.284123947188721,0.05296512585558079,-0.9569946395390279,-0.09954438996104027,0.002899242719011445,-1.3459528613637288,-0.1902267492343427,-0.04753124978643444,-1.6077549826685194,-0.2656812884767514,-0.08810427506573666,-1.8571440126446495,-0.3206200173481753,0.1982851541342673,-0.8307501673950709,-0.13764878468722896,0.16141468766763833,-1.1379393331304675,-0.2267704421632638,0.1225889326166196,-1.3299013379709221,-0.28107984203983283,0.092710485768458,-1.5162749748046984,-0.3219422510791623
B,0.0,0.0,0.0,-0.2144933754778882,-0.17322771271421142,-0.11729699719986499,-0.2989658575081945,-0.4821804477505039,-0.1633467978132153,-0.11592258552844957,-0.6768366653791195,-0.20509639828429693,0.06990554381527561,-0.7364273528323221,-0.24392659730078906,-0.2545101197910495,-0.9425706262942952,-0.05688128834577125,-0.3072177218068017,-1.3278283907304922,-0.1310629861530671,-0.32265497342850086,-1.5618551667984215,-0.2035407468553353,-0.32323442002773284,-1.772531825037199,-0.2694645314675416,-0.09350712940968435,-0.9935793915097874,-0.06368994831683529,-0.1604518196118768,-1.415970181446319,-0.1366301799660596,-0.20065360428144874,-1.6810561892482883,-0.21098773758118433,-0.2291812136561243,-1.9250807581462388,-0.27313178703674806,0.047232278660612415,-0.9565819236638119,-0.08987103416338889,8.690659435915762e-05,-1.33875533564231,-0.17609082862946013,-0.048827991846513215,-1.5970180322792649,-0.25221333858792194,-0.08923602374480355,-1.8409504968200356,-0.3090762141240995,0.1936470199993827,-0.8303609067038022,-0.1293746098504834,0.1579273701652048,-1.1356560799985485,-0.2146143726339484,0.11783848090409463,-1.3299787052093428,-0.26936925647504145,0.08562212321094978,-1.5195179332516657,-0.3118294950789451
B,0.0,0.0,0.0,-0.21209318779034977,-0.18052939897986792,-0.12965223405801793,-0.285913026931815,-0.4912900859898762,-0.1816359897018911,-0.09359449504645949,-0.6715588299163477,-0.22734015926495488,0.09625301030398696,-0.7369127841536819,-0.2711820690296603,-0.23967814164699341,-0.9470017964856204,-0.077927600508196,-0.2962143058722219,-1.3309704899818529,-0.1555235602168768,-0.31365543390085715,-1.5653913605458898,-0.22966893236910785,-0.31523142003710214,-1.779298325047513,-0.29750490368038474,-0.0747337946995065,-0.9939745808450489,-0.08018349308755064,-0.14578162762718072,-1.422902321733163,-0.15520523731150543,-0.18652841452697508,-1.6828431719688624,-0.23052016650580756,-0.21063090046926253,-1.926372315349727,-0.2951369751570264,0.06968885147703195,-0.9542718691710997,-0.10177483572833775,0.01789270147640525,-1.3439846392806352,-0.19240389886872064,-0.031200035745534795,-1.5934777739849249,-0.2685204618710808,-0.06639657445091954,-1.8376268565179064,-0.3258309004774109,0.2162873645586367,-0.8265656509883749,-0.1371909773555034,0.17121108475039512,-1.1376528843212586,-0.22593924228239656,0.1296733947579587,-1.3309886776351003,-0.2803251062465522,0.10079514286125753,-1.5223799509931821,-0.32314060879142414
B,0.0,0.0,0.0,-0.2117343532567896,-0.18010380258551428,-0.12090470061604833,-0.2910221225368616,-0.48955086285303323,-0.17235544495530397,-0.10589961088544853,-0.6755098260154294,-0.21920271384622136,0.08388182791336313,-0.7323336081353222,-0.26313628804117445,-0.23889125617878793,-0.9456563073733245,-0.0738607990417427,-0.28966288883151403,-1.3310198394161676,-0.1543771129550602,-0.3079075211076235,-1.5606328256010993,-0.23026455710655944,-0.31213091732084686,-1.7700189593719637,-0.29769724275010706,-0.07898705294150993,-0.9937099907344777,-0.07938198650890221,-0.14133626462887575,-1.4209099839189538,-0.15504197636572753,-0.1810057443535516,-1.6854277227563965,-0.22935476583381983,-0.20850833635392452,-1.9281431125527912,-0.2919648245932895,0.06485877346796412,-0.9536320258938089,-0.10347393633368031,0.021100090382731255,-1.3417411747893537,-0.1901351041781156,-0.02689079694080351,-1.5929848053382152,-0.26425811956470063,-0.0668234811795895,-1.832499876940209,-0.32000460249962587,0.21041045527558042,-0.8259612567384726,-0.14098533981381278,0.17614475074847,-1.130509811576458,-0.22546216277420592,0.13280906011465354,-1.3214112166699559,-0.2777739822357303,0.09706795957498394,-1.5035884283589465,-0.31862182028017133
B,0.0,0.0,0.0,-0.2160909479075233,-0.18137159616840054,-0.12361239545780714,-0.29802038568579575,-0.4884281013664684,-0.17641976124657457,-0.11413825919840313,-0.6764234081556683,-0.22389183869688623,0.07336438340021245,-0.7315442000174506,-0.2675776529914809,-0.2472610604214513,-0.94599341393539,-0.07646416243068514,-0.29414705776236905,-1.3311341077615875,-0.15557968028742353,-0.30955438464118484,-1.55951265598659,-0.2313780459223186,-0.3141708229564637,-1.772284754603555,-0.2996292898501793,-0.08405468207264476,-0.9931521765024935,-0.08113916890150173,-0.13939845847830737,-1.4220073033729788,-0.15632183929226875,-0.17571120346180005,-1.6875157608808877,-0.23202321487878783,-0.20539015826485307,-1.9351039955800526,-0.29660045931774215,0.058497238635999683,-0.9527971166926241,-0.10423027651694004,0.01982423105427557,-1.3365814926312987,-0.18898787930868727,-0.023905012771524552,-1.5839544567352877,-0.26250105192282536,-0.06362876301943012,-1.8161183938684873,-0.3188305424070918,0.20424479116123162,-0.8258059790156874,-0.14132324884213393,0.17487130872687076,-1.1251180911251883,-0.22384442362551685,0.13676522494859147,-1.3195586591884938,-0.27639711339781026,0.10396407512061633,-1.5035950646499734,-0.31831687056286934
B,0.0,0.0,0.0,-0.22448086916540275,-0.1802337596167046,-0.13353204914100722,-0.314038009551162,-0.4825004756386696,-0.19715130239472772,-0.13494739169741377,-0.6661593099629493,-0.25409116654909114,0.05219593990821377,-0.7308675216729604,-0.30772364717826506,-0.25365501842964655,-0.942397453108035,-0.09825255538879715,-0.3036133801000936,-1.338975221529331,-0.18709250642741618,-0.3216630929953541,-1.5695108265152378,-0.2702259870045196,-0.3285588704582227,-1.7851511022675757,-0.3430419048750848,-0.08673042977372966,-0.9909503647970138,-0.10244611783727728,-0.14567528849820177,-1.435289875782198,-0.18513368372768774,-0.18329423438948725,-1.7057897083121203,-0.26996060154558027,-0.21149533900819967,-1.9648026267730447,-0.3413276962614099,0.057620796446725006,-0.9490769748470657,-0.12421892689074154,0.014907638195278987,-1.3473206975687808,-0.2138762765499058,-0.028415874778205927,-1.597067408431992,-0.2913012108546018,-0.06964346868532917,-1.8302781964668073,-0.35053917672979573,0.20685634600783517,-0.8166240579072476,-0.16027923724151788,0.17655338006538382,-1.1256664329036687,-0.2434908956422413,0.1364102481296162,-1.319575979538992,-0.29429770024883967,0.09813956393812853,-1.4999160631180546,-0.33529349306237916
B,0.0,0.0,0.0,-0.2142663633382263,-0.18193767535586325,-0.11988669057775442,-0.29499118531925483,-0.49439044885791655,-0.1705442593370719,-0.11136665737551962,-0.6806722949780163,-0.2167950663346886,0.07513445623209389,-0.7310454448321543,-0.26045354737649556,-0.24003273414345966,-0.9486831784551636,-0.07026719974660244,-0.29392392788729055,-1.3292363369066638,-0.1530644696179189,-0.3136430372350962,-1.5617932808502295,-0.23215973670459994,-0.3177625278100459,-1.7715297434614172,-0.30176018296504364,-0.07792528771886129,-0.9939431293676572,-0.07749003237037284,-0.13854202874427307,-1.4165797257106991,-0.15450469934804156,-0.17974542500635507,-1.6828296768776683,-0.2297884692038024,-0.20881354389317247,-1.9286546387067767,-0.2925875107592865,0.0658965662765414,-0.949817086410922,-0.103468374128867,0.024500859904403777,-1.333944432266585,-0.19045583799204413,-0.02011168942346551,-1.5899781741653676,-0.2620913937870396,-0.05620570747456652,-1.833722960411093,-0.3159706477475475,0.21091430896957472,-0.8146413336438807,-0.1431899504155846,0.17798406817054765,-1.1198109454503178,-0.22781662725443658,0.13682376125983572,-1.3145211111509676,-0.2769886349062818,0.10278487177999134,-1.5012536973579362,-0.3149857748205118
B,0.0,0.0,0.0,-0.20976164356063995,-0.16679140885555707,-0.1148143835148499,-0.2988122757782598,-0.49243987724098925,-0.16100508582792944,-0.1162563010672599,-0.6888237799128757,-0.20321733770049413,0.08015693181462252,-0.7298594868104522,-0.2423417277481152,-0.2412156561725431,-0.9412104479372067,-0.0590242094327001,-0.2993641690462063,-1.3115522481128108,-0.13809846876997459,-0.3225767091622894,-1.5420539372886117,-0.2140228560991214,-0.3319757754137791,-1.7472278295849843,-0.28072320889758207,-0.08478962793305632,-0.9941829172770424,-0.0664157058946408,-0.15199041425152976,-1.4067118988534475,-0.14004800457162453,-0.19766957871149549,-1.6706462292680044,-0.20995215529038624,-0.23187050264518277,-1.9108603326222307,-0.2671703571597606,0.057331276159170136,-0.9586847118249706,-0.0930172106636909,0.008441825261224358,-1.3361024779142874,-0.17627479670599813,-0.04322534422943663,-1.5886495125544238,-0.24281829090837403,-0.0835873003319251,-1.8294053807587562,-0.2916122339912159,0.20276142977202502,-0.8307634275275009,-0.1334058593673628,0.16379424120963434,-1.1361413446664133,-0.21428421675636097,0.1207754745023998,-1.3273743138403682,-0.259762949322658,0.08710165031382057,-1.5069123365480022,-0.2938905741074434
B,0.0,0.0,0.0,-0.211094830377333,-0.16705149655319287,-0.11795266594152291,-0.2967251894543477,-0.48552534791950647,-0.16506752957584364,-0.11096753757994625,-0.6787188354036838,-0.2078271218245899,0.08379286183931886,-0.7303202521632727,-0.24742101331875543,-0.24136556166634882,-0.9459096180375051,-0.06669288022216564,-0.29644787108044607,-1.3244250014383068,-0.14213421533105552,-0.3146513605478982,-1.5536705087551332,-0.21314324982565652,-0.3182678614664276,-1.7616818028885144,-0.27762725440928804,-0.08033122156054036,-0.9940230934585751,-0.0739255335701828,-0.1473120251969076,-1.416958336654759,-0.14736073562158694,-0.18838291845343866,-1.6793418115892493,-0.21632082550870999,-0.21669169589006754,-1.9222486153563794,-0.27364593149110106,0.06286037441321383,-0.9522572209994665,-0.10006822805451535,0.012272705700254849,-1.3345607986367822,-0.18757522692138448,-0.03886665404181655,-1.5851885415012728,-0.25694833550013924,-0.07906056476236728,-1.8298497311573194,-0.30761219838316584,0.2082130758637085,-0.8222563429151424,-0.1395631552361431,0.16662878592104688,-1.1277728193940417,-0.2257250061283897,0.12283604859411226,-1.3206436454773252,-0.2760496905450055,0.08970597129437068,-1.5093113518056318,-0.31388242362737134
B,0.0,0.0,0.0,-0.20707123560247537,-0.15924528504998364,-0.12114906702905057,-0.2894074557440277,-0.4710827168348677,-0.17043212818359801,-0.1063501851329703,-0.659171519477388,-0.21446296271880463,0.0834130163003608,-0.7127757916164986,-0.2553827262558818,-0.2394561258737132,-0.9449969929217986,-0.0684764316916164,-0.2988436355009221,-1.318941282791319,-0.14871855127435066,-0.3219981726728544,-1.5559486485238119,-0.2258172123504324,-0.3316839947309572,-1.768698605274239,-0.29410303799224874,-0.07671071897048483,-0.9942453488805766,-0.07477734833739504,-0.14621900106928906,-1.4169022683150574,-0.1497582644372176,-0.1906341709345507,-1.6838174443103502,-0.221795083208857,-0.22493284302515554,-1.9306302167478002,-0.281586992524876,0.06972372682450469,-0.9552705858089453,-0.10025360032169267,0.019283585359272572,-1.337279946392336,-0.1882358936133291,-0.03165306215536645,-1.594009801992262,-0.2572731308263664,-0.07365195957614032,-1.8438553650401552,-0.308010817915374,0.21523718916409412,-0.8259011576621463,-0.139508302609084,0.1740727125857157,-1.1379826746422188,-0.22499251644357207,0.12984798046906423,-1.3274695169184758,-0.27203104110313603,0.09432695878889502,-1.5105060552493814,-0.30749948401096167
B,0.0,0.0,0.0,-0.2143998884935655,-0.16663484255832464,-0.12618569303279023,-0.29848940003926483,-0.48223463310289955,-0.17800743387037715,-0.11119071419373476,-0.6734223896850581,-0.2240890832974569,0.08307927826848786,-0.7248276970739346,-0.2669831806061599,-0.24412404367203172,-0.9435604154752391,-0.07793858571216662,-0.29906875815747325,-1.3232457046688595,-0.15757548960027362,-0.3198436996474412,-1.555368502276122,-0.2329907475888127,-0.32594417377365864,-1.766894305609818,-0.3009186652339256,-0.0834983254819496,-0.9931271109723896,-0.08201567590007208,-0.1478030635501349,-1.41275695635869,-0.15727779763609848,-0.1918663849575883,-1.6747046578948324,-0.2292020295776358,-0.2248602278316162,-1.9188313417332794,-0.29017522085114517,0.060156719809528504,-0.9546436228740249,-0.10540837539304836,0.010744421244354107,-1.3331083103304502,-0.1919238830545851,-0.040112153956733274,-1.583762964041106,-0.2625477802331803,-0.08084358534787674,-1.8270630645782011,-0.3161143806530803,0.20468914520419212,-0.8282877927898906,-0.14328537766328567,0.16316291811533873,-1.1327486156209852,-0.2280457686959853,0.11860746968804368,-1.325962541517024,-0.27920292684347275,0.08404938101618431,-1.51281789061807,-0.319309774065711
B,0.0,0.0,0.0,-0.21310417450590147,-0.16907449095355734,-0.11484034802023328,-0.29584029192472444,-0.48125062001790697,-0.16234014486337275,-0.11193733572690166,-0.6706295031892616,-0.2066759869719329,0.07650081073135846,-0.7244450838882437,-0.24833135681686258,-0.2452701579898143,-0.9444281715484029,-0.06003568631506614,-0.3001127254166086,-1.315553127908943,-0.13806917456957435,-0.32115414404379067,-1.5453634452411305,-0.21400592022149006,-0.3288455787303401,-1.7534988597304588,-0.2823305748739897,-0.08401173193967228,-0.9939310406312682,-0.07101489538217064,-0.14577623208796733,-1.4098428460156536,-0.14591409052467322,-0.18841811283625967,-1.6761775140180084,-0.2206919043238777,-0.22361275820617646,-1.9209485184996642,-0.28352953443065837,0.059688384268354315,-0.9542338914368096,-0.10113068807461302,0.013874443076581151,-1.3305223557077905,-0.18733280002970817,-0.036703704307129166,-1.5874701119616637,-0.2611308379129462,-0.08046873316883588,-1.8311373693112107,-0.31724757005899773,0.20530476914078127,-0.8248185912360259,-0.14481292667540144,0.1684827610237337,-1.1249121265515605,-0.23068524171832153,0.125896763536811,-1.3196191096541068,-0.2840577103306885,0.09029659548155893,-1.5062841751252118,-0.3258517471078989
B,0.0,0.0,0.0,-0.21055339121281597,-0.1591065002649252,-0.1283500951909395,-0.2929150524408082,-0.4829493724280063,-0.1816267024418283,-0.10324076870237424,-0.6674115806079787,-0.2283059743442336,0.09158590544098276,-0.7262801813469426,-0.2728731886830514,-0.2395062527362826,-0.9463138853347044,-0.08887425575566199,-0.30249730061238866,-1.3249261219926498,-0.17313398909925645,-0.3258122683045684,-1.5615959394215264,-0.25021235102037775,-0.33367616165250163,-1.777504629168768,-0.3198300553788629,-0.07375780033135108,-0.992789366665821,-0.09449370521658458,-0.14581853140456413,-1.4259477367873858,-0.17662474162078987,-0.19216394616452878,-1.6914768234290727,-0.252901899881374,-0.22427413091765117,-1.9426839333622692,-0.3168485519899398,0.07426801212772814,-0.9499354264252148,-0.11865168559150459,0.0194214206062423,-1.3388574711371217,-0.21789480581783158,-0.034832383960207554,-1.5979037660482382,-0.29436345394601826,-0.07720156951293512,-1.8526196784485947,-0.3502459786431669,0.22003049510853934,-0.8185532147921027,-0.15612667518374929,0.16860563846464305,-1.1330370698148484,-0.25355910508680163,0.12454622926278541,-1.3283210092474111,-0.30970189662955505,0.09367830861933246,-1.5194111574614517,-0.3521173167837468
B,0.0,0.0,0.0,-0.21388876051855468,-0.1675357050726426,-0.11576549243139957,-0.2970652126548669,-0.48092621682925196,-0.15980752313988286,-0.11421656659236662,-0.672249710486054,-0.19973230423075697,0.0744983763306357,-0.7216673717005986,-0.2363735547469628,-0.24865738758888076,-0.9418057675052475,-0.04976739677574516,-0.30738172396817337,-1.30769304753416,-0.12305363806366286,-0.33049719916227277,-1.5378228315466378,-0.19724232517896867,-0.3397080397206227,-1.7431741157149552,-0.2644189428348832,-0.08818864408365265,-0.9943962687478435,-0.058299431858753775,-0.15586468928952152,-1.4052700153452484,-0.12816572340212953,-0.20153555365567902,-1.6683743647668308,-0.1994063273356116,-0.2382901217636332,-1.9084003328715708,-0.2589666420166583,0.053054962821849766,-0.9571502330366835,-0.08686896142370334,0.0008789042192032185,-1.3266079826447552,-0.16934636341812945,-0.05109455666290007,-1.578800847571643,-0.23893692030450026,-0.09303964054172263,-1.8184299216979123,-0.29145654386944775,0.1986798505159054,-0.8273069511839498,-0.12953201016935903,0.15716623252948458,-1.1262739343504307,-0.21169739144590102,0.11428949336521776,-1.3172390990512926,-0.26092381691009625,0.08110655073628056,-1.5036710346731939,-0.2992182537923455
B,0.0,0.0,0.0,-0.2168917170578951,-0.17153359742937851,-0.12036564798123779,-0.30952074080698416,-0.4957916745167922,-0.1712013107913668,-0.1279251043474858,-0.6890754487028751,-0.2176497455111405,0.06603533263554434,-0.7453767445861967,-0.261409512779843,-0.2495836998799403,-0.9396597030892672,-0.07566871723115187,-0.30982829564210757,-1.3196370617352762,-0.15634537407288984,-0.3334986348341368,-1.550704337393269,-0.2314480277122239,-0.3424760108045394,-1.7603393202502575,-0.29787921335394185,-0.09311828678700643,-0.9922804592733054,-0.08190527950145066,-0.15972783420724995,-1.41314732810824,-0.15741197434649695,-0.20409035309122384,-1.677603064432862,-0.23008221231436696,-0.23625017540520254,-1.9181026189633796,-0.2908246084488056,0.048733001678088535,-0.9555564304548088,-0.10672775699686071,-0.0015021492495471505,-1.3345447231060275,-0.19200410693275013,-0.05475382498226559,-1.5884728721802623,-0.2646715122974008,-0.09811947833142211,-1.828906973814066,-0.31919583054440903,0.1930481015982364,-0.8323852511530411,-0.14530757569566113,0.15224343775690313,-1.1337679097360542,-0.22864101014618038,0.10595316769595638,-1.3288152231617822,-0.28044739949211694,0.06823037615723035,-1.5112046209178243,-0.32051205562358
B,0.0,0.0,0.0,-0.2146567699989127,-0.17426292670255203,-0.12213719933752439,-0.3014248631101978,-0.4843944299282497,-0.17400851371778872,-0.11901874341676608,-0.6749150387024389,-0.2210351263344757,0.06946622657587052,-0.7341890383478201,-0.26510300368223694,-0.24890946488002552,-0.9450813436896002,-0.0741209662639867,-0.3047227297616779,-1.3256063160988925,-0.15540495143602862,-0.32639099258056475,-1.5557720213583668,-0.2326963954650922,-0.33468801726754355,-1.7657197554355712,-0.30150354837132437,-0.08743338596144988,-0.9928497530502359,-0.08126974152414801,-0.15034406470853112,-1.4163015293580026,-0.15853224244383837,-0.1932085704909625,-1.6821913769800743,-0.23430700375528027,-0.22715615343855453,-1.9279459632053393,-0.29801371103205493,0.05659177871063243,-0.950157258106981,-0.107366459543299,0.009681084708758258,-1.33103985997424,-0.19566976002531233,-0.03979977866761011,-1.5881477994498248,-0.2703417330564774,-0.08135793760714832,-1.8337414311568492,-0.3269146947593631,0.20395361346824895,-0.8185104952089146,-0.1472524695409011,0.165944108306036,-1.1213550324515988,-0.2349892000191837,0.12135183975580685,-1.320459492392432,-0.2890658517607506,0.0841235061920297,-1.5126097390861126,-0.3311560164122475
B,0.0,0.0,0.0,-0.21988273918321152,-0.17909929419156037,-0.11696416274872301,-0.3097593832374423,-0.4903107903993944,-0.16891417267091827,-0.12950353704400341,-0.6812730454713386,-0.21753849506631046,0.05723167398567708,-0.7418137490423071,-0.2639247003043742,-0.24828332841770875,-0.9388699908678733,-0.06923007416803299,-0.30613192065109185,-1.309848301326293,-0.15111465302804775,-0.32922849598208537,-1.5380796457042092,-0.2309429160579211,-0.3387862901850752,-1.747936183990515,-0.3015457734810642,-0.0903403510154318,-0.9927844890648865,-0.07885162807818799,-0.15314047719870288,-1.4069525076649736,-0.15588135693411018,-0.19625540737095135,-1.6743815027780373,-0.2349387854698654,-0.23173421182807016,-1.9199765840828371,-0.30155700062032753,0.04833706428800854,-0.9564181661941896,-0.10680033148474341,0.004108193023829811,-1.334605553321714,-0.19007769571703115,-0.044060725271490964,-1.584152274331686,-0.26452321126561357,-0.08696239201698885,-1.8168227773550643,-0.32210613805247523,0.1897087841376346,-0.830411021413044,-0.1486451915278295,0.15378548940419334,-1.1289785656017866,-0.2318357347256165,0.11066262190558197,-1.324033974552873,-0.2852768131804846,0.0718996442273082,-1.5044510737976846,-0.3272191600403716
B,0.0,0.0,0.0,-0.20051857281174915,-0.1829968784564889,-0.10338000162548298,-0.2977977683000727,-0.5059658514602972,-0.15182918922451358,-0.13805266060352195,-0.6919508477679565,-0.19964481960945848,0.04144856695712655,-0.7506110490954353,-0.24565094044711674,-0.18758734014167944,-0.9631036033954216,-0.06113173173266236,-0.24896106474147792,-1.3309642257065322,-0.14390496625404606,-0.27391664397347537,-1.5741217649775334,-0.22059672961247512,-0.27915356236493255,-1.7806528783155753,-0.2871035995664807,-0.03467551381810513,-0.9963955466683503,-0.07741784885237855,-0.09491487006025898,-1.4204172133795159,-0.15949571090126405,-0.134591530768607,-1.6933447082911546,-0.23173331305517786,-0.15996199229513106,-1.9347076770302165,-0.28881910742544936,0.10122141670422093,-0.9440202769740412,-0.11130785114357433,0.051502065229197785,-1.3354265712355222,-0.20204642043841597,0.006327112382385616,-1.6021958866161126,-0.26731141096471384,-0.0252612322729575,-1.8504423968746047,-0.31292947153276673,0.23122416462342707,-0.8035096958471796,-0.1573618056853341,0.19071805410773648,-1.1246460097320699,-0.2429324855946649,0.1515503954253744,-1.3359952768592789,-0.28833004157446596,0.12338561665415199,-1.5269765934042858,-0.3206249137791755
B,0.0,0.0,0.0,-0.19677175841424863,-0.20152231520902283,-0.09039976103094935,-0.3009858511615786,-0.5149901419984947,-0.13674743366036654,-0.16466685756594407,-0.7134438308844349,-0.18488771825575395,0.010712683922140068,-0.7688719644484736,-0.23053806913171518,-0.18591437929936058,-0.9664711859009161,-0.04736371649634934,-0.23867220137104977,-1.3381830598035456,-0.12097160195340882,-0.25957007664288173,-1.5672002829894158,-0.19341439385897347,-0.2629491527492906,-1.77127249830128,-0.25701673520991386,-0.04637269325967433,-0.9967999431819724,-0.06511103279983178,-0.09791592211870054,-1.416921729987019,-0.13114506704749063,-0.1309251679216799,-1.6794465711369628,-0.19505876504577868,-0.15112455637169503,-1.912150498857835,-0.2507979403738243,0.08097973270569307,-0.9509267304727519,-0.0995069366682013,0.04151683947574856,-1.3258544449579381,-0.17042333787707825,0.004341863409129534,-1.5725691195214475,-0.22698422017584852,-0.02277014642534866,-1.8021054719782352,-0.2726590059990531,0.20786975878281505,-0.8270888056409892,-0.1464678823897577,0.17530104736889843,-1.1291581577828038,-0.216473489833141,0.1349145635144916,-1.3260046820974836,-0.2552093048339273,0.10132512626315375,-1.505243534572643,-0.2869410815187599
B,0.0,0.0,0.0,-0.19747981475630103,-0.21350939943381309,-0.08718771357283116,-0.3013186237721441,-0.5271104088254545,-0.1342448395308339,-0.16807926930785366,-0.7288865189406198,-0.18535647839858932,0.010496344960576054,-0.7852646134623369,-0.2348943617855845,-0.1772477048599711,-0.9707706024616871,-0.0371563973829173,-0.23695183426368183,-1.3280036795075403,-0.11291510055528098,-0.26890531184760647,-1.5447558627695235,-0.19038516513574216,-0.28414746778498384,-1.745244837458067,-0.25904515689081037,-0.04064785298358441,-0.9974462036694649,-0.05872667905813431,-0.10351712534096107,-1.4198448195043265,-0.126020830080732,-0.14712815482272648,-1.6791803676149581,-0.19455113652993453,-0.17940852553375788,-1.9113299885633277,-0.2566530165018873,0.08418064050020413,-0.9474390688551427,-0.09758836615558057,0.03435323178763779,-1.331541999567695,-0.17399662916358602,-0.013037355465000391,-1.5711016655787615,-0.23298306886427742,-0.051607238101527175,-1.7970000440391334,-0.28211378847810564,0.2113668118428131,-0.8171007781894298,-0.14859475154749577,0.1676871578461632,-1.1122609277958873,-0.22607799003117932,0.12658938851754767,-1.3034524328079755,-0.2693944850986959,0.09102946726745162,-1.4816007718121973,-0.3060190380563506
B,0.0,0.0,0.0,-0.19702874063200368,-0.19401684001382435,-0.0923112721520281,-0.30650729989215997,-0.5164912664129391,-0.13974639879870285,-0.17812087022192283,-0.7184172103328433,-0.18917462028022822,0.004078150466528972,-0.7701328299720013,-0.23622929994380876,-0.18154419876638012,-0.9706028134269356,-0.04975428359744859,-0.24024988980200707,-1.3238037301996477,-0.12501859758889536,-0.2663355812533386,-1.549032447461905,-0.19750537275889385,-0.2744201249927354,-1.7528120688448403,-0.2631163300975747,-0.03996565439649431,-0.9967324398964224,-0.0701939436617215,-0.10078372909545111,-1.4138428954018365,-0.144431295368747,-0.1414701579811339,-1.677705605667483,-0.21114435613266605,-0.16996807208074513,-1.9146674747713786,-0.26860960848372667,0.08676075216180594,-0.9449441623456911,-0.10773818683623598,0.03487869986845188,-1.3227297742091615,-0.19154297046020768,-0.012996758992498428,-1.5698496396860289,-0.25237164110460225,-0.04904459071081144,-1.8045339935093827,-0.2996011851428335,0.21068332393961403,-0.8123226571326896,-0.1572946855604047,0.15938783916655067,-1.1106218147719638,-0.24035841603219543,0.11408693233758785,-1.306368033176954,-0.28682607781652925,0.0796590918240088,-1.4876181975849287,-0.3236204795842346
B,0.0,0.0,0.0,-0.19176700963529375,-0.19282875451709824,-0.09254958425294889,-0.2994362797405056,-0.5093305853255755,-0.1403512908241893,-0.17709755716173384,-0.7123550689545097,-0.1902255033015481,4.1894000946376626e-05,-0.7746911583152755,-0.23707186905233316,-0.17869608134002424,-0.971786151687041,-0.046001465071697376,-0.23799823097822548,-1.3235758355770235,-0.12124709279014134,-0.265506904168361,-1.547704769644788,-0.1941387703070096,-0.27460336249233147,-1.7495550299486187,-0.2591864166146923,-0.0422762092488495,-0.9969624607581381,-0.06541080927970012,-0.10313479051462725,-1.4096610582799645,-0.13755688898677523,-0.14431282099933262,-1.669917313846302,-0.20314454102466606,-0.17213510354726339,-1.9031464786836199,-0.2593458520780096,0.08107928668938386,-0.9448596264152693,-0.10227028925067737,0.028561582607285422,-1.3168307028748893,-0.18252499875555742,-0.018919310972406934,-1.556591658689143,-0.23997533675891713,-0.05312357869768075,-1.7836673691315315,-0.284828349709341,0.20231824210587135,-0.8123711389958421,-0.15157906921822528,0.14967614659442266,-1.1053466093012998,-0.22998257514692685,0.10497663743301143,-1.2942863695220157,-0.27291700169382066,0.07199116745564915,-1.4685233209082287,-0.30709104021698985
B,0.0,0.0,0.0,-0.19353648174539867,-0.18879158308999494,-0.08921072424404801,-0.3069205936551681,-0.5095029630652431,-0.13399986984213305,-0.18660443043450892,-0.7157035070085715,-0.18104718386023502,-0.005420090643147656,-0.7707956427928545,-0.22484407079339924,-0.17908243864947926,-0.9709669991023091,-0.03710026328231291,-0.23987168234817377,-1.3192202345419677,-0.11009115807380597,-0.2695854454915199,-1.5434460576340376,-0.18207713497745737,-0.28127051942558035,-1.7425389321484521,-0.24587148199370673,-0.041902523078958864,-0.9974729985284814,-0.05737417333798689,-0.10219289497922227,-1.4080086830015839,-0.12649736053535937,-0.1454903334125398,-1.6718305243980809,-0.19065652134489752,-0.17341792690203392,-1.9071080528260826,-0.24497897386819628,0.0801120508844894,-0.9455911338588312,-0.09537911004785506,0.0288221326069463,-1.3119977263094342,-0.1713409229267971,-0.016854826014907322,-1.5552596106138943,-0.22860225840076004,-0.046225677481768514,-1.7837429945912482,-0.2732540675715252,0.19903690940313082,-0.8141449342056231,-0.14594099920470066,0.1432585490822846,-1.1026673485619558,-0.21913635658773634,0.09873409062845914,-1.290183468712536,-0.2606694146511201,0.06934137465575597,-1.4616311829872315,-0.2937718251643281
B,0.0,0.0,0.0,-0.1923850483722681,-0.19141919868020166,-0.08694844156732398,-0.3020029032295758,-0.5157946603109077,-0.1313857199665164,-0.1813595778582978,-0.7137140413847315,-0.17884716433115166,0.00010863564497628246,-0.7677922469589765,-0.2240602299223269,-0.17855520205336367,-0.9730326130773544,-0.03655108834654695,-0.24204251142390154,-1.3109657832496506,-0.11113651956559863,-0.2743013125468725,-1.5322879158427591,-0.18536439274482464,-0.2884976670013535,-1.7313987975075809,-0.2515476168505074,-0.04201835213763088,-0.997310135919685,-0.06005789602956157,-0.10665107424978276,-1.404246193801122,-0.13114465657249877,-0.15120316077377968,-1.666581125454395,-0.19849531483267757,-0.17905628271885116,-1.9063776024002055,-0.25596855888761844,0.07942183414463935,-0.9402960744853371,-0.1010594038160201,0.02400418797801923,-1.306416453632113,-0.17965521052377195,-0.021361817946676926,-1.5481124083703879,-0.23857835138587216,-0.04918461368782482,-1.780973063012924,-0.28485289646265416,0.1981147057688317,-0.8022593743196333,-0.1541612103690377,0.13616744881991352,-1.0904854023299213,-0.23039194726043608,0.09211624344690461,-1.278298376431709,-0.2731086500249324,0.0650902088594992,-1.4547069022277315,-0.3073623716890645
B,0.0,0.0,0.0,-0.18726904549391268,-0.19100724494011406,-0.08264462897782779,-0.29661493422920576,-0.5046510583532633,-0.1270349021724294,-0.18653707714545717,-0.7018493574130406,-0.17553063926085866,-0.01461550167857524,-0.7663755344523261,-0.2221235544734675,-0.1765994707279053,-0.9735256596652657,-0.03308748309284721,-0.24334730743859326,-1.3138775174711566,-0.10707404774785313,-0.274542324768077,-1.5415724757961324,-0.18156655656220447,-0.28651315450051407,-1.7429990082677664,-0.24780297998446604,-0.04558608583831788,-0.9972370190764756,-0.0586535298290455,-0.10862784180631636,-1.407769636197827,-0.12633765036379926,-0.1516245436215692,-1.6691861506102754,-0.19136644036562636,-0.1798237709179162,-1.9037871273838636,-0.248089984962829,0.07235747268968827,-0.9413039376492173,-0.10153334144003133,0.01809824307733983,-1.3090420118538906,-0.17557123511444608,-0.02670108368300222,-1.55387533138314,-0.23112989250691762,-0.056744202989322146,-1.7843697877266007,-0.2762339243361029,0.18727352023588803,-0.805467079226342,-0.15649214102594994,0.13024760737954041,-1.098619557553738,-0.2287497275308775,0.08387327088258827,-1.2886292333494824,-0.2675245600117497,0.049645174003506626,-1.4640171428278859,-0.2994126154345034
B,0.0,0.0,0.0,-0.19644240085898929,-0.18477226416072204,-0.08318478279791525,-0.310930838026213,-0.5079105915883143,-0.12644636657282257,-0.21231853915407056,-0.7021515020731535,-0.17246668701479445,-0.04347780426735001,-0.7523588085494296,-0.2161567481085231,-0.18435924012225166,-0.9747401425533178,-0.033981522481485754,-0.25463855154681625,-1.3153224138097768,-0.10730878335588401,-0.28994839403491146,-1.5445606894124981,-0.17979856611947803,-0.305218141595183,-1.7467714787193667,-0.24382993567540306,-0.05964454450980986,-0.9964511986785682,-0.05939307166885617,-0.12549619007590326,-1.397510986394143,-0.13047521989171756,-0.16934296649812586,-1.6620331148770966,-0.1951966185537023,-0.19569040811256141,-1.8971878895887229,-0.2477676623045663,0.05288814957923408,-0.9387474456964687,-0.10223330896088334,-0.005226520175833413,-1.3075843341930116,-0.1804571116754721,-0.048905819163603384,-1.55808542044483,-0.2374568122013233,-0.07498112249030044,-1.7865532396414834,-0.2796656663388174,0.16337850201254725,-0.8060182173025421,-0.15678918357980845,0.11145678453110432,-1.0948171481788824,-0.2320079755149867,0.07038086155258502,-1.2842583099251124,-0.2725420302214603,0.04436526408178931,-1.4560630642599228,-0.3031574621595721
B,0.0,0.0,0.0,-0.1830435619870059,-0.19273616144081746,-0.08904900133678828,-0.30152103331156227,-0.5167834163666295,-0.14127018965869356,-0.19857109367773074,-0.7276844655789282,-0.19463814581773384,-0.020672993149321636,-0.7682236627731016,-0.24574059234708517,-0.1870895401581913,-0.9724373668505131,-0.06325103356691447,-0.25870365460439426,-1.3284543670134763,-0.1450074175811466,-0.3000349009082131,-1.5478637022178796,-0.22139698953423195,-0.319001664452556,-1.7462702494227749,-0.2870916173174286,-0.05646270330368419,-0.9946604659861632,-0.08638588160011224,-0.12635554733386312,-1.417234559105679,-0.1580267436219574,-0.1767579067791018,-1.6837665547708567,-0.22194079005757475,-0.21084680202046194,-1.9191264695446524,-0.2766727973703132,0.06584766803558258,-0.9336898310680556,-0.1252215816033135,0.0013522691850460136,-1.3167826976423243,-0.2033903812309841,-0.05131774320545559,-1.5677378277565486,-0.25895229036116535,-0.08731942852348322,-1.799839501769638,-0.3030817792878885,0.1868571094915046,-0.7927911229903456,-0.17574891765432943,0.12784157946513866,-1.0885297666315796,-0.25189428950608517,0.08064241141218047,-1.2766975323975716,-0.29079759795493504,0.04746288360661909,-1.4458637402096692,-0.3220400698420092
B,0.0,0.0,0.0,-0.21072292223351108,-0.160147237833444,-0.09692743048094526,-0.33610753275572197,-0.47972872971416475,-0.14164951799657902,-0.208268206257193,-0.6885773765846145,-0.18720115445334876,-0.028011337675597388,-0.7434389655341055,-0.23018235612649154,-0.24682206073412363,-0.9459483145509696,-0.043141215997425264,-0.3223464327447179,-1.3050943538958613,-0.11677809166863559,-0.35897081973240624,-1.5336513088423063,-0.18949773165177086,-0.3747643851781651,-1.7334728628667124,-0.25246025263845395,-0.10588558114028483,-0.9926033062402826,-0.059387878792258625,-0.18586707639657832,-1.4019086269366006,-0.12644698533327428,-0.23643691330372285,-1.6688051308737455,-0.1926768699311134,-0.2724281296542566,-1.9008994086879365,-0.2467704624965476,0.024951560063190895,-0.9571962236564303,-0.09345655231622145,-0.03660581863296943,-1.3298838255587435,-0.1657831984575802,-0.0873162005454448,-1.5768862352851092,-0.22457063514448064,-0.12658642419918206,-1.8010462859041976,-0.26839736377670126,0.15751196768969367,-0.8450193556570816,-0.14050679477440386,0.10254471351721671,-1.1451141286672921,-0.20987750118480378,0.05509671971753351,-1.3316249422233235,-0.2470528348521484,0.01942044728405496,-1.493671384205446,-0.27509984736395293
B,0.0,0.0,0.0,-0.2090051790564313,-0.17851524783104172,-0.0979108809006647,-0.32516897024328334,-0.49258360405138385,-0.14494838182502934,-0.186098067379789,-0.6961009788647478,-0.1923737975656912,-0.007259497723940204,-0.7662521284482129,-0.23706390149189602,-0.23403646719986826,-0.9490917929407865,-0.049588306998898,-0.3049150144175729,-1.3114273767595122,-0.12376222473835177,-0.33233751777241816,-1.5414419488538884,-0.1954171113991599,-0.33619657940133596,-1.7412807349585202,-0.25808682999885485,-0.08952394892542187,-0.9938321514379159,-0.06544552954237497,-0.16308980929816133,-1.4036435330208552,-0.13294384827910766,-0.206446949922275,-1.6656484086686048,-0.1975357436766692,-0.23314807140688684,-1.8937757642207689,-0.25152931585528066,0.043498052248800954,-0.9548349102867605,-0.09897960304331038,-0.01601946973796586,-1.3246891794922013,-0.17320216945058536,-0.06271607312022567,-1.5690486977266858,-0.2310053898745299,-0.0960111856903306,-1.7926442457022573,-0.27502214882571174,0.17837148126750405,-0.8359511780722978,-0.1454279223350564,0.1284679658594378,-1.1344038344778011,-0.21738182560465508,0.08549175564764806,-1.3268065244981755,-0.2568352197087372,0.05474080144165107,-1.4991038174751616,-0.28721778484093163
B,0.0,0.0,0.0,-0.20576053832331614,-0.17422687636327783,-0.10489927645214664,-0.3103443040376295,-0.4938517037319644,-0.1509515747958089,-0.15015247848449764,-0.6930671044825052,-0.1955422400825979,0.031070633433801873,-0.7661186481300205,-0.23706410718886464,-0.23037859874978311,-0.9497332170212319,-0.05654261539231909,-0.29722595097389526,-1.316082991431971,-0.13254212832198276,-0.3234633770479839,-1.544813632368363,-0.20454713956386647,-0.32918366149316786,-1.7458870096463275,-0.2681345092112529,-0.08127662523351714,-0.994314985824787,-0.06878821959394142,-0.15205354895960965,-1.412577848320997,-0.14102561931983917,-0.1956615385347314,-1.6743370689492902,-0.2080124354892149,-0.22499710061411107,-1.905828808023253,-0.26366065806448286,0.05443351835289666,-0.951119422813461,-0.09917014052039241,-0.0004050213985604399,-1.3312269657360931,-0.18247946432669684,-0.051298459370946604,-1.5795682326571765,-0.24683049163896678,-0.08904834614789528,-1.8107889632534333,-0.2941539714461086,0.19229589093531754,-0.8228650464247219,-0.14222604031551542,0.14418638369331074,-1.1295509931371115,-0.22452045151461897,0.09748591483634154,-1.3285942237959332,-0.2719815696880949,0.06248025887615002,-1.5093859848392803,-0.3073495387848478
B,0.0,0.0,0.0,-0.20689131614233663,-0.1788737584930494,-0.10840252165395486,-0.3016298718430402,-0.49314720251105143,-0.15592596983879428,-0.13126667242414716,-0.6824531409016767,-0.20109200650751166,0.054778623888478525,-0.7594053943403941,-0.2429226402668835,-0.22619820531676785,-0.9507505331106546,-0.05674269167326894,-0.2843026800492581,-1.3096214748687058,-0.13305838911009793,-0.306608866794156,-1.5350843494599902,-0.20678768655257937,-0.3119255208867783,-1.7368895856307756,-0.27227048221499217,-0.0743328988189682,-0.9948950337043134,-0.06825314691398623,-0.13728829441057858,-1.405283651606753,-0.13921831226647574,-0.17654193377593486,-1.6648248310933633,-0.20782342336476753,-0.20308088265589738,-1.8982973799248732,-0.26591145580879655,0.06115176187919398,-0.9484861587108839,-0.09851662437281931,0.012209933880981252,-1.3210725417352212,-0.18011387524619063,-0.035197042787221286,-1.5741133242486953,-0.24626196589105948,-0.06982819575189367,-1.8140026194331915,-0.296941480142624,0.19794834143856244,-0.8141342965447884,-0.14190788093447196,0.1539805158453177,-1.1126539140264444,-0.22372953529470863,0.11202132402263991,-1.3123883643215575,-0.27294169947795516,0.08135201114799118,-1.5007025181366174,-0.3110583119303236
B,0.0,0.0,0.0,-0.21060681610118792,-0.20065188582720891,-0.12699706586997403,-0.2943121920515359,-0.5033958954916795,-0.18744132711925712,-0.11561984269007194,-0.6918758815924283,-0.2421715415809575,0.0730450093688696,-0.7653288149657496,-0.29280597201850245,-0.2267590221121219,-0.9552899633754913,-0.08882842251474835,-0.2729330534347545,-1.338843555802333,-0.1745623024058718,-0.290576985523721,-1.5627832704773126,-0.25529867520155747,-0.29515536365535916,-1.777093398649792,-0.3263029218327673,-0.06832523925162465,-0.9934515790310013,-0.09157304080360287,-0.11221891850753857,-1.4260348739610424,-0.16840672308421253,-0.1459652850033102,-1.6859093820929276,-0.24388919519058908,-0.172442559503418,-1.931834941081549,-0.3100498013550946,0.07078659743784854,-0.9487857288881745,-0.11234007756746425,0.032347276546240124,-1.3321237797967276,-0.19393829901535925,-0.01037585584032566,-1.5684734853003675,-0.25951892632654827,-0.04492425618548754,-1.793903707156952,-0.3125396512453147,0.21289163745480796,-0.8192078969063337,-0.14814882951564856,0.18456489077515392,-1.119314824149595,-0.22511100379467244,0.1455207941060291,-1.3126803502817483,-0.2711175130395306,0.11191541329705504,-1.493756759480983,-0.3099920815305105
B,0.0,0.0,0.0,-0.20702812638929105,-0.18821261154965405,-0.12556854816651158,-0.28445452930317666,-0.4921476592411985,-0.1813851121135382,-0.09957732776957902,-0.6850115258860967,-0.23141040396552967,0.09271557520332782,-0.7447055536457379,-0.27705558224120763,-0.24078609878321924,-0.9444865983097,-0.08237487638505547,-0.2831744458672561,-1.319628477652334,-0.1639032849678386,-0.2981280088891145,-1.539545874601275,-0.24095802405143063,-0.30335868411330486,-1.749861626930576,-0.3092296245877241,-0.08137006652055374,-0.9931010372980406,-0.08443483873376294,-0.12803524123827723,-1.418766069660258,-0.15878267104034147,-0.16121145014771743,-1.6806022256196798,-0.23204389957072666,-0.18978102960222978,-1.927232041813808,-0.29524452965724923,0.0600930095118749,-0.9560568653544321,-0.10450041276644224,0.023503652313407317,-1.3341839758871705,-0.18457705528080393,-0.017573536402525264,-1.5689718995637743,-0.25048985195868084,-0.05373518027211712,-1.7963674534714624,-0.30249489717458766,0.20295781969834648,-0.8340605532321916,-0.13929479145902196,0.17282512021248314,-1.1310751625839184,-0.2149550302252433,0.13402730324347953,-1.319375395253828,-0.2605083591521882,0.10005883639089075,-1.4972282357235838,-0.29799191025986915
B,0.0,0.0,0.0,-0.20887563312980656,-0.1667832027712498,-0.13582513931941492,-0.28190324995044025,-0.47594296328285457,-0.18532241209987146,-0.08480464811056058,-0.674029070192252,-0.22514818262356032,0.11350975643581496,-0.7312767372119293,-0.2609939634502525,-0.25554954303719424,-0.9367814465086822,-0.07632992650248734,-0.29508947303334637,-1.3167201135329751,-0.15071437229035806,-0.3039338648373826,-1.5479502829155114,-0.2230578457701601,-0.3001906188261992,-1.7569893223276953,-0.288805985768562,-0.08908490755957005,-0.993390908126676,-0.07237667370334848,-0.14331287788000616,-1.4234031067181971,-0.14258639549710853,-0.1777759695709199,-1.6977662168432097,-0.21345298832662615,-0.20444653047469977,-1.9488545327923263,-0.2732993078107425,0.055142231682780825,-0.9628452839550897,-0.0886042038592587,0.013269960771516268,-1.3500511402060031,-0.17361395308915648,-0.030946322932173417,-1.6075059833626868,-0.24656816558045222,-0.06555975696938982,-1.8580157382740021,-0.3012032863184305,0.19872217068221634,-0.8395178724776711,-0.11976894616527173,0.16724943537509718,-1.1554017051358059,-0.2041319502483879,0.1315983821529288,-1.3448705399822696,-0.25578868095385315,0.10472693646163914,-1.5313612257294675,-0.2958870406764784
B,0.0,0.0,0.0,-0.20340203272123256,-0.19958920274350841,-0.13244030945161386,-0.26354978737835444,-0.49810457668783675,-0.18288395725797896,-0.06782752110474626,-0.6968448527634046,-0.22503042429647913,0.12561388389402953,-0.781606237913654,-0.2633911670321146,-0.2493728378527986,-0.941091624770237,-0.06902755305005034,-0.2934432048754522,-1.319974013953741,-0.14295564668361102,-0.3039137548294054,-1.5437003745150901,-0.21656683460790993,-0.29967457408193743,-1.7512212115244532,-0.2824757641416159,-0.08524750471949008,-0.9943240244680357,-0.06366001338980133,-0.1388812990918042,-1.4276476111047756,-0.12933581839108405,-0.17428602904776513,-1.6908901658822078,-0.19935429853475295,-0.19937235734463227,-1.930839770920306,-0.2602826127417945,0.059466180627772376,-0.9634690633018402,-0.07803699178577839,0.011762709456056893,-1.3609938653361122,-0.15699248031736407,-0.034358880822309854,-1.6038321908256794,-0.22297550481237607,-0.0671235075611997,-1.8437566300534631,-0.2743317147080758,0.20139841479003096,-0.8430829570704644,-0.10715118666662948,0.16290500104814395,-1.163323345913994,-0.18445806558595454,0.12026384233626476,-1.3526937616642367,-0.228279513908774,0.08773095076735375,-1.5395458138048044,-0.26373302883660493
B,0.0,0.0,0.0,-0.20438197354650225,-0.19884164416232808,-0.13758439571103434,-0.2628767791475662,-0.5037720358570257,-0.1873147272312897,-0.0632281525555526,-0.7006656902332317,-0.22701714691062708,0.13171793113732513,-0.7770851032272942,-0.2631076339362968,-0.24437653406712379,-0.9424398055015333,-0.07376080286102542,-0.2822466625253845,-1.3139708699344266,-0.14603061360771288,-0.28998109981140807,-1.532042626692802,-0.21965644454107824,-0.28335414165830786,-1.7378284898232246,-0.28697218522746865,-0.07776997174745721,-0.9947840680504811,-0.06600370783020579,-0.1248903275216376,-1.4282029943039833,-0.12941901597716657,-0.1575637908867354,-1.6887824614866982,-0.19916227862769298,-0.18022405029958918,-1.9282373666691666,-0.261232437066693,0.06624296850358821,-0.9642075855147427,-0.07845526493441607,0.023742801929539144,-1.3617825357671716,-0.1572677155908527,-0.021632619362171476,-1.6044862210323791,-0.22671274731262087,-0.053415070187403574,-1.8435774497654267,-0.28147368754091223,0.20715287166847868,-0.8429647096085571,-0.10608456423548712,0.17152682912024184,-1.1640345403455676,-0.185169759132027,0.13191889092700793,-1.3544165946126987,-0.23381921144981035,0.10322920916947984,-1.5432475494395463,-0.2738601876048581
B,0.0,0.0,0.0,-0.19897991380700625,-0.17429840986638281,-0.1611400746571775,-0.2639690584453301,-0.461810483148022,-0.22288132134509764,-0.06674686074327746,-0.6673912841577724,-0.26918565435948383,0.13491822126829459,-0.7646848969308604,-0.31022260626460324,-0.2570862189690972,-0.9348849596219188,-0.10333712183933297,-0.28982386832403956,-1.317265001723814,-0.18414193336857468,-0.2961727072823014,-1.5424583601573993,-0.26168057077968515,-0.2903644904484335,-1.7553434338521652,-0.33090297782419886,-0.0877734515386996,-0.9924617498703896,-0.08553067431739299,-0.13647792998118452,-1.4290193485235592,-0.15561915010197808,-0.16779172035500878,-1.6937061036650423,-0.22780181571789038,-0.18835437150041764,-1.9416513017675106,-0.2913915051987674,0.05952930974238031,-0.9614452909849717,-0.08935827655509963,0.015840377764886997,-1.3584208488442597,-0.17432934010053233,-0.02828451223547791,-1.5998973782722337,-0.24571825399651945,-0.059670072278917484,-1.8455020521044345,-0.3013041301138387,0.20592661974518844,-0.8382699547070683,-0.11004387464476487,0.17399103916823866,-1.158641002261333,-0.1937265618154952,0.13270575032223678,-1.3466360982132597,-0.24492729242930067,0.10053884072090193,-1.5403475629099632,-0.2864411334969942
B,0.0,0.0,0.0,-0.19362349392989045,-0.192433333466331,-0.15193546832650612,-0.2534395784442574,-0.48061271947262546,-0.20834299303377132,-0.0692401521453735,-0.6989579252238173,-0.25221302368962756,0.12154534776541755,-0.8146621017891028,-0.2908883463877743,-0.25553835151065446,-0.9340989969652584,-0.08291762299464675,-0.29506321015850157,-1.310774683310135,-0.16021668153165014,-0.3060921847653864,-1.5315775409591597,-0.23649553019506878,-0.30564987265534366,-1.745237962855957,-0.3038016189810557,-0.09464405990423844,-0.9932250998388878,-0.06742701962028476,-0.15131577245839173,-1.4257941388449358,-0.13582632239863757,-0.18859056288897555,-1.6909026977394153,-0.20935918511627563,-0.21669842431770237,-1.9371165123650433,-0.2727570481818385,0.04942595841656389,-0.96704093836735,-0.0732213122073028,-0.0021829428304394613,-1.3697358134462414,-0.15726383523920978,-0.0501054188367961,-1.6086335921813046,-0.2274635358461922,-0.08677713290801618,-1.851590142150697,-0.2805046382344794,0.19153839845015025,-0.8574058226383412,-0.09494861233940503,0.15669085359013893,-1.1749596145977903,-0.17648564479899417,0.11713422085636584,-1.364691940336001,-0.22418141480651288,0.08597836184725388,-1.5548969845115146,-0.2615737535731922
C,0.0,0.0,0.0,-0.31863844232120553,-0.037394330459926316,0.024982036194416225,-0.5646213127235147,-0.28241174896937893,-0.0094628179633745,-0.8097014156457208,-0.33310524921368667,-0.07798294250561001,-1.0326437066647258,-0.3542825064437778,-0.1500247528697215,-0.4239037610078208,-0.9020773918804441,0.07823579636335183,-0.5163656484689518,-1.2691699058162227,-0.0002482343622530822,-0.6771389940928172,-1.4579696202868935,-0.07377041529502598,-0.826411708864298,-1.548179906029206,-0.1260134308472275,-0.3632511347667228,-0.931351012636369,-0.02517745721669049,-0.4649635904876259,-1.3945502048096585,-0.10740222931388373,-0.6655520322523323,-1.560483680919996,-0.16805463692910017,-0.8462388725705959,-1.6133515467316937,-0.19973275760035358,-0.3102944193967694,-0.879821347100509,-0.14500074760212806,-0.43743072147069073,-1.3189339137526688,-0.21220305545259072,-0.6295079352367634,-1.4935143408088964,-0.25314370759185373,-0.8050718639386273,-1.570116232319985,-0.27490996043686944,-0.29445946922771554,-0.7565289427657986,-0.27067655882711644,-0.4264673855847655,-1.077168808837065,-0.3256978895719296,-0.5519376535009703,-1.2876756597143848,-0.36033295152604355,-0.6725564556952889,-1.4477964158269048,-0.38368954150355317
C,0.0,0.0,0.0,-0.32114304574474584,-0.08173610197468033,0.11525975711715829,-0.5497806144413188,-0.3176898034827086,0.12638515499834066,-0.7696289073590007,-0.3755647544371553,0.08148454582443239,-0.9784487790046328,-0.4296261317233832,0.024940382157538046,-0.42934255965648754,-0.896300907586391,0.20286705368444763,-0.5252564695423824,-1.2161737784957338,0.16732171270170154,-0.666926104544794,-1.3952196436954134,0.12193133187999636,-0.8048271078755634,-1.486877983993954,0.08351092112399018,-0.36124111703852363,-0.931020522239703,0.05201579115297938,-0.45762446530164036,-1.3529611748316817,-0.006184002752594924,-0.6473983430292907,-1.5062041031000382,-0.05709777121439656,-0.8316790891104607,-1.5482496609121408,-0.08055944886830321,-0.3034874697031557,-0.8848617774488698,-0.11160889989704495,-0.4129092998639754,-1.2912893543139383,-0.17102699197288734,-0.5941419445136052,-1.4552451818724788,-0.20048065412096933,-0.7734798664049028,-1.5350298201609953,-0.21111710893098784,-0.28472557814111477,-0.7647163096447019,-0.2737499126277446,-0.42037126216284787,-1.0842136033378151,-0.32894867705816266,-0.5470363686326511,-1.2846867254127365,-0.35473547331667393,-0.6716155831433446,-1.4396915390336142,-0.36894615914868795
C,0.0,0.0,0.0,-0.29076861359369727,-0.10063327186781529,-0.0054099683209597816,-0.5172122915497482,-0.3373839382391447,-0.04224384819773979,-0.7293626498315178,-0.4112739466717778,-0.10625948010166042,-0.9234084408761933,-0.45288414789511744,-0.17463579416961736,-0.4386061279941465,-0.9051883850276586,0.059492029132689014,-0.523344786171358,-1.2363065725550697,-0.024273420026598436,-0.6513329422509705,-1.371298940179186,-0.10622430758852065,-0.782637941121982,-1.4287162749376683,-0.16059509040970385,-0.3579041422655404,-0.93362622174225,-0.01570678275328677,-0.4422029319600744,-1.3342952045749998,-0.1180209571983255,-0.6059559121615263,-1.453845165518053,-0.20306012019729328,-0.7762891521244583,-1.4770798454543803,-0.24344536789680063,-0.26884502552186706,-0.881623526112469,-0.10618577282681063,-0.35371965426511237,-1.2611348966210638,-0.19037588323441657,-0.5073125979062282,-1.4000957046402314,-0.2441822092979198,-0.6736564219784411,-1.4671495522642393,-0.26367853151887966,-0.19390106012456876,-0.7506902870558494,-0.20258807900581963,-0.27939903124494925,-1.0432910485034819,-0.26130339594400676,-0.3825725590233859,-1.2228122958804573,-0.29589433262006953,-0.4970802575784728,-1.3556697282014123,-0.3126837979714359
C,0.0,0.0,0.0,-0.2889003968280427,-0.08803530670760636,0.03341745924243718,-0.5200404749366656,-0.33372525629929084,0.009486010053890137,-0.7380648937345969,-0.4038294671401664,-0.05252434835019758,-0.9496013589264433,-0.4413183432462017,-0.12343067409323541,-0.43815112991663013,-0.9183090357694508,0.08438937612783518,-0.5271168650220982,-1.248332614620452,-0.0060714774053897075,-0.6704799774439476,-1.3885147388643095,-0.0876945457026772,-0.8098589027989914,-1.4363420143876615,-0.14193126602273543,-0.34125458844597045,-0.9396688166339544,-0.023828993061293623,-0.4427985133219386,-1.3509097783538573,-0.14722412630244194,-0.6206567263844561,-1.4713288771169437,-0.23785231342666666,-0.8037640332764713,-1.4928091252921798,-0.2756326528026916,-0.24255279047684866,-0.8769601966841842,-0.14618171464821586,-0.35646753104164003,-1.2598854547648835,-0.2607460019289841,-0.5284721848807868,-1.392834907006682,-0.31711927167863746,-0.7087958453587957,-1.4667249470971073,-0.32819813181150664,-0.17009846526953035,-0.7303311929277141,-0.270060820535995,-0.28217288608533453,-1.049174102993429,-0.35614238414046034,-0.4048508095376038,-1.238346350419123,-0.39726296772610337,-0.5324549944627505,-1.3747744527906929,-0.41249071828382505
C,0.0,0.0,0.0,-0.28680064618095213,-0.09239175407401064,0.01543787070705706,-0.5213598615238583,-0.34111788218232003,-0.01851154547947082,-0.7403036626961861,-0.41257711772374234,-0.0859354643352021,-0.9487953048365436,-0.45230894600497135,-0.16047710510140814,-0.4208552712937876,-0.924292544305416,0.067159827370583,-0.5189647017200253,-1.2588073807553795,-0.02852330327599033,-0.670427037455287,-1.3938203204605804,-0.1160216121535479,-0.8142632144556442,-1.4338301426949702,-0.17348453993142363,-0.3263173988879594,-0.9447658338729994,-0.030569172858496137,-0.44123643933045426,-1.3551653740754548,-0.1516187112220042,-0.6277901848970698,-1.4707752633321163,-0.24474388115091303,-0.8139483718901168,-1.4805358842051306,-0.28644349113361534,-0.22805769129768216,-0.8815318603559803,-0.14339308885827934,-0.3577564093554463,-1.267179285216752,-0.254566120047923,-0.542532522713911,-1.3902374822527117,-0.3150244781051941,-0.7269392726007955,-1.4503171393498948,-0.331726330997362,-0.15311212581887523,-0.7365621498513915,-0.25885997040504183,-0.2793601091974593,-1.0493359289987756,-0.3437091801336892,-0.40609665002844214,-1.2380438143638464,-0.3873087026899853,-0.5304500632555484,-1.3783180841708425,-0.4054676737971931
C,0.0,0.0,0.0,-0.27683040599584496,-0.06515118063757894,-0.003282171235916934,-0.5285941021134607,-0.32161771025160474,-0.03340373936234653,-0.7480301538668307,-0.40339905182621616,-0.09015170444952421,-0.9575697809527053,-0.4327608618533835,-0.15093291590403735,-0.4364532529724129,-0.9136300010506587,0.05812979480831752,-0.5359123897546191,-1.2179140350255204,-0.02463304059255817,-0.6809287155039664,-1.355416095649436,-0.09977570945667232,-0.8168730994972911,-1.4014169576049353,-0.15067925654839454,-0.33463975664910683,-0.9420603858203025,-0.023204799889878946,-0.4558152022924619,-1.3315055903158044,-0.13829853551096907,-0.635495249063638,-1.4459296429322535,-0.2211757700289874,-0.8201635176294086,-1.469262233831431,-0.2534534182203282,-0.2295191872381508,-0.8783182394658179,-0.11982437045593934,-0.36328678106590245,-1.2381436699612431,-0.2312150923365732,-0.5395871241162794,-1.3623316589523053,-0.2853379844160564,-0.7218900133207482,-1.4349550290381812,-0.2936137441624884,-0.15234200167905024,-0.7237261908618975,-0.2197929547783338,-0.28450934229815794,-1.0300611636466168,-0.30144392123581165,-0.4097477205148328,-1.2143732916594974,-0.338668404283375,-0.5321896941300344,-1.3497025693251863,-0.34966249070064503
C,0.0,0.0,0.0,-0.275098455244596,-0.06175255039015351,-0.014950587175664441,-0.5182025072954248,-0.3159937107235447,-0.05564511347527341,-0.7360615418037934,-0.3930139314729302,-0.11905634388931004,-0.9443892617986349,-0.4358241826513047,-0.18596269610848218,-0.4321395263141514,-0.9185998406931842,0.03192499090584104,-0.5219394588687525,-1.2522447167878132,-0.06457761500874351,-0.6676218015529287,-1.3869983705530156,-0.15137904407315697,-0.8085181146856668,-1.4204602136142885,-0.20682014968241808,-0.3324971733628595,-0.9422776512428155,-0.0394773058101937,-0.4479618815813499,-1.3376791394935146,-0.15819078417779078,-0.6201787255562774,-1.4620874754694944,-0.24822158687243248,-0.7958273809400586,-1.4881279644806562,-0.2888051018172929,-0.22272921877238852,-0.8774026183043837,-0.12618679775506447,-0.3501332340419421,-1.246095837841218,-0.232816546320604,-0.5185160248521015,-1.3879094754201513,-0.29331207535725196,-0.692390577041684,-1.4660278961291997,-0.31034737547125313,-0.13194354640193667,-0.7245626824942963,-0.2167404576138117,-0.2561739262587015,-1.0334087006463513,-0.290379892888669,-0.3779801934444493,-1.2304754284981785,-0.32811192122998994,-0.49695325197328166,-1.3726670641677123,-0.3424324385495775
C,0.0,0.0,0.0,-0.28502992609322114,-0.06354976602110603,0.006019055516679513,-0.5316229534472167,-0.3127366536881199,-0.027759667323288377,-0.747666768048459,-0.39594938016506065,-0.09048208669276363,-0.9574148490787997,-0.4443626647235879,-0.15995942845345507,-0.4395213864949765,-0.9157626534825691,0.04748800163343525,-0.5385924854612445,-1.2483168419618738,-0.04823297564874898,-0.6863522398369111,-1.3792305051464557,-0.13217084615111824,-0.8263913138036968,-1.4063687859370249,-0.1862356842138229,-0.33270989292758574,-0.9421603335989756,-0.04047261964318048,-0.46033028146291877,-1.338442971510599,-0.1636202409415094,-0.6384094589620204,-1.4615769372776775,-0.2542335433396046,-0.8182939290844586,-1.477646766453219,-0.29412470906896543,-0.21935730571514708,-0.8803398914986174,-0.14350297508738355,-0.36051242898541874,-1.246225379630769,-0.25798164135557133,-0.5349916945266404,-1.3813743293767002,-0.3186734616460854,-0.7117476353515595,-1.4524673480765087,-0.33503533083823134,-0.12739436594911852,-0.7315371684556743,-0.24874554229017404,-0.2612627721760413,-1.0415974635868075,-0.3352810990087138,-0.3857212302983368,-1.2362201131476733,-0.3797164174418915,-0.505894802458419,-1.3763811137429114,-0.39791842440608216
C,0.0,0.0,0.0,-0.2811701359181252,-0.0754366354647513,-0.026250274548561697,-0.5233283768986581,-0.3364988508507059,-0.07765873060783672,-0.7413094975292863,-0.41617487010671544,-0.1509333519416197,-0.9451735315086589,-0.4715085716470854,-0.23024251988805952,-0.4145007763686607,-0.9292697049280076,0.011573611029242509,-0.5087277171535872,-1.2801122134300327,-0.09755058078519209,-0.6558052845233331,-1.4243870514987658,-0.19886652795486903,-0.7998339887460603,-1.468871812415886,-0.26503836580161216,-0.31487602444452073,-0.9472813322626369,-0.05925509916232917,-0.44258202703230287,-1.3502524321139513,-0.18332952071835287,-0.6188110478142985,-1.4915368398500162,-0.2898884384623013,-0.7960992752354178,-1.5305212445138985,-0.347986478816794,-0.2019656707525415,-0.8875179886645895,-0.14657460921776583,-0.3395648474706414,-1.2692538110381573,-0.25430194350796503,-0.5100426472690807,-1.4279012035110394,-0.3337441835584208,-0.6805007563598394,-1.5169398985456377,-0.37228414082037253,-0.09683327445608737,-0.7551928529231401,-0.23881353971467642,-0.21921460281889787,-1.066038803241811,-0.32043729281117367,-0.33735002644180273,-1.268180283884357,-0.37372808342969455,-0.4542981259639226,-1.4222650580918494,-0.40470572211757
C,0.0,0.0,0.0,-0.30413931096183405,-0.0944542030641547,0.022773762987989797,-0.5394415078613614,-0.34535631098787595,-0.025248203303763973,-0.7554097404058165,-0.4197217587491316,-0.11229958854579787,-0.9714373760114384,-0.4841562463666513,-0.2147544088664659,-0.40998812454076156,-0.9451447856768845,0.03647812056622356,-0.5143510917884323,-1.3096732742808883,-0.07916401895802393,-0.6661474675279127,-1.450869090359939,-0.1891376566530317,-0.8181518181316507,-1.4909008517703044,-0.2652668172244251,-0.3004237328810812,-0.9503809794832273,-0.08075626637170807,-0.4467945435004347,-1.3707627152229456,-0.220075264865006,-0.6371397852270297,-1.5046325814259265,-0.3467820745213635,-0.8214339976365478,-1.5240813745925412,-0.42371670467808026,-0.18843138543410223,-0.8891547703701035,-0.21263567295561325,-0.34942073771509174,-1.2780120841807605,-0.33770867390427645,-0.539688486031439,-1.4219288940421526,-0.4359611766986165,-0.7187998775794208,-1.4880592556607561,-0.4914453999581307,-0.08676465000159113,-0.7652620524361718,-0.34562782043975115,-0.216793716984081,-1.0939642084395795,-0.4471788931084571,-0.3399030329925611,-1.2955030140354866,-0.5189197327238757,-0.4601075008198835,-1.4452128412139422,-0.5685828729651814
C,0.0,0.0,0.0,-0.29342814908813575,-0.08816180335600107,-0.03281122453687951,-0.5309347970920505,-0.34531248879818505,-0.0933868993493393,-0.7449116304206194,-0.4268148964318258,-0.17657306323997968,-0.9490808804991796,-0.488058692219886,-0.2661306352439171,-0.41064340523617465,-0.9383682560978813,-0.001997248727057483,-0.508559568895146,-1.284590179451003,-0.12019963782775168,-0.6568821312773033,-1.4182923731765504,-0.22843414929215433,-0.8066383240323982,-1.4529451561538278,-0.29910494973929863,-0.30852400954517367,-0.9483332487242724,-0.07400665441861999,-0.4345633541553774,-1.3433996530411492,-0.21366980252173995,-0.6131200651782592,-1.4654717541580784,-0.33199149030610325,-0.7919320957159431,-1.4879972367597116,-0.39704483777796395,-0.19528829842062095,-0.8810692346815865,-0.16253023887422727,-0.3325999870567555,-1.2498698635833798,-0.2851567718406852,-0.5140031215396434,-1.3886091573531645,-0.3714585963812585,-0.693236416724169,-1.4583639802120834,-0.4114145313750559,-0.08965392876035336,-0.7400123577250806,-0.25610019659391253,-0.20371936554510364,-1.056080845538765,-0.344828733329654,-0.3218966515660252,-1.2534398178611437,-0.4021639061816731,-0.4394977740800925,-1.397431362928052,-0.4355895173759691
C,0.0,0.0,0.0,-0.27797885572297765,-0.06285223351493795,-0.018248774630455683,-0.5284946003221647,-0.3393862863337716,-0.05790705318644417,-0.7431119160905558,-0.4314605540208725,-0.12058539040729449,-0.9586871922193347,-0.4696134844033105,-0.1899100417261843,-0.40698751223977736,-0.9370492188992778,0.024743068076321435,-0.510206493077346,-1.2479006166763496,-0.0709852174764438,-0.6514609680416044,-1.3900266908012318,-0.1596183205114244,-0.7876830311282861,-1.4349063100092172,-0.2200984602196947,-0.2963191291260352,-0.9539036303884769,-0.04756929309619886,-0.43644342052806423,-1.3223893978623764,-0.176707152114217,-0.6060454601171643,-1.44278439829867,-0.2803490625917426,-0.7829359107285426,-1.477494362237338,-0.33137024853699015,-0.17625060397671075,-0.881862415459345,-0.13503500284139655,-0.33144068155722006,-1.2269625185127615,-0.25829299560931673,-0.5039198470124457,-1.3671542016024676,-0.3338758465249404,-0.6795324763458133,-1.4557094999980293,-0.359977052760401,-0.07538147144890521,-0.7291233985195361,-0.22537029978765738,-0.2046957617492627,-1.0508116292739287,-0.31690000519850087,-0.32115359003215416,-1.2508356494741089,-0.36850197645213234,-0.4351700920292319,-1.4014590666185434,-0.39276716479651225
C,0.0,0.0,0.0,-0.31279153484422567,-0.03606502492716834,0.03129395603062089,-0.5745531911620351,-0.31815403061017317,0.00451975641996676,-0.7884317335553914,-0.42017834418315986,-0.06035611479939108,-1.0133157332776834,-0.46749205089878565,-0.14299711079561642,-0.4261306656843676,-0.9494789440336464,0.04745471204826467,-0.5415083102892648,-1.2593110767291518,-0.049444073834115934,-0.688446447420781,-1.4138359164053456,-0.14093355544183964,-0.8330124397707324,-1.4566751406272478,-0.20888880320337735,-0.29410113489060485,-0.9531737983891673,-0.0704573099147651,-0.45109302054983463,-1.3436967370874207,-0.21758427025888377,-0.6359127893690224,-1.4762884836593173,-0.3395291197415711,-0.8336275639318246,-1.5107829514904194,-0.40518928981698776,-0.16516995496003042,-0.8770920573688328,-0.20094747323263376,-0.3309097023841039,-1.243468483330099,-0.344695263765909,-0.5119939082133101,-1.3980264549548442,-0.4370264919022943,-0.6986289996089488,-1.4789408374011124,-0.47697877406063205,-0.06469834832478193,-0.7343246932026513,-0.32949688129673493,-0.22767697161782333,-1.0712380844500582,-0.4536798227982187,-0.3527310714758435,-1.2868905986933785,-0.5293208960609774,-0.47030107509497165,-1.4366875863623134,-0.5723639523965944
C,0.0,0.0,0.0,-0.2805885041214455,-0.03750117909841079,-0.01961312478362895,-0.533712761397951,-0.3254555256873164,-0.06332906913446905,-0.7404039527173124,-0.4276132538891938,-0.13076961412154128,-0.9458597618805583,-0.49099773623415893,-0.20703054058302559,-0.3900766422226082,-0.9545967070126198,0.016582634538678198,-0.4853861188999038,-1.2819524450221582,-0.0860732682942879,-0.6357295105476558,-1.4242195899910586,-0.18849835275152302,-0.78255005353557,-1.462722271254947,-0.26058040375260977,-0.2753428563871017,-0.9594155362843916,-0.060894500348760296,-0.4125471506164824,-1.3420411977131832,-0.19246958616321955,-0.5925837856152374,-1.4707628349587816,-0.31253412675857095,-0.7752619623926206,-1.5031215339418451,-0.3823482116887735,-0.15224135030839403,-0.8841565110742897,-0.15440496036894794,-0.2944720610817508,-1.2469414367662508,-0.27940373648948147,-0.4681405996758899,-1.403750207876823,-0.37748142950671565,-0.6396823077555936,-1.4795468565771812,-0.4272301637626121,-0.04285637982622787,-0.7402779980756734,-0.25030542849474907,-0.17597115471181615,-1.0683262362073842,-0.3479286330933455,-0.29496673979856564,-1.2798440194106264,-0.4156988347755996,-0.4061641550047541,-1.429935000961416,-0.4577992676460064
C,0.0,0.0,0.0,-0.2612624173876158,-0.06384659930163845,-0.04890264608455295,-0.5007409239443827,-0.34902956090060433,-0.09971633002830367,-0.6949903327725117,-0.4532159567960575,-0.1665994489340314,-0.8870484210955705,-0.5087854989496987,-0.2389000652477276,-0.3673722658589721,-0.957944215499454,0.0029307515318119527,-0.45238822633595255,-1.2814513448543317,-0.10375999902126615,-0.5814899277131957,-1.4228530713781242,-0.21338889281588289,-0.7228145726111818,-1.4647097551828339,-0.28620951625327323,-0.25304474897218215,-0.9661715345839292,-0.04980884236097596,-0.36672839301676186,-1.3300312043648177,-0.1697903560440623,-0.5223385026268134,-1.453369971605922,-0.2863474403983259,-0.6943140435804438,-1.4833393819553993,-0.35347560742204936,-0.12868907341245253,-0.8941325070781967,-0.11969491618411426,-0.24710105038130292,-1.24346544542098,-0.22542004475523994,-0.40151385839756737,-1.394837674056515,-0.31536115612800264,-0.5632167570625379,-1.4720181573574138,-0.3614524730859166,-0.013793528043997175,-0.7513196795233882,-0.19538063612357962,-0.12505683378355847,-1.0689640274355046,-0.27417550313799843,-0.23101994259487219,-1.2687685098357997,-0.3294910656650357,-0.33384707887377635,-1.4166105732265344,-0.3620093971118579
C,0.0,0.0,0.0,-0.24987665566042488,-0.1000099774092058,-0.046606074003444194,-0.47944095360647676,-0.35875690032606994,-0.10416873217441028,-0.6645544250110869,-0.4661592408787811,-0.1802385994609179,-0.8543105382989142,-0.5340828990366258,-0.2612462926766004,-0.35473204557645294,-0.9551711574246685,-0.011025516569078948,-0.4295296515626633,-1.299914973176804,-0.13049792617272996,-0.5518108788263139,-1.4120820680618777,-0.24268662169593444,-0.683435188959389,-1.4307954751812348,-0.3125106326359555,-0.24559383688147862,-0.967352318379854,-0.06255525086637326,-0.3499700153821411,-1.3443770515928033,-0.18730627199794825,-0.4996388975227175,-1.4447239930348106,-0.2950124575790067,-0.6525980646654821,-1.4577810235937103,-0.3555197091140284,-0.1256527626442225,-0.9007360096048083,-0.1312601666485114,-0.23686783050094523,-1.2577176010072713,-0.23699117448158594,-0.3830971922504652,-1.3778496017896509,-0.31407455436886206,-0.528638531480989,-1.4340663358947132,-0.3514718472419609,-0.008839709533956743,-0.7615055507116348,-0.20621103501027369,-0.10636361486987488,-1.070258172977811,-0.28155702183018216,-0.20708518451425514,-1.2507192903548487,-0.32852826827250825,-0.3034470673103436,-1.3898679066657142,-0.3555645685612775
C,0.0,0.0,0.0,-0.25274802505583893,-0.10551869491147423,-0.04657062121910896,-0.4787890543797108,-0.3676631445723119,-0.10160805247857106,-0.6638691118332023,-0.47935893206304386,-0.17511113389086963,-0.848340187025927,-0.5578992836259682,-0.25393795926934604,-0.34559326024060405,-0.9581818452841913,0.001248956849479814,-0.41232820216308447,-1.297148191083777,-0.11057306000577673,-0.5237504960543257,-1.4242440288070395,-0.2214072428102968,-0.6520942228385603,-1.468908371070176,-0.29316751040214795,-0.23592566504042897,-0.9704251546591293,-0.05112826791547293,-0.32967209382525986,-1.3447735128747922,-0.17153287132111505,-0.4759563569412185,-1.458515495068253,-0.28204821918588435,-0.6335807090704142,-1.482956452070699,-0.34529516394467585,-0.11735712884444596,-0.9089863793321936,-0.12102446620124807,-0.21587479296128284,-1.2673404884923694,-0.22336293366441498,-0.35713173345155363,-1.4003364677784915,-0.3052801532622465,-0.5040941271664241,-1.4627451081585474,-0.3469943651333169,0.000314744159832478,-0.7770494426111441,-0.19751680493703516,-0.08820371259741737,-1.0864591658195522,-0.2733368698189301,-0.18600831428245196,-1.2699151910968172,-0.3241752645188714,-0.2844785283327686,-1.4085429448610327,-0.35425848747140515
C,0.0,0.0,0.0,-0.260735175175165,-0.09891632725896345,-0.020890397102573195,-0.48702893997046737,-0.3703813970040183,-0.0642206697753023,-0.6685942393944886,-0.48134624903317297,-0.13333491799835284,-0.8602892112209694,-0.5475281891784392,-0.21146048104433382,-0.3496569336318804,-0.9579367083721256,0.025745185447179606,-0.4232636148399204,-1.2914083736654318,-0.08245707942348209,-0.5409047768767086,-1.423064449292069,-0.19208303273382923,-0.6752657838430317,-1.4690922443493357,-0.26521694069536167,-0.23525396899698875,-0.9709049860467555,-0.044711051661901126,-0.33597084361926577,-1.3508796917776138,-0.16653516829787668,-0.4832263812332955,-1.465015546825491,-0.28327480569374686,-0.6436558303967038,-1.4917448529294315,-0.3527363440355071,-0.11548081496215279,-0.9098681817733916,-0.13184155559552918,-0.22486028462092345,-1.2689428132796325,-0.2387274613526435,-0.37210009588995496,-1.3982075313547295,-0.33021404371178825,-0.5239141290518642,-1.4563782092521762,-0.37966699501101486,-0.003189112143265885,-0.7800858048421048,-0.22352763617209392,-0.0989987714312266,-1.0929528605743954,-0.3044179830014611,-0.19913019711925342,-1.2770613006069849,-0.3643066747357254,-0.2999498886789049,-1.4158142468309796,-0.403597071274769
C,0.0,0.0,0.0,-0.2749501127579267,-0.1144768273722939,-0.001142092441846699,-0.49546591779379123,-0.3754545051268657,-0.04740095133316872,-0.6781246891539418,-0.482615695188717,-0.12734833116286082,-0.873185391923028,-0.5662940267415303,-0.22190688301898875,-0.3548046094721539,-0.966927890517311,0.03477337067863929,-0.43413671334616566,-1.3088606644048681,-0.08103606536151373,-0.5547167136282201,-1.4348256216617836,-0.20245928357060958,-0.6930641268619739,-1.4744411443527081,-0.28600908024039756,-0.2369509321784305,-0.9697546782346309,-0.05856722446744989,-0.3392537144478523,-1.3633441357177123,-0.19248836703556846,-0.4893292566410344,-1.4675612104591218,-0.33164176924537314,-0.6523742490845683,-1.4897457464125616,-0.4201788351603614,-0.11681862932934098,-0.9072929299095024,-0.1672899337446985,-0.220487423156162,-1.2804058705845904,-0.2846450281014715,-0.3690805762099009,-1.4101346925995488,-0.3963998966447611,-0.5232065332687504,-1.4650636050452974,-0.4629736627648277,-0.004948422289561436,-0.7770367274436696,-0.2785070606697326,-0.10236548366056383,-1.1022477053284017,-0.36874107204697815,-0.2026012575697239,-1.2884539741461014,-0.4411370423430135,-0.3051654143882056,-1.4262609441391594,-0.49361000186157267
C,0.0,0.0,0.0,-0.2549798752974342,-0.13099463697065344,-0.042884743874523346,-0.47421905003062476,-0.37607021496660253,-0.10482971866793768,-0.6491469885836603,-0.49197228549523786,-0.18729036803641597,-0.8363832099253279,-0.5632090572874556,-0.27792617233329037,-0.3430570724125522,-0.9611772613813011,-0.0127615835710215,-0.4176765833938415,-1.319331509194381,-0.1358682179467576,-0.5288614439772916,-1.4392769362984388,-0.2544785686302823,-0.6548854964631649,-1.467873396637803,-0.3297180140756951,-0.229442581624095,-0.9708700193050459,-0.06904713862493052,-0.32501666337927493,-1.3580312793000988,-0.1925809058300284,-0.4612604313784705,-1.4623985448207224,-0.30714699882765273,-0.6076885795424163,-1.47872572125115,-0.37706203358886947,-0.1071339405889352,-0.9076348721988837,-0.14214101047808547,-0.20583620520935839,-1.275302601267534,-0.2445393643770095,-0.3395872357254948,-1.4102837509919937,-0.3292295235629077,-0.4786159964486165,-1.475156614688505,-0.3770630381054677,0.014780811761303704,-0.7733239123130639,-0.22141678088273337,-0.06678617237003935,-1.0877307532036415,-0.29791129595609267,-0.1583439604087367,-1.2746493109434287,-0.3502711032009666,-0.25163459866855464,-1.4230311848016777,-0.38466105393128447
C,0.0,0.0,0.0,-0.2498936142562717,-0.13253475029200423,-0.050522505225314776,-0.47030286625999507,-0.37713864434236666,-0.11701194844206377,-0.6455434763235393,-0.4949574331978041,-0.20237999526701467,-0.8333709389445165,-0.5613657756733244,-0.29506839405177415,-0.3493033779413471,-0.9591188189087455,-0.023423441286660754,-0.4250207029906597,-1.3194170645950476,-0.15105505485737364,-0.5338565911149016,-1.440760153479928,-0.27172656347169766,-0.6584515054809513,-1.4707961219440038,-0.3474143694716849,-0.23354817793864766,-0.9694027768485833,-0.07558772929380381,-0.326450553333675,-1.359389185939057,-0.20120266404404605,-0.4588167735043084,-1.4623427538325555,-0.31474627117716253,-0.6020470549500873,-1.477402899792809,-0.38336611892864747,-0.10794733846146357,-0.9067705368568895,-0.14484190812971554,-0.2072919324946159,-1.2756478182988498,-0.24615074525365785,-0.3387405219212365,-1.411916392554974,-0.32808999099138253,-0.4759516035089355,-1.4782060748757384,-0.3744033939275052,0.018237224887246054,-0.7730129796551468,-0.22114463592823538,-0.06410474710897963,-1.085030790917691,-0.29522977069432726,-0.15465914637092387,-1.2709093539299956,-0.34513597186930633,-0.2465204424160555,-1.4189968766908756,-0.378054733901176
C,0.0,0.0,0.0,-0.2600174205103633,-0.13377739271992808,-0.04802551123277048,-0.4835306221773147,-0.3745152496846555,-0.11570814507812281,-0.6606595788967035,-0.4888046047997369,-0.20344981156116465,-0.8500181524551788,-0.5657854422784627,-0.29953274537230523,-0.36085485482342516,-0.9598944347247478,-0.0283568591170659,-0.4324141922609294,-1.3302477200363372,-0.16108038059966318,-0.5421935781367807,-1.4490132187404783,-0.284427977631267,-0.6698641490490114,-1.4764549821423683,-0.361421675904068,-0.24534613199976568,-0.9657056344439756,-0.08495824336644496,-0.3347960672227783,-1.3650080386931795,-0.21732378956418358,-0.4673778171693174,-1.4655241293296213,-0.3365606451799458,-0.6123370537242648,-1.478286147808371,-0.4089000573119644,-0.11953256579186244,-0.9038209027559405,-0.1588866902897104,-0.2163492108412506,-1.277631216495028,-0.2666524222913907,-0.34945149995985847,-1.4143003499540143,-0.35742593289004315,-0.48981373669649114,-1.4785986827219257,-0.4095088602899469,0.008585607734256772,-0.773638894768722,-0.23924947617207487,-0.07316088801293961,-1.0931033686015321,-0.32019845587388773,-0.1641215848267285,-1.2826914398004006,-0.3785538685522025,-0.2578357835245381,-1.4328859004202832,-0.41788050316934894
C,0.0,0.0,0.0,-0.24586174194584318,-0.12649169962196555,-0.050400471354127875,-0.4676121679454246,-0.3724228358176673,-0.1131771460915287,-0.6420748728978223,-0.48882305911796575,-0.19292373788463266,-0.8241217090138092,-0.555969815742366,-0.2787817011157699,-0.344908652924669,-0.9592331244395738,-0.022188845115318816,-0.4085977454734795,-1.3107141890219645,-0.14627239628445093,-0.5165647717383801,-1.4299500768527933,-0.2624620908692979,-0.6408503366357106,-1.46339474562978,-0.33491643599383525,-0.22765820525089492,-0.9711589723009074,-0.07086601513692418,-0.30790865838155695,-1.3591240347838893,-0.19694104515305083,-0.43619395028450764,-1.4552515215616542,-0.30667984042378277,-0.5772271628317573,-1.4631043092618412,-0.3690147603739345,-0.0997845289902605,-0.9104062180774973,-0.13622126478334015,-0.19146441201790917,-1.2767330181229493,-0.23621542465026016,-0.3181309295414383,-1.4103930626601864,-0.31555106693950646,-0.4539220378952831,-1.474240869937388,-0.3574817893904519,0.028695159492427475,-0.7780098671587193,-0.2083949483977547,-0.051434230214023914,-1.087939415848344,-0.2806902167621301,-0.13878873141743414,-1.2701631551688952,-0.3296043293371966,-0.22894958705919752,-1.4128648418170846,-0.35996014304431084
C,0.0,0.0,0.0,-0.2563231328590379,-0.11999181440457408,-0.053954420176671354,-0.4730140019546045,-0.36059962520362376,-0.12297762040911606,-0.6516492900524495,-0.4632429902920393,-0.21145793837091198,-0.8406727162414588,-0.5413852132011182,-0.30709958490893857,-0.34929555766269643,-0.9586772142124731,-0.019091383286921833,-0.40187301252607494,-1.3207168794779531,-0.15100400764739916,-0.5113659165270344,-1.4473071724053879,-0.2780082709351765,-0.6439035772617897,-1.4829308190147987,-0.3572820588863287,-0.2312026299900232,-0.9700811179458319,-0.07408082404145942,-0.30321015993919787,-1.373180387026295,-0.21311509863276923,-0.4431922609969929,-1.4806515199360004,-0.34270944377563733,-0.6008187921675897,-1.492150320968879,-0.4171922410187894,-0.10364384368112127,-0.9147751599340576,-0.14640973480796657,-0.1855731391193596,-1.2908998422278766,-0.25706442517191197,-0.32337130876862963,-1.4224743012521415,-0.35488704860216813,-0.47253010804193596,-1.4707583294702122,-0.406987459326976,0.026852760761486266,-0.786588075891161,-0.22533765326443186,-0.049628112646212,-1.1030448169905747,-0.3021941177188041,-0.14011827339093483,-1.2823061685613353,-0.3584917054734838,-0.2374457434086104,-1.4128204119071992,-0.39381043424193485
C,0.0,0.0,0.0,-0.2493734703876596,-0.12275822180732632,-0.07494875316110093,-0.46472645643496996,-0.35750969329712046,-0.15895293939160182,-0.6416772518566239,-0.46057452644430386,-0.25820950230978,-0.8305805515184955,-0.5373644875783603,-0.3661649418639665,-0.3520621985093555,-0.962808298851264,-0.059869835266065034,-0.4191941088144964,-1.3248404718734639,-0.20596312741018924,-0.5265651199279151,-1.4577369816934127,-0.3437801919749265,-0.66036525103003,-1.4986265243480945,-0.43056636750732646,-0.22441094724253638,-0.9685205564476688,-0.10773884395150038,-0.29680832790450234,-1.368799608340814,-0.25830861106649633,-0.42112841388743893,-1.4791757955299774,-0.39779801031578355,-0.5722238208709047,-1.4943124271371366,-0.4831543484838459,-0.08825229958524318,-0.9096486547836791,-0.1735787353900153,-0.159596775292136,-1.2871666153669319,-0.2896977490512016,-0.2768406024234429,-1.4317557127234382,-0.39932512437275985,-0.41456028687256935,-1.4914496792687182,-0.4646276595975342,0.05159447035686667,-0.7800652260022012,-0.24752480118600076,-0.01929671723791285,-1.0984661429281075,-0.33279297865768176,-0.10374990691453902,-1.28869089267953,-0.4015084424131586,-0.20189440693758862,-1.4318812386621773,-0.44964953108251166
C,0.0,0.0,0.0,-0.25576831250440496,-0.11909160153693309,-0.06040753461808523,-0.47122783752938097,-0.3538700445680588,-0.14041647151694264,-0.6458115515755024,-0.45562998891679557,-0.2409800325913953,-0.8363702568850975,-0.5364018495055622,-0.3528319208257339,-0.35322635444389455,-0.9668697093260742,-0.04693581951536259,-0.41898238991129816,-1.3361733168822785,-0.19589081617870516,-0.532099947096315,-1.4649874131020988,-0.3361031502125882,-0.6691884435528722,-1.4996117989283524,-0.4250246194396721,-0.22661630463775606,-0.967854946882498,-0.1090956106697461,-0.30347209593960145,-1.385533051792808,-0.26878470488536166,-0.43767999873342467,-1.4870790676871108,-0.4167668560985986,-0.5933237231375937,-1.489653471041106,-0.5060201108585188,-0.09377113919390664,-0.9080580748227678,-0.1892852840769038,-0.17346061942223287,-1.3004023840640098,-0.316132863515045,-0.30140447802273723,-1.4372123092443427,-0.4356283934025032,-0.443618805009374,-1.4850256164291658,-0.5051173137331999,0.04300616695664619,-0.7788386216817752,-0.276002706890306,-0.031753554062942876,-1.1128103437986487,-0.3711613155635179,-0.11776184035940124,-1.3060757142946684,-0.4487061838694679,-0.2147995253859217,-1.450479444845852,-0.5027917792907204
C,0.0,0.0,0.0,-0.24022227557524126,-0.12361919297082269,-0.07716663176385702,-0.4493411946879983,-0.3574105946148249,-0.1572744714641668,-0.6137077354127926,-0.47600714607529127,-0.2513592890456152,-0.7926251606314053,-0.5582589607764087,-0.35102536710095,-0.3442812802727737,-0.9646090534348303,-0.049663484056714335,-0.40284830040972197,-1.322910144551676,-0.18552214725657798,-0.5064741188041745,-1.4469317890544098,-0.31092988644643255,-0.6319695245795285,-1.4890423688850618,-0.3889375771899176,-0.22205095101798386,-0.9708963437935894,-0.08974221281119137,-0.2935182244665729,-1.3607315420903594,-0.2274872153427852,-0.41701795776077644,-1.4556068811823282,-0.3488823706836584,-0.560545047850039,-1.462529279491734,-0.4209902321505838,-0.08994107454625674,-0.9100238678781609,-0.14851819314825485,-0.16210075019816234,-1.2818779492581156,-0.258716729342398,-0.2815138027493068,-1.407969377633611,-0.3517096796805344,-0.416564242950161,-1.4615446070116405,-0.4033564761381124,0.04879266702359697,-0.7802428751991636,-0.21585774333624733,-0.012306898257676342,-1.1007183934876577,-0.29549062209049437,-0.09258194526141894,-1.2850040814169423,-0.35427101692653,-0.18416611227239693,-1.4304533124970868,-0.393320123598079
C,0.0,0.0,0.0,-0.24206617973464975,-0.12872868986115815,-0.07470371378773248,-0.44980452224997275,-0.36065453656913266,-0.1561816126904593,-0.6161208877385017,-0.46982442921913237,-0.2522807375856067,-0.7951568387872696,-0.5583024587984037,-0.3551808086690169,-0.33571286019514746,-0.9692342855870617,-0.05440949447194205,-0.3920428865451167,-1.3292394900538802,-0.19446420369699272,-0.4962536918533762,-1.457235115691772,-0.3240352585200835,-0.6244862863906757,-1.5029311626808175,-0.4049328197718309,-0.21111328343503802,-0.9724972726960329,-0.09838819114128991,-0.2780117495192248,-1.369691433958,-0.24109439444907027,-0.40053528280135337,-1.4689723065627338,-0.3694981850219656,-0.5453397235554555,-1.480387163753596,-0.4469959947568773,-0.07829653020343723,-0.9104699635647312,-0.16065805957387694,-0.146031151311617,-1.2866900448580534,-0.2737166853328465,-0.2648644071071021,-1.4182208453072873,-0.37469558237647144,-0.40064455438538144,-1.4742670220996,-0.432797977492779,0.0601222284518108,-0.7794977659836879,-0.23096375533960137,0.0025161618964675697,-1.1022778619039717,-0.31342413639551997,-0.07511564255567817,-1.2875303981499493,-0.3775906962604516,-0.1666287865916359,-1.431579500537189,-0.42160084714010315
C,0.0,0.0,0.0,-0.23616513635181027,-0.12969359503842803,-0.08604516495792763,-0.4392667416337064,-0.35541455874173095,-0.17606529721704872,-0.6020753653246368,-0.4700872926008685,-0.27958255530098586,-0.7800990365849318,-0.5542040226249713,-0.3888801566494138,-0.33417232668616614,-0.9696763351550223,-0.06669833325387066,-0.3942731301390318,-1.3289706870514775,-0.20954616122451056,-0.49408979508316125,-1.448360599475695,-0.34104920194148597,-0.6140833286102554,-1.4861072859887092,-0.4237005074974663,-0.20718009809797752,-0.9725143727177037,-0.1062647721947566,-0.2739077724931604,-1.3695121300128181,-0.2495830146701654,-0.39110330927459674,-1.4676565700841395,-0.37785443742359986,-0.5291051423956208,-1.475583263155964,-0.4564597688617174,-0.07187905280266942,-0.9076345936006522,-0.16458415709443017,-0.14055646039211328,-1.285710634629098,-0.2771666532593969,-0.2578758228215707,-1.419345125571928,-0.37513634872463236,-0.3913234180433221,-1.4744468445918826,-0.4321821593497442,0.07004527596291044,-0.7747495371406116,-0.232134722355656,0.004596361764580796,-1.09991592029379,-0.31355018718881095,-0.0767538486879406,-1.2865683876226797,-0.37501457719366954,-0.16868386137726915,-1.429816146398324,-0.4173428126834641
C,0.0,0.0,0.0,-0.26848302775385496,-0.14539686988924985,-0.04563257339229903,-0.4855935206097729,-0.3899372658423819,-0.11844184353247801,-0.6655462085205329,-0.49867492009142106,-0.21278204043724125,-0.8598873537808113,-0.584028700265458,-0.31614031383959035,-0.35390220838525444,-0.9693995872648674,-0.03686967387241432,-0.42459605985675736,-1.345709062531818,-0.18085081708839,-0.5459815680100925,-1.4629857572238731,-0.31050211068288824,-0.6833557043397226,-1.4866523990945264,-0.3893246741824187,-0.24031243474952987,-0.9657697429713259,-0.09766645926750916,-0.3331738306990149,-1.3693238596762711,-0.24307850503561518,-0.48441096143073636,-1.4679595214612529,-0.367256508672147,-0.6408611031638618,-1.4794739259844953,-0.4397677496713121,-0.11667750759269209,-0.8960064805531301,-0.1755224040072218,-0.21379742459585596,-1.2753790754230956,-0.2938960724616104,-0.3650605966006,-1.408102287954872,-0.38486531426967574,-0.5175549619426737,-1.472238257201753,-0.43331111924567944,0.009048093821141233,-0.7592067980589877,-0.25907963361751074,-0.07228724443269849,-1.0812203379838974,-0.34585391172546126,-0.16986972103429895,-1.2715780008411868,-0.402628851403828,-0.27002195997055595,-1.4223025108971088,-0.43803166480314376
C,0.0,0.0,0.0,-0.27411325383200613,-0.16026689629858631,-0.01715696899741481,-0.4984718179587626,-0.42062708553591094,-0.07420896979920731,-0.6973392004832524,-0.5308311416217807,-0.15733224648700903,-0.8994367654216959,-0.6006677159214129,-0.24947689037568063,-0.35414684056398993,-0.9627673273125353,-0.01617507295745554,-0.4510645169630974,-1.3324310596904512,-0.14435052626521674,-0.5917556418198926,-1.4223694673987344,-0.2524534001470157,-0.7310672474970299,-1.4315371210148256,-0.31890818104425267,-0.2539255231760337,-0.9632345989502861,-0.08775497743637724,-0.3726363403958719,-1.3883954632396216,-0.22426697238635557,-0.5416387051167182,-1.4609163265180451,-0.3313482909586521,-0.7061319337370598,-1.4577479854283242,-0.38977977610301867,-0.14772261250261653,-0.8839967352156873,-0.17275382403981915,-0.2800074243725839,-1.2783101612716332,-0.2895893793771787,-0.44672799677899955,-1.3752003787146299,-0.36522448725486567,-0.6040818968105031,-1.422066010729919,-0.40013643772250235,-0.053439353046629,-0.7379768126838802,-0.26045102646976104,-0.15296375274081292,-1.0553678456119822,-0.3453504517032671,-0.2507353557365834,-1.231548732474406,-0.3963709230103519,-0.3425708956818119,-1.3785942587515525,-0.4264550844060345
C,0.0,0.0,0.0,-0.285014974889815,-0.14964554431373175,-0.018013110227453256,-0.5185263011905501,-0.4244924549960433,-0.0714639268019198,-0.7277498370216781,-0.5384663039677317,-0.15113693688358246,-0.9332714030712763,-0.606269629081934,-0.2386848254039276,-0.3640976267486355,-0.953113783605288,-0.004410921833832374,-0.4746463021761846,-1.3176285235747398,-0.12233029492904181,-0.6180719663946891,-1.4152102307270993,-0.22289953954678488,-0.7579822704267156,-1.4429950322391978,-0.2858339253006325,-0.2671997550146473,-0.9606973768787508,-0.07526513786873576,-0.396981331566148,-1.3951518579818483,-0.21309560990417617,-0.5752920765161914,-1.4716993297443957,-0.31643963786029655,-0.7513499543434529,-1.4682327806795028,-0.36750764419100507,-0.1676377794602982,-0.8840468860659787,-0.15895088387150272,-0.3029832242272488,-1.2948875779360958,-0.2755023378393674,-0.4801253805563507,-1.3890673777791747,-0.3400891059843617,-0.6508929483213197,-1.4297349573764075,-0.36173803769772,-0.0851407476714482,-0.7344838529356632,-0.24602331369031635,-0.19084632844798283,-1.0579792614169523,-0.32610115176118026,-0.2953450632380093,-1.2373887962833614,-0.3680795558275111,-0.394716711396891,-1.3782090019848343,-0.3878766331645236
C,0.0,0.0,0.0,-0.28695455249348917,-0.16906920921710877,-0.018943316967700508,-0.5169065068224682,-0.4332158886429842,-0.07983531680627014,-0.7250785156940174,-0.5379802133890464,-0.16738872211209718,-0.9257094123630343,-0.6025722604030352,-0.2621473758222396,-0.3615864544344186,-0.9489336234956021,-0.007535916654775183,-0.47576963915551973,-1.3237528898383748,-0.1307705719540299,-0.6264359201335065,-1.405938285783025,-0.23700917931392806,-0.767042106701841,-1.4134842792725641,-0.30281331834880315,-0.2678841975480095,-0.9601351056744034,-0.0798663606010762,-0.4042353305156983,-1.3997795302496896,-0.2141470168103352,-0.5847219890977184,-1.4613037479077342,-0.3165895603679617,-0.7527007664197988,-1.4320097159099812,-0.3695614655504723,-0.17174570222203653,-0.889170478945021,-0.1654087054240071,-0.31048354642453635,-1.311954938198487,-0.2733254337761969,-0.4855135214117495,-1.3880037229850035,-0.3300698594803545,-0.6453720992141868,-1.3970552958767186,-0.3500964109281729,-0.09160973248559907,-0.7459535181626807,-0.25588575609441744,-0.2004212394392817,-1.0669986219449925,-0.3314590916208843,-0.3079913517680641,-1.2395935490504482,-0.36941675324908496,-0.40687003494161583,-1.370579433262874,-0.3876710701100031
C,0.0,0.0,0.0,-0.29377825958809506,-0.16444517800077924,-0.008662860550058432,-0.5261795234080164,-0.4334705297884249,-0.06419223212363365,-0.7373846618394428,-0.5391227647074005,-0.14978934386859863,-0.9418917518848576,-0.6090231132137772,-0.24392389276731533,-0.36168192714692643,-0.9518466736409542,0.01136338975907182,-0.4773726179445945,-1.3078118988277785,-0.104858532394281,-0.6321438743609886,-1.394414284797559,-0.20652705432738416,-0.7763532103539432,-1.4124184014211936,-0.27148997370930605,-0.261431166567828,-0.9626199425751446,-0.07082789918958364,-0.398428563741496,-1.3989110056033052,-0.20292932762933652,-0.5890796406350375,-1.4661085824410554,-0.3035585199239263,-0.7675141512899416,-1.4427798237221086,-0.354196982831095,-0.16395175223077627,-0.8886067951330604,-0.16633804595295404,-0.3029070552005268,-1.3038403180362872,-0.27873299847177924,-0.48861765122158174,-1.386160203944514,-0.33443479006926335,-0.6581849788600342,-1.4014955369952489,-0.3508911618161079,-0.08956569314684654,-0.7415125400007192,-0.26589704705908146,-0.2088196288817128,-1.0628431775837601,-0.3471258133695494,-0.3247536217871703,-1.2328466059997754,-0.38422519613367595,-0.43035331876944183,-1.3565986986571086,-0.39957213779457096
C,0.0,0.0,0.0,-0.31316690372926914,-0.18049607979495008,0.005321023871731115,-0.5328208037252729,-0.43835644970559984,-0.048129702065874226,-0.7398936130925716,-0.5382698567771728,-0.13482896090301585,-0.9392687556845514,-0.6070102028901557,-0.2311916930664925,-0.3811987873881473,-0.9519551293951647,0.018924744482019303,-0.49830138061135854,-1.321355913637423,-0.10372880936986974,-0.6525535727215728,-1.4034082716396274,-0.21117149415665257,-0.8018706500747551,-1.414004788057329,-0.27806329631598453,-0.2814563762024275,-0.9568437817537472,-0.07233453956572126,-0.41781852480536613,-1.400107896564098,-0.20835919707046058,-0.6087451159780338,-1.4653479961074551,-0.3141660949893307,-0.7900012303010707,-1.440659826377959,-0.36878840760521014,-0.18461495359303437,-0.8802314457490128,-0.17660947060835433,-0.32248552594511853,-1.302307993888484,-0.2838163453546696,-0.5105124356677586,-1.3862129063454842,-0.34383949588646223,-0.6857920120623826,-1.401021696676823,-0.36650411527530924,-0.10917938774646821,-0.7324850588886779,-0.2841900349391288,-0.22602174400649774,-1.039456778108596,-0.3553039738741729,-0.3379874497039636,-1.1958772550896672,-0.3908139907708834,-0.4434222770925404,-1.3074949087025856,-0.4085777777606337
C,0.0,0.0,0.0,-0.3355333282407736,-0.20019120881524455,0.036730658549910825,-0.5439367503765824,-0.4448601405289289,-0.008874600228782625,-0.7431081471940952,-0.5428662572375458,-0.09702553308498836,-0.9350062163502403,-0.6153185688144039,-0.19851102254187816,-0.3886512515171104,-0.9501807806517693,0.06437683795777545,-0.5076314199019674,-1.3101939175805664,-0.04674970588733824,-0.6602465831434235,-1.3888825786280379,-0.15407104775156463,-0.8041186656256702,-1.4038040875535123,-0.2249232978929,-0.29319110310971275,-0.9547922974032208,-0.049098328655760415,-0.4300093983583641,-1.3952682856556304,-0.1770947808271735,-0.6193352244280512,-1.4544560346525788,-0.2906733788626567,-0.7925854362277565,-1.4196749920522787,-0.35537827806982336,-0.2037338673031855,-0.8860908573902174,-0.1742459518347694,-0.34217699527099854,-1.3036873465408758,-0.27326700510874596,-0.5316360636960518,-1.3853525320370115,-0.33559762713912544,-0.7009596548128612,-1.389419985568787,-0.3647845927968695,-0.13444165334119265,-0.7518010139192929,-0.3012776194371472,-0.25709608769383063,-1.0825384348046507,-0.3632464960632013,-0.37016711526691365,-1.2425789691313893,-0.3945102207462129,-0.47423873695368063,-1.3538418243727561,-0.41396804214894456
C,0.0,0.0,0.0,-0.3282161509422266,-0.20497213756951793,0.07112787501141643,-0.5358897418923264,-0.4498385966333552,0.04229546525468683,-0.7387489487147317,-0.5312346623545426,-0.036862952138558676,-0.9294523109777498,-0.594910353321165,-0.13133416454077348,-0.3805932740145272,-0.9550908426925491,0.10857355510353844,-0.5026078362435582,-1.2841276325630055,0.015224449478978651,-0.6586310298633955,-1.3626411431791277,-0.07367521460145127,-0.800231940697081,-1.3770156577767472,-0.1325972244311763,-0.28437156257538354,-0.958456876793195,-0.02220877588407181,-0.42918337683919067,-1.3794571687333264,-0.1370145644772483,-0.6311695388566269,-1.4340069327884046,-0.23175414322931062,-0.8077040679940062,-1.4103117083745467,-0.28069810166416875,-0.20154465410012906,-0.8829314286888479,-0.1636139527246612,-0.3495367630518916,-1.2790475089010498,-0.2599013164374853,-0.554051972390814,-1.3569558012061573,-0.3067441412446074,-0.7313560099439411,-1.373148521465334,-0.3221577878561096,-0.15125970812021475,-0.73697410543791,-0.30390141228701967,-0.29612972537101984,-1.0455964874743509,-0.3676502337995563,-0.420389972172089,-1.1955308602472081,-0.3907928776635493,-0.5277397005217419,-1.306357231561244,-0.40106428457667287
C,0.0,0.0,0.0,-0.3355662560897804,-0.21618031789386397,0.10948742485971472,-0.525430648570847,-0.4567909856553889,0.09306279320180583,-0.7218824839874617,-0.5428891166489368,0.01733799722022329,-0.9095065498053917,-0.6200605959347123,-0.07575504485666486,-0.37702720098405873,-0.9569697311344733,0.1488109754966145,-0.49103804172909316,-1.300863454936889,0.06051549719122962,-0.6449438859305654,-1.3780868011233425,-0.02882224301778435,-0.7871327777875703,-1.384732348849628,-0.08833785821608305,-0.28547010757327645,-0.9583820356504837,-0.003269774386222123,-0.4213717838329558,-1.3930910060125594,-0.10752640943397797,-0.6200053790560396,-1.444385407002855,-0.2026236354094356,-0.7903466773658824,-1.4089541914662338,-0.25673045844284004,-0.2136937100898691,-0.8915467401929091,-0.1653103242617155,-0.3538563273259563,-1.2978131266979087,-0.24836865345575818,-0.5551427585714661,-1.3734782710508544,-0.3000253718936627,-0.7280016231026348,-1.3812749405260394,-0.32764570942774185,-0.1738562338417556,-0.7694273354697265,-0.32407194712707565,-0.31100514156384007,-1.0669183192531357,-0.3810862911478721,-0.43141698164154035,-1.2134391947233345,-0.4105503583812735,-0.5375840221864977,-1.3267414573642295,-0.43272706831118074
C,0.0,0.0,0.0,-0.31160087623155536,-0.16969176166849925,0.01926373342788255,-0.5101424084806191,-0.44040149437713644,-0.01422954128675824,-0.7046069727844816,-0.5420013193917219,-0.08109855350666506,-0.8900552649728024,-0.6042303555100467,-0.15336397656647177,-0.3457328669391637,-0.9555488093620443,0.07481021207669804,-0.4526725341666047,-1.2891600314511251,-0.022345989998211774,-0.6139248313606291,-1.376035242443936,-0.11082788239198761,-0.7556401901931865,-1.3820036465541574,-0.16373903262304756,-0.2625175385698141,-0.9648678614804248,-0.01070288864922391,-0.39584941202144475,-1.3717632278457432,-0.11088589322150437,-0.5957157828178135,-1.4288174251171006,-0.18701812057773953,-0.7595413579661968,-1.4040124667760097,-0.22213936866283993,-0.19277263434226305,-0.8900462285153533,-0.11133419539625015,-0.3332504679306596,-1.2802902203602124,-0.1912062985617741,-0.5342891137070115,-1.3611078362342135,-0.23005465992697385,-0.7049466027566581,-1.38185788966907,-0.24154476495621333,-0.15400259383147977,-0.7504104284619832,-0.21552359626166512,-0.28716852506450036,-1.0330548569724392,-0.2655061934657523,-0.40651536572609676,-1.17766329046778,-0.2859014192499952,-0.5077185254656454,-1.2940927636524115,-0.2939449225889746
C,0.0,0.0,0.0,-0.32942299874103265,-0.19691043131996724,0.11761757917536614,-0.5228551135480161,-0.45858902522785244,0.12145423329899567,-0.7145530757079471,-0.5596662489580653,0.06586413209138639,-0.9031937745954387,-0.6455189697821843,-0.0034138304105990106,-0.3577159837989707,-0.9469022905848322,0.20352961065086958,-0.4687406339906125,-1.2835651467185023,0.13804616975592254,-0.626280200924493,-1.376225030742529,0.06378353015610778,-0.7708063474103659,-1.3837010830550074,0.01712911842871296,-0.275617004416541,-0.9594854614400691,0.058505693411753365,-0.4091150948496185,-1.377189250812042,-0.013424304905678416,-0.60761975457137,-1.4415339155594566,-0.08392842481671149,-0.7755302458071827,-1.4079066969816239,-0.11798285178855672,-0.21361601257260363,-0.8984177247328315,-0.09897773139241568,-0.3524752271251242,-1.2974723594753013,-0.15802192138127305,-0.5507246007654509,-1.381494773387317,-0.18604009266049537,-0.7221944295414574,-1.3938501308082867,-0.19423402794305417,-0.18282534481377596,-0.7809798411632344,-0.2543712160349749,-0.32746929773576466,-1.0818581774600817,-0.29325513939114833,-0.4566326468035818,-1.2202958731339706,-0.30216451304382874,-0.5699208801476657,-1.322056886395551,-0.3043449797976675
C,0.0,0.0,0.0,-0.3281251166918262,-0.18977999639406823,0.08082539978363744,-0.5160247046871937,-0.4495108174362393,0.07532536181278313,-0.7043610356637398,-0.5523378147896497,0.02114505145485717,-0.8851769973014812,-0.642778091602655,-0.041377010335579605,-0.3504265924991658,-0.9406508265147856,0.17979523110269666,-0.45797432174966274,-1.2677379890321319,0.11873621340375362,-0.6090980819472519,-1.3589830222541404,0.04362095328612316,-0.7527385959594366,-1.3728850110745083,-0.003871948364414658,-0.2791868013947688,-0.9580658379569178,0.06453355768022404,-0.40602972062137166,-1.3579597794221843,0.001336348505037365,-0.5956345600935146,-1.4253626685045642,-0.06988578914546502,-0.7562933390291398,-1.3927425651050633,-0.10658724852080684,-0.22550086002757339,-0.8988308471491216,-0.06420933717995997,-0.35068059302243015,-1.2821762522604416,-0.10617754337813412,-0.5383756014108245,-1.3772331322492313,-0.13638575521389437,-0.7018375806914354,-1.3902170413502164,-0.14960671231453235,-0.201806633839728,-0.7806226814575096,-0.19439446080312275,-0.3270655552330143,-1.0688875305131655,-0.21381573158195313,-0.45062014460843286,-1.2158278676128813,-0.22014893580540545,-0.5608180992281395,-1.3186842876513394,-0.22287970002831536
C,0.0,0.0,0.0,-0.31817976512447027,-0.17229248679970183,0.06742037217239817,-0.5127152902695487,-0.4425549659529792,0.05227141137331024,-0.7011964065219886,-0.5601017299356281,-0.008516475894090566,-0.8913881717478747,-0.6528972982250906,-0.07731971354128923,-0.35315414739555023,-0.944022662527276,0.1498634198305791,-0.4628799252728114,-1.279753747475179,0.07310458095783652,-0.6155906847766663,-1.3786332226737898,-0.008052758778236682,-0.7611053441568808,-1.389162480670991,-0.05708680646922847,-0.2788727141884058,-0.9595815683235591,0.03785793199436955,-0.4040855406937319,-1.3749853799601008,-0.0435952691600466,-0.59756126110164,-1.443032584365962,-0.11766224072540733,-0.7680799731725643,-1.4038018742966254,-0.15110861836676667,-0.22193422681606761,-0.8982979051272362,-0.08821987959808668,-0.34259893114382034,-1.2950851645681372,-0.14521113892196122,-0.5278919017718626,-1.3968467139718383,-0.1782657460315475,-0.6975971765395079,-1.4163419530832781,-0.18961820517549233,-0.19554518325418166,-0.7759937010418593,-0.21587497963134755,-0.31208476696111404,-1.0744161666762153,-0.24817883272273858,-0.4233745296737339,-1.234992985254685,-0.2608664900859907,-0.5294190730826168,-1.3560120197567556,-0.2658108001233095
C,0.0,0.0,0.0,-0.318876307756116,-0.18218664430647236,0.08541498369764466,-0.5124108303516354,-0.4485151383101711,0.0772095701621822,-0.7025318638030468,-0.5593685036281336,0.018546604355832667,-0.8928266018527288,-0.6496533183746797,-0.04984380427275274,-0.34724653199171024,-0.9452137476602953,0.17244089934570384,-0.46036674818947004,-1.2664695382838633,0.10475810352850638,-0.6164437944317558,-1.365108616373332,0.028979347745184385,-0.7637987322994874,-1.3855470353052055,-0.018959996177496403,-0.27197136832993796,-0.9610604458524893,0.04893254772189902,-0.40069446206674114,-1.3724838387891525,-0.029043999912293266,-0.6004582734977391,-1.439041591969495,-0.10097427835048811,-0.7761316413293696,-1.4081190023994747,-0.13294759576050352,-0.21647386493210805,-0.8969443051761676,-0.08744323040292006,-0.3475831360340655,-1.2849982636607138,-0.1445870223606608,-0.5400681493056189,-1.3765828679874224,-0.17298100031836475,-0.7139351772309606,-1.3964116178390913,-0.18016321273135716,-0.1945983604935146,-0.7703948091406447,-0.2242020703288188,-0.32203752003944974,-1.0616991821503112,-0.25521948393536964,-0.44025882603889016,-1.2111527863239906,-0.2628846250806229,-0.5492645099910699,-1.324005340060994,-0.2639519276747972
C,0.0,0.0,0.0,-0.31803154223529556,-0.18955682928646497,0.10362453084429511,-0.5019355105726651,-0.4505581172632962,0.10972939644140763,-0.6864864372692407,-0.5571286024046819,0.060582281409947834,-0.8670478453574064,-0.6466378349681242,0.0023864908250851476,-0.33885484086941503,-0.9365187507940306,0.21766471689619674,-0.4366088236207791,-1.2610619410821433,0.16434966418079572,-0.5926445652480941,-1.3547377569813586,0.09413491741466364,-0.7363172953355562,-1.3664974969435602,0.04927816734755011,-0.2726841994611259,-0.9579785785822106,0.0889964625243737,-0.38913415475699653,-1.3591159373015327,0.034288104214022126,-0.5860312903851348,-1.4251491449620126,-0.03148218608173565,-0.7478836314823331,-1.3886915407739988,-0.06521120601847846,-0.2220395157532726,-0.9070242633615866,-0.053689393162419156,-0.3451451580130285,-1.2886332830857161,-0.09331700857325176,-0.5428164883031508,-1.3721023835489852,-0.12108523079396448,-0.7098865607347536,-1.374831243015392,-0.13328133883896792,-0.19666827251521823,-0.8023602369208389,-0.1965751854028598,-0.33132761999551896,-1.0882657715053106,-0.2154380541997122,-0.4654134770728622,-1.2175519924945355,-0.21943561198708877,-0.5824318240491747,-1.3037985061681674,-0.22105907710309897
C,0.0,0.0,0.0,-0.31064789885768135,-0.18218809541011513,0.09007494167834126,-0.4994567370142788,-0.4510069144338642,0.08728806722877787,-0.6912445028358444,-0.5616825975003604,0.03348866585997297,-0.8772562507112478,-0.6548406114655752,-0.028047692279788546,-0.3376715502822082,-0.9408273307279732,0.1907039546175787,-0.44718785798799726,-1.2658936495904491,0.1274075456846069,-0.602520115605792,-1.368119374180752,0.04941336125867675,-0.7489484694445427,-1.3870572132832413,-0.0015044288062090875,-0.2688925910277949,-0.9609329123034498,0.06561030820206377,-0.3863356180756504,-1.3729468444263315,-0.002317821703396916,-0.5836337754901525,-1.4521396766096912,-0.076178879609901,-0.756207705350642,-1.4153747030982138,-0.114443761113381,-0.2166180553622255,-0.9056074446686438,-0.07354784999196753,-0.3363892608636419,-1.3007232275389162,-0.11930223239380759,-0.5262707392451994,-1.4038276167652666,-0.15445916624481235,-0.6964660522851446,-1.4188264315303256,-0.1724656485270548,-0.1964955038688854,-0.7936526540431806,-0.21367299888759297,-0.31962616387403026,-1.0879244643158614,-0.2388960271263091,-0.4425731009489716,-1.2394373119478337,-0.2511513276442626,-0.5570400286515028,-1.3457974506243016,-0.25969532774861664
C,0.0,0.0,0.0,-0.3084669963661514,-0.16643823544598157,0.06620059238674002,-0.5055975127651919,-0.43616703157959075,0.05187159048447565,-0.6972761383387335,-0.5530114178123645,-0.008099221659316785,-0.8888372389802467,-0.6445535461179945,-0.07590882509406019,-0.34763874893940744,-0.940272789872189,0.14823164382372903,-0.4673919966757856,-1.2656228876780862,0.0715248136928998,-0.6245477929019507,-1.3683365729371608,-0.00769512846487721,-0.7694185312180666,-1.3889178877867858,-0.05572172338343478,-0.27427775150572087,-0.9609614776017869,0.03639716464721378,-0.4101739563690616,-1.3745330272039848,-0.047796725494571736,-0.6088073347800034,-1.4427948280441634,-0.1205184422385419,-0.7826572848417795,-1.4049756871123904,-0.15059230646180694,-0.21753148302980113,-0.9027314568590111,-0.08910938908665926,-0.35085671056911855,-1.2946121320398951,-0.1504642413110272,-0.5439996203567511,-1.3910241399984902,-0.18154255404348826,-0.7176273001964698,-1.4101730600210682,-0.1883126440399007,-0.19236203783072167,-0.7814239896709226,-0.21601560847681717,-0.3189928828088801,-1.0754861796578823,-0.25066656269292653,-0.43556806050832914,-1.2289118730871238,-0.26098298841457346,-0.5438592831665752,-1.3417663834262656,-0.26168867546832203
C,0.0,0.0,0.0,-0.3138645137626445,-0.184200707411557,0.0645818784774309,-0.4949717170234186,-0.4553570604079854,0.05088203034354194,-0.6832167155236456,-0.570711998737341,-0.007162745271095596,-0.8640883613205581,-0.6650783154128389,-0.07191494390335605,-0.32711990985719747,-0.9441592398398219,0.1518181919095528,-0.43026436693673803,-1.282831448689082,0.07917478666883361,-0.5823111239860946,-1.3864764950914201,-0.004586073208049626,-0.7296442359425088,-1.4085894222993294,-0.05798329688521939,-0.26031964002349295,-0.964528899197115,0.043791410477858714,-0.3839320440600308,-1.3770218697810708,-0.03113996882159315,-0.5801102899216205,-1.4571663154396535,-0.1098469973316242,-0.7494835938851955,-1.4237093115790789,-0.15213442744980232,-0.20931562552747746,-0.9100373982129296,-0.07812254268454548,-0.32838588266499413,-1.3077399271911139,-0.1253247167610522,-0.5182980860608062,-1.4153937290203185,-0.16529322953388434,-0.6858098680483654,-1.4325680311761075,-0.1869769358635211,-0.18606900374450513,-0.8021354409929365,-0.20252549634784464,-0.301137398660455,-1.100053593930073,-0.22520984650542397,-0.42429140454456404,-1.254712875788009,-0.23902965349598018,-0.5389695014225113,-1.3607815969433885,-0.249122836227442
C,0.0,0.0,0.0,-0.3018953549175332,-0.17189297582535637,0.07662951723645002,-0.4928305848942055,-0.445440250035443,0.06671410505170747,-0.6815452784514131,-0.5648791230057713,0.009720792454795265,-0.8674213936433807,-0.6622608186726987,-0.054541403337482086,-0.32699931197524335,-0.9498803591477545,0.16135246404899614,-0.4269128319837451,-1.2709720014505796,0.09305355689245358,-0.5797313391162103,-1.381255859644596,0.017056621494371312,-0.7250182057415182,-1.4095389147033075,-0.03151359518505857,-0.2571210794609083,-0.965404904672179,0.04338341309484908,-0.36940904008025083,-1.3753540363149082,-0.03171359752587265,-0.5670927392644531,-1.4569997636141845,-0.10050705382361763,-0.7416123933593552,-1.4292821334166756,-0.1315891125780925,-0.20334415207831022,-0.9069130808472626,-0.08823938353830305,-0.3124077950253293,-1.2966493773483279,-0.14172583568062855,-0.4995514927717212,-1.4103484542017797,-0.1729113463645646,-0.6716592322075787,-1.4405004299243187,-0.18421844165949405,-0.18311007920183,-0.7882409139664234,-0.22126312123381003,-0.29079207625462516,-1.0849988846945358,-0.2518969429791317,-0.406871807730482,-1.2478992308957424,-0.26415922926004415,-0.5192917286571658,-1.3679182042406577,-0.2697190713682881
C,0.0,0.0,0.0,-0.31876600345638906,-0.17718943154991146,0.08058987535041309,-0.5161913631337857,-0.457439293977826,0.07059979995384758,-0.7105690315522923,-0.5734239140109723,0.011820622070967048,-0.8992771287591295,-0.6739178550247953,-0.05470515682157,-0.32882622829831004,-0.9478295087429439,0.1657013365665332,-0.4347653364818196,-1.2852068292460144,0.10091541054645323,-0.5900545408358517,-1.4139148493631297,0.02622596966621558,-0.7407649136247022,-1.4609170486976961,-0.023927883595279042,-0.25658345796496657,-0.9656797066257419,0.04034393771016114,-0.3803011772873025,-1.3971002483154011,-0.029776518259526263,-0.5830122103524801,-1.5044827134058592,-0.10261135903001609,-0.763385088333787,-1.4889632265949206,-0.140799780519217,-0.20323167517029667,-0.9110853559952974,-0.09857630544122407,-0.32418409377472873,-1.3226093574887354,-0.15058497131629414,-0.523342371938316,-1.4490704934984349,-0.18945034499881094,-0.7025995352778289,-1.4831141321496646,-0.20948230036141358,-0.18878228036121172,-0.7961338600254081,-0.23859628294656512,-0.3123782156717827,-1.1030456426899171,-0.273843883283647,-0.43993058588233247,-1.2766354603123915,-0.29373467428540434,-0.5604549676860231,-1.402838191667686,-0.3065771692417924
D,0.0,0.0,0.0,-0.18074696112825928,-0.22889139730123645,-0.09971036707630355,-0.3329627497909731,-0.504672473676173,-0.18882632749766917,-0.3610556846045725,-0.7321137324389496,-0.29371087503412985,-0.21039746511046017,-0.8514160887622926,-0.3929059150615882,-0.17631419369433465,-1.0425546596054627,-0.04094536767731349,-0.17821050178794323,-1.4619657060087923,-0.15759354005288057,-0.210928436042496,-1.692847544431351,-0.24300825427125586,-0.21893195966523435,-1.8940023593349304,-0.30896182527137805,-0.03495531418587502,-0.9964922313775442,-0.07603524718424953,-0.09790359787586903,-1.33228795371385,-0.25075326200468745,-0.18379257866680387,-1.0849877755356303,-0.32432563016081095,-0.2005550230466971,-0.8794311042914895,-0.34358178325567074,0.10081378983179201,-0.8997111144504846,-0.12974768985632532,0.023782878588045078,-1.1901281852731938,-0.2945001285642017,-0.06686477754193478,-0.9219589364775475,-0.28627325771120954,-0.08269020753319803,-0.7069250406538712,-0.24436189770788647,0.22805644784352283,-0.7471155275991266,-0.19502172712711072,0.14723128737366414,-1.016951875814952,-0.2957635466019023,0.05586672716892767,-0.8557170466282908,-0.2755732952592959,0.02761153827658009,-0.6842988201857881,-0.24221442239999713
D,0.0,0.0,0.0,-0.18227983751203333,-0.21912750478518978,-0.11127863842930118,-0.33640025539204393,-0.5071155277674056,-0.1996353830184443,-0.3388602505526669,-0.7529499721495287,-0.301753086710138,-0.1776927543083266,-0.8806993725580021,-0.39500303987104757,-0.1961355573693382,-1.0349760683452651,-0.036245649322909426,-0.1999616023398178,-1.4541538669513983,-0.15124668965433283,-0.2223918789169836,-1.6880762665413351,-0.23268629172556504,-0.22220067716872152,-1.8891779187270652,-0.29391189924515027,-0.04927716278879284,-0.996827676432486,-0.06250075780098738,-0.10575667684654866,-1.3245919443195835,-0.24043442222930106,-0.17260995356280506,-1.0718533831956816,-0.31034180768566033,-0.18323433874941525,-0.856708955040188,-0.32151423336293633,0.09220409090419544,-0.9064080933036276,-0.10930183753567058,0.038731544682445655,-1.1975573520238638,-0.2756768490692822,-0.03835064868984997,-0.9270619021264083,-0.2657694390323229,-0.051447340319165674,-0.7027953164490337,-0.21841388836052902,0.2257639139543363,-0.7644326295727529,-0.16908094792638248,0.16488324217738615,-1.0047096607225383,-0.2687562125969537,0.08314085166085257,-0.8538163062520916,-0.25122551222533557,0.056319718641337044,-0.6922282164117057,-0.21744511294532431
D,0.0,0.0,0.0,-0.18695996995096362,-0.21375089804696965,-0.11046980609915068,-0.3351346988325111,-0.5156238537507222,-0.19539939062616984,-0.3299544822593777,-0.7707898794310251,-0.29325760140278273,-0.17009268885187673,-0.9008054372513552,-0.38194407794460017,-0.18117068079346474,-1.0368680681304552,-0.037572730732315505,-0.17501486322323703,-1.4596486476438044,-0.15253358279693233,-0.18899679856165638,-1.6952987788746883,-0.23338759706447096,-0.18326562701716947,-1.8980305774945887,-0.29365877437037924,-0.036143085231640865,-0.9974622601043224,-0.061340990027186515,-0.086631922059156,-1.3248266340771333,-0.2411349977545942,-0.15814796957490357,-1.0719729144932,-0.30969164798442816,-0.1792987770534748,-0.856420112142357,-0.31750191255929266,0.10257655376411509,-0.9106203397368164,-0.10522067979514456,0.052263102977644964,-1.199335209554157,-0.2708071065156686,-0.031432846422397534,-0.9202275686184482,-0.25824989217267486,-0.05245824900711404,-0.6916450557308242,-0.20718582012659237,0.23274515463204343,-0.772548389250516,-0.16233705548516786,0.17108624173387912,-1.007382549194712,-0.2627580915577946,0.08654500394014032,-0.8539567002521563,-0.24660428487733663,0.05606722362490614,-0.6936339695983449,-0.2120706055002483
D,0.0,0.0,0.0,-0.18076338843549117,-0.22542421928005504,-0.10680350204079407,-0.32271472865656103,-0.5234143472974774,-0.18960239954734526,-0.312209573435034,-0.7709676315039893,-0.28582132816597877,-0.15698504653757447,-0.8969052162321437,-0.37325559788811247,-0.16524952889387,-1.0470076446899244,-0.033218398793741444,-0.15600309902210815,-1.4670829947121096,-0.1392714197777659,-0.1594154267524237,-1.7074696693161178,-0.21504499947576852,-0.14107962292676232,-1.9131397723841432,-0.27415230126949547,-0.02351738355574741,-0.9979287460834158,-0.0598761255516208,-0.0567543896318362,-1.3266261535515038,-0.23814663095885885,-0.1313272224187285,-1.0900440035266874,-0.3097727353077929,-0.1594368147057829,-0.875927304108971,-0.32014298190043905,0.11010075443521608,-0.9032826230112877,-0.1054216535837845,0.07001631282982962,-1.190653189240102,-0.2691814688135595,-0.012497525338292877,-0.9376473690423089,-0.26219360365262767,-0.03945798971705571,-0.715914786445609,-0.21570929158927318,0.23369477632132835,-0.7590508713607569,-0.16357963556456234,0.17712022267602104,-0.9981046588358965,-0.26237247465013663,0.09714990573045841,-0.8549967239062499,-0.24835482267412967,0.06624266789927483,-0.6913166151875697,-0.2161723123044134
D,0.0,0.0,0.0,-0.18209305472688256,-0.21763033485233074,-0.10974540206326483,-0.3276654134667966,-0.5229475722788426,-0.1938723227778908,-0.31092951182037587,-0.7804750481632639,-0.28964722325135506,-0.1459231812193196,-0.9065364159757207,-0.37522229843824234,-0.1812970645735378,-1.0357918618486914,-0.0372662318840655,-0.18015670181333607,-1.4568258832644971,-0.14671926483081366,-0.19021293839315206,-1.694418320718416,-0.22318228257473485,-0.18125115665716282,-1.8937702226405089,-0.2812387710225825,-0.036283188915474766,-0.9975671348280135,-0.05952597511298608,-0.08100293759254401,-1.3160269360828678,-0.23673202622472692,-0.13094619775731559,-1.071887877992169,-0.30351460731585217,-0.140328106485585,-0.8582847929719182,-0.30998284935435805,0.10217255750969251,-0.9116730438861513,-0.10160416900268938,0.05576041286311905,-1.1966258837193702,-0.26158569319692326,-0.00427639196777879,-0.9400863765476799,-0.25348628155259095,-0.013541697117817523,-0.7225180110590509,-0.20757961404998793,0.23377525111797928,-0.7768884131539125,-0.15702998682309677,0.1678117722234978,-1.0001620070819581,-0.2561889678525678,0.09435556491702654,-0.8527677490492122,-0.24638073519564804,0.070660377258808,-0.6949317797008072,-0.21713394620935306
D,0.0,0.0,0.0,-0.17470172014911606,-0.22311301866017472,-0.116843644369569,-0.3127897384169616,-0.5234803445351286,-0.20883406574614574,-0.3039049710245284,-0.7860572212571565,-0.3127511474888217,-0.13695900974004518,-0.9200685550297066,-0.40729377273891304,-0.17230814548395923,-1.0353369431600692,-0.0476590636219937,-0.1694319499885465,-1.4689985005001474,-0.16162521875685953,-0.17540835567312996,-1.7161983959528646,-0.23917194173321296,-0.15654670138980567,-1.922845249650374,-0.2986140971227391,-0.02415886783942544,-0.9974328911140126,-0.06740902631443173,-0.06760623049546678,-1.3354717022133553,-0.24251121261729652,-0.12652400960932647,-1.0889682307886401,-0.3063372111110593,-0.14287937984026408,-0.8781406629802154,-0.31306527863488354,0.11800736664811726,-0.904977240361325,-0.1076717584291176,0.07520383881561747,-1.196745976019575,-0.26658079368846915,0.0021487540482748686,-0.933337117659989,-0.25605928303997577,-0.01641536277000671,-0.7181122243814996,-0.21047581901743664,0.24872970519897922,-0.7640305137849869,-0.16167908439832157,0.1859930818641211,-0.9896805786292836,-0.2596800880601961,0.1078820301339552,-0.84316373626593,-0.2498288025702497,0.08349531828976733,-0.6939640786128864,-0.2224909524232003
D,0.0,0.0,0.0,-0.18273451724796536,-0.22781719199946854,-0.111263027122565,-0.3176388804075046,-0.5256414706277374,-0.19535931393372696,-0.27778091410435546,-0.7792126948763022,-0.2899357616743033,-0.10256648742082997,-0.8891462473871663,-0.374543630482143,-0.18983999149323835,-1.0331489055604428,-0.04617013905845349,-0.18935118883766197,-1.4567733070880418,-0.15508545502208687,-0.1927467000400159,-1.6999464245018403,-0.22997013171420302,-0.1785524240884888,-1.9016191366523985,-0.28761999124015375,-0.034865251711685495,-0.997308891916352,-0.06449332002354162,-0.07493362804214247,-1.3154878850413747,-0.22612993869354067,-0.11733913245847667,-1.0734238145835522,-0.28248349215521346,-0.12814487641002986,-0.8686361810152132,-0.2880483397862257,0.11533222404076382,-0.9003191749306001,-0.10285567314444673,0.08492073740342046,-1.168151753020233,-0.2502894170655419,0.024256476360634268,-0.9188595552975335,-0.23611412389826592,0.006708305932056123,-0.7125124577307322,-0.1915225620475714,0.2555162245562774,-0.755432484455858,-0.15504089798467016,0.2125961978311517,-0.9725627081887217,-0.24534665546889062,0.13865852781753157,-0.8441570164008618,-0.2323863412714924,0.107636102482962,-0.7053476602652293,-0.20439925506089826
D,0.0,0.0,0.0,-0.18397124811040574,-0.19395095103193033,-0.1286687872227584,-0.3158054843713537,-0.5032607210564176,-0.2167820389070163,-0.27295432533097885,-0.7572292543317143,-0.3108293040546558,-0.10281418478151448,-0.8778885865737791,-0.39422554334963944,-0.18850176484981435,-1.0258520260913575,-0.056874502825498746,-0.19058357374876128,-1.4397972889622146,-0.1640243498841223,-0.19801347123565066,-1.6830373248588855,-0.23461057378335787,-0.18855632135204098,-1.8918547934667647,-0.289441571491878,-0.03389484301843817,-0.9970803230497851,-0.06842491507990169,-0.06411798172469896,-1.3097436373106683,-0.2352334002502764,-0.09808703192863025,-1.0473715927611154,-0.29212867314775653,-0.09856679301811619,-0.8360393538183721,-0.2926501919391837,0.11222363004587861,-0.9062321115694401,-0.10130291603980698,0.09330105630675756,-1.1689227040372072,-0.2527887809331532,0.042523432184582106,-0.9266970053833569,-0.2482421364125769,0.036859639856266536,-0.7336261981124668,-0.20809208983596877,0.2512529898410061,-0.7706602377827233,-0.14882310812848726,0.21744812626699855,-0.9800850676405095,-0.24560391906334397,0.14289731237834757,-0.845311373580682,-0.2413780525549711,0.11427273089965176,-0.7074067568409379,-0.21815128429613462
D,0.0,0.0,0.0,-0.1851344227710192,-0.19070899788652532,-0.13030626436388393,-0.3165212050666518,-0.4968919142194698,-0.22182298455787128,-0.2750355981333069,-0.7485668609056069,-0.3216130137567394,-0.09920498403285771,-0.8764811086521486,-0.41110042314136286,-0.18730731278403476,-1.0299993565916161,-0.06358430676999782,-0.1828792223715121,-1.460057060311255,-0.1771068251926845,-0.18542928149731192,-1.7029151580342463,-0.25163708938896795,-0.17099318580067485,-1.905039773004255,-0.3096323593128228,-0.030617249729667978,-0.996321905673035,-0.08003277013226043,-0.06510582262146053,-1.3380584808799372,-0.2560777152044966,-0.09469849037244275,-1.0757876347884465,-0.319983671841861,-0.09190749103302039,-0.861829338904831,-0.3269270152871615,0.11922464126377921,-0.8986804282696577,-0.11788071707146211,0.09878926448589383,-1.1784299891230017,-0.2795922265137575,0.052086585618877405,-0.9164568669927765,-0.2754641392266832,0.047401665962428445,-0.715644790116221,-0.2352851445599158,0.26118270799158977,-0.754143129114506,-0.170407645350351,0.232241230007155,-0.9710726736649242,-0.2698753844540106,0.16780261642049896,-0.8302145966907657,-0.2646437747088009,0.14495158608462916,-0.6955839776920536,-0.2426478379351287
D,0.0,0.0,0.0,-0.18576963261880042,-0.20814946728702963,-0.11702337488779307,-0.31746933122250437,-0.5075448820499703,-0.2033534836687914,-0.2811297247222775,-0.7541225162609206,-0.3004088257799717,-0.10893308390778184,-0.88819720717108,-0.38870106569736024,-0.17860715445970482,-1.0293787709538393,-0.04447808334042506,-0.18829812137890722,-1.4511823702617106,-0.15362541732665289,-0.1978631358584664,-1.6940023802517647,-0.23066012452812146,-0.18490981971203674,-1.8989526038460085,-0.2920138823086279,-0.02240841319919548,-0.9974910788679835,-0.06715214513833803,-0.06864032948158628,-1.3448777353151078,-0.24115476564478558,-0.10996191102256779,-1.0980425063816017,-0.3104563131058439,-0.11219232958413493,-0.8818168238322741,-0.32218324172715396,0.12606494336241644,-0.9021153396955159,-0.1099824363069415,0.08902962420789741,-1.1952661514703955,-0.2702632925801358,0.030994774636434384,-0.9285733695270186,-0.2666777214608262,0.024506672219371063,-0.7159219430677721,-0.22726144536301549,0.26674528367899814,-0.7531330007905408,-0.1661935698781366,0.21392103739601992,-0.9785664015250392,-0.26500573192035176,0.14374432091710182,-0.8247577823814967,-0.2575576785878505,0.1263388317270616,-0.6770468648179715,-0.23395640267870743
D,0.0,0.0,0.0,-0.18525620545331659,-0.2136407614875241,-0.12057807221186734,-0.31433017144037895,-0.5159126537006572,-0.20962815075154953,-0.2806693974315422,-0.7695320470648974,-0.30875049749245453,-0.10627859170014155,-0.8970684540147668,-0.39842172819325294,-0.17587397617326156,-1.0292704850461285,-0.05207489100533842,-0.17635377532388918,-1.4517731508159089,-0.1655161003043503,-0.18320817996114014,-1.6976798481915023,-0.24353978396530168,-0.169418246492637,-1.905111529001811,-0.30453846119034544,-0.02126646500223849,-0.9972373061347091,-0.07117227493551918,-0.06922383828573149,-1.3411443888872006,-0.24324495518512393,-0.11059508031665935,-1.0830816438696198,-0.30659674188152125,-0.11311373097952791,-0.8647687054577924,-0.31454874768962887,0.1259544196384173,-0.8996785823632781,-0.11111992005679237,0.09359045322189422,-1.1984703908163004,-0.26651894911096635,0.03503700205602082,-0.9394556487951252,-0.2583802528111709,0.027354842314873628,-0.7270525882577589,-0.21708875887725396,0.263368581841716,-0.7511093847858135,-0.16546718333276556,0.21795633270604833,-0.9796224783173757,-0.26237701184482887,0.14155149609736142,-0.8441964486229602,-0.2552529741080088,0.1144533941638261,-0.7003217076353567,-0.23185139633263452
D,0.0,0.0,0.0,-0.18128067917465635,-0.21088389943274294,-0.12243602746046361,-0.3050586602654035,-0.5120238356485439,-0.20955534626009145,-0.25920124291506286,-0.7501368180152161,-0.30481946644335783,-0.08454338206732755,-0.8802376800927166,-0.39079864648775,-0.1709764470146417,-1.0300893772017945,-0.055538015401975706,-0.18262302169704617,-1.4439985072071662,-0.16506868978344966,-0.19190801035900173,-1.6898511151410474,-0.243228326745654,-0.18415868017552336,-1.89937248644956,-0.30720123806564714,-0.01274604300829095,-0.9970323487108537,-0.07592123557839112,-0.04963031336613423,-1.3403687328355094,-0.2497448471757037,-0.08636992024412096,-1.0859887432831075,-0.3209834429530269,-0.0895597629144462,-0.8682342343213637,-0.3366254405022834,0.13518465765897092,-0.8987442539236674,-0.11631248737906494,0.11499620913108329,-1.1953157743793474,-0.27277071523409163,0.06383463671251399,-0.955432411215361,-0.27320839342784364,0.055686511497803175,-0.7572064368751824,-0.24101326425651332,0.27326530220762824,-0.7463207041083025,-0.17092623442008306,0.22846491166135569,-0.9629163524925909,-0.27234225642579557,0.1592060414286391,-0.8259140849037945,-0.27170750982433195,0.13584664188343074,-0.6853526816468994,-0.255070384748446
D,0.0,0.0,0.0,-0.18853369749129184,-0.21027070701433112,-0.1174301785501243,-0.3083841465735671,-0.5156544744781059,-0.19623780919301306,-0.2268962626085428,-0.7473487303905805,-0.2818642807926818,-0.04918256597154986,-0.864868880191525,-0.35921768510704066,-0.16768348457401047,-1.027488820818534,-0.0638597536309455,-0.1738828778422134,-1.4532565143523015,-0.16597315286346567,-0.17708519158614916,-1.7069117556532671,-0.24074428504786036,-0.16860578472001975,-1.9201961721029126,-0.3040334700278143,-0.005181273158541262,-0.9964584626720042,-0.08392667381591315,-0.019347449685675512,-1.3526737969694125,-0.24625620967188383,-0.05087604524651338,-1.1230632953078243,-0.31722254029336533,-0.05857648596184903,-0.9088138160837628,-0.3383718606385078,0.14475083724005275,-0.8990781910164719,-0.12178971468050116,0.1586222947880744,-1.2105693593040066,-0.2672513898792157,0.11504902420939726,-1.0113374816560068,-0.27566323773171625,0.0951921185186279,-0.8217572876195365,-0.2553456109140605,0.28554362366747355,-0.747161313932748,-0.1735233634498381,0.2534381285734063,-0.9501520794110775,-0.2724291984729555,0.19077979135001907,-0.8491818587041067,-0.2816481909366352,0.1567753187944777,-0.7250327095995757,-0.27539145087200395
D,0.0,0.0,0.0,-0.17339103666434186,-0.18663973525305042,-0.13122675015109792,-0.28663525906533005,-0.5052386518184696,-0.2138569508679113,-0.2110575288218618,-0.7540162570186347,-0.2978178654726747,-0.03844841989930246,-0.8855542663556455,-0.37205153600820406,-0.16143211026989096,-1.0246112135529903,-0.06690765495791502,-0.1581274374136235,-1.4416138006917647,-0.1657691985115976,-0.15537709332136088,-1.6939552924162373,-0.23378668080952164,-0.14438000368997295,-1.9163453480915915,-0.29070352196939375,0.0007408018523312275,-0.9970785692300369,-0.0763791725197273,-0.013522379996360055,-1.3552644364258548,-0.22873772435126985,-0.05243363360267959,-1.1165751324725903,-0.283109164318307,-0.06775054915307746,-0.9141687760962168,-0.2878526739730241,0.14976146698325507,-0.9008603311013348,-0.10558554509645536,0.1459468063056811,-1.207481298873925,-0.25082937666066457,0.09409978596002835,-0.9623675147698283,-0.24339232218771525,0.07575013747383905,-0.7717081591947071,-0.205105157302833,0.2899375206316623,-0.753817995401736,-0.14877940033340936,0.2583873993554695,-0.9980053083284867,-0.2535794528318233,0.19130933217322438,-0.8520796677900151,-0.2512450227632542,0.16390716542787864,-0.7119097763269979,-0.22971083054576633
D,0.0,0.0,0.0,-0.17563169625150882,-0.19468283723942664,-0.1259029078216579,-0.2795667686091721,-0.5134356449231942,-0.20604862735188534,-0.19940505475013687,-0.7471720443017271,-0.289836581423626,-0.023479674689833082,-0.8754589311745264,-0.36511473788967375,-0.13841312588148555,-1.0301598036546524,-0.059874739730472144,-0.13822624827670432,-1.4327755658438943,-0.1629725413959845,-0.1374669000591271,-1.6850254839480494,-0.23603829313667382,-0.12699137949161124,-1.9089317222881759,-0.2971568631721951,0.01915994232650221,-0.9967798721984983,-0.07786387474298034,0.027639530269571763,-1.3699181861517151,-0.2411000492990604,-0.021946347267827408,-1.1295938524210014,-0.30580936277805154,-0.041514095100563954,-0.9268520016059915,-0.3160181006012329,0.16182589705871725,-0.8963080874374852,-0.11513547412727847,0.17460566504632563,-1.1941170364706752,-0.270044696848002,0.11639881102928576,-0.9437917581823099,-0.26979304387416136,0.09976098481798755,-0.7559524985380459,-0.23517130740901174,0.29649482039600955,-0.7421118509947543,-0.16563454969683167,0.27758147670243577,-0.9677094314148793,-0.26833062686001974,0.2119112232836278,-0.8190950494648521,-0.2652377027441619,0.1893797695507238,-0.6849749211434512,-0.2458080015975907
D,0.0,0.0,0.0,-0.16994897490763583,-0.21629714703771363,-0.12158835068772028,-0.2717218187419398,-0.526228931517697,-0.20318488606609733,-0.19386745944527634,-0.7532272323813599,-0.2913190057203674,-0.02159436822226698,-0.8718449411244451,-0.37120074382088686,-0.13518797682001635,-1.040553513930956,-0.05723536393237796,-0.13035764037425415,-1.4654001422420901,-0.1608734085484112,-0.12719008207250102,-1.7086748558898215,-0.2377892126430828,-0.11515786726773583,-1.9180341095953348,-0.3005159361808127,0.02404975649637805,-0.9969513101193804,-0.07422731615595354,0.019666425962005615,-1.351325072119031,-0.23297995242123468,-0.025484970376587566,-1.1184669587100453,-0.30225456907942155,-0.04859721975048462,-0.9166749700830151,-0.3216589424112228,0.16737436758916233,-0.8946139444585294,-0.11026504703836804,0.18619970974368777,-1.210668871460944,-0.256573450429291,0.12596369803483407,-0.9727315027223623,-0.2582485271313105,0.09455092095465545,-0.7692903609849645,-0.2296795336652353,0.29951020586356103,-0.7419134760813021,-0.16019081401446675,0.278968371490094,-0.9773074178668587,-0.2614170843838475,0.21615067792606835,-0.848731905690915,-0.26399555649551737,0.18550457100809747,-0.7099769212655618,-0.24974309988065216
D,0.0,0.0,0.0,-0.17349433289828117,-0.2087062488853017,-0.12313436708085755,-0.27607171098243716,-0.5212171772789235,-0.20123689246965418,-0.19813057486858332,-0.7530347948700866,-0.2846336726277433,-0.0314985696609637,-0.8812305479310398,-0.35939800049625326,-0.1437386082064282,-1.0359546381856688,-0.05284301958251702,-0.1372043657413593,-1.45008203835978,-0.1547729334803197,-0.1351136681796469,-1.6961069534878286,-0.22994315570697796,-0.12505857904979695,-1.9132746967881322,-0.29243312608155897,0.015017096249792038,-0.9974475419183124,-0.06980607381410976,0.009864579471964386,-1.3536552300870681,-0.23372787682129556,-0.035576882608777685,-1.0984436633086394,-0.3018764218358244,-0.05209152274311884,-0.8827763825645237,-0.31651933111481817,0.15777304078215437,-0.9005256208021263,-0.10598198061005173,0.1687366327930632,-1.2072586406858363,-0.2562630068788101,0.10850427151454506,-0.9631722541935984,-0.25408532958558566,0.0854730336118612,-0.7646649053498096,-0.22076383390241852,0.2885374902191388,-0.7515762550519848,-0.1562845068887695,0.2696364380193061,-0.979559799444754,-0.2580591673554158,0.2005456429828934,-0.8369795058782974,-0.2555763396256704,0.16917867887946625,-0.6935620842190426,-0.23709257455339466
D,0.0,0.0,0.0,-0.17114145410354978,-0.19142804077069453,-0.13025190574008458,-0.2830877179282031,-0.5100033442464467,-0.21319747841304523,-0.22574669660322222,-0.753043004358637,-0.2987604714625598,-0.061055333998506774,-0.8896139330624856,-0.3744827598677947,-0.14884057476187196,-1.0308874006857602,-0.05712264075148359,-0.14725261481279708,-1.4364632590303095,-0.16108889133832296,-0.14584110961057173,-1.6833190683779775,-0.23473793604750404,-0.13360226678901865,-1.8987669949669945,-0.2941131327395241,0.007387067532331094,-0.9977056763786445,-0.0672964676272415,-0.007454383225824486,-1.3504335372006122,-0.22309821285598497,-0.05813898447664807,-1.1215447777048435,-0.2811625625511637,-0.07773143614264202,-0.9253658687988815,-0.28752412793828847,0.15121959368892246,-0.9004208237058804,-0.09840565774172949,0.14474613421759341,-1.205778883284433,-0.2460470555372508,0.08184406652914661,-0.9568666923572272,-0.23829190924498467,0.062419704938029646,-0.7620290519634355,-0.19890119183138644,0.28600552794834266,-0.7505795420764351,-0.1439204021146606,0.24410409781384038,-0.9778503350220846,-0.24940434276737686,0.17224306812507773,-0.8269875012314201,-0.24726489534811164,0.14960853131249482,-0.6873731596552726,-0.22545839467452586
D,0.0,0.0,0.0,-0.17660412963216968,-0.19016834521859136,-0.1257480269954646,-0.28942312965047157,-0.5059140353156171,-0.20898512505261033,-0.22645758771142563,-0.7467749465611979,-0.2959180504565698,-0.05208879311512334,-0.8663693277921803,-0.3730470671710546,-0.1501780326029417,-1.028741595746852,-0.057629734772886104,-0.1449607120923324,-1.4248190122001168,-0.16269067105589902,-0.1431921489877805,-1.665926828519284,-0.2355675326455852,-0.13202285985765339,-1.8794790098550598,-0.29624029982678357,0.005438374411961312,-0.9972081775827473,-0.07447331499168967,-0.011035548881934445,-1.3450831817426299,-0.24156376810021116,-0.05952707224438801,-1.0839019301833868,-0.3024859628226949,-0.07083999365289959,-0.8746132138602625,-0.3081608227031074,0.14916508871130485,-0.9013697046978953,-0.11150893589256818,0.1428457960373328,-1.1980965818670237,-0.26327069077257015,0.08559468209946636,-0.9590484181275178,-0.25754785454572765,0.07466016381922382,-0.7787014080582556,-0.21980972639070537,0.2836729584468658,-0.7515740320352994,-0.16277628657720875,0.2377517802094408,-0.9668143212967338,-0.26531384014852855,0.1710330701219028,-0.8208986985565563,-0.2638617066030942,0.1542917982253576,-0.6887169067471552,-0.24471306077892982
D,0.0,0.0,0.0,-0.17459864034880987,-0.2079889371285504,-0.1264039051491477,-0.28845676449544094,-0.51871813521327,-0.2106413551638471,-0.21991650238944505,-0.757227106570432,-0.2993061600446792,-0.04623031750087974,-0.8728411481619942,-0.3789599983678983,-0.1484472997861174,-1.0336487295702732,-0.058821178706358106,-0.1378018074593793,-1.4528496038952883,-0.1594828604974379,-0.13476194152949983,-1.698015976756105,-0.23436789323446883,-0.1245214342058919,-1.9101319294342507,-0.2962692749008796,0.01161608986153058,-0.9973182389884497,-0.07225923219427628,0.006648827557177685,-1.3590155298422255,-0.2267477983029301,-0.03467330748929305,-1.144144928922478,-0.2945656719262504,-0.05666521226727359,-0.9436622139988171,-0.31273460133478903,0.15769349725420703,-0.901586911341497,-0.10535276492617651,0.1689478737487342,-1.2221233645169027,-0.24758230403644577,0.11706156489914432,-1.0073896788049619,-0.2540720112041204,0.0888575679626643,-0.8099022184959168,-0.22940160219749028,0.29620587052787756,-0.7543411697733996,-0.15269125663622915,0.2697075530686892,-0.9967732575154978,-0.2533369627535996,0.20362707582623027,-0.8717635102641513,-0.2600499107034744,0.1683005407897118,-0.7265355934122781,-0.2487558462145121
D,0.0,0.0,0.0,-0.18330748211685152,-0.2136101851360074,-0.13228640876240402,-0.2966980347548554,-0.526580067841441,-0.21709470009445161,-0.2045525316386549,-0.7630259841012955,-0.3023404271600283,-0.030296967388379295,-0.8903862117462601,-0.37797619021105927,-0.15828169597480563,-1.0364740932526506,-0.08217602919252241,-0.1590058876416702,-1.4747180727520166,-0.18609486188099336,-0.15482980218575487,-1.7267280328120893,-0.2639552644381795,-0.14405514664663574,-1.947076491609502,-0.32966213850502424,0.014726095456284281,-0.9957628591256152,-0.09077152911895144,0.017998136251697338,-1.3569360753786996,-0.24097626203722508,-0.003678724330001539,-1.1073323489920484,-0.3012720293652489,-0.009315483757024463,-0.8954051618010607,-0.3173585959573472,0.16929779425709215,-0.8887676713661585,-0.11806304305072175,0.19278847979057218,-1.2026749200156535,-0.2509996182259283,0.14064367539829628,-0.9739854884426883,-0.24073341952702293,0.11599766995124387,-0.7850300487625358,-0.21023217150321633,0.3066104338005589,-0.7312697083681841,-0.16101728435866117,0.293749237722495,-0.9542644779558103,-0.257776146496174,0.22761331798916495,-0.8235314262889295,-0.2546591384350261,0.19665566056037628,-0.6893968724462496,-0.23853356613958096
D,0.0,0.0,0.0,-0.19013467407134807,-0.18795067018612371,-0.1435333783856572,-0.30318006857626684,-0.4994217130318236,-0.2295359328038209,-0.21384205807458276,-0.7390220013366958,-0.3130402121629962,-0.045463517158988206,-0.8725826797135028,-0.3868868094241381,-0.18052290135033724,-1.0237834734291382,-0.09843885869718841,-0.17029773023677466,-1.4642630036449988,-0.20224369497205147,-0.1604785808350079,-1.7247627684092648,-0.27968200177107544,-0.15055274158827328,-1.9502951411333562,-0.3462957233467334,-0.009533597169646905,-0.9944142967451861,-0.10511573123840051,-0.017993747152328217,-1.3886128090973942,-0.25758760245884216,-0.03550698070622064,-1.1541049826253482,-0.3205970115881412,-0.04946111197663931,-0.9369202034618174,-0.3382744751943099,0.1471282977152641,-0.8921527625036297,-0.1310583493529279,0.16373753265949278,-1.225612827974853,-0.27304884716745526,0.13667160145219964,-1.0051888796307251,-0.27508199133903105,0.11251822115331286,-0.8110709361045414,-0.2510985030215333,0.2919208791314876,-0.7405871495482959,-0.17247020197663862,0.28391668498241573,-0.9898959408811894,-0.2835323182157818,0.23271838400836503,-0.8634602886726706,-0.29110988941700905,0.1960339949107472,-0.7226477023426392,-0.28112350845837614
D,0.0,0.0,0.0,-0.17923596130082917,-0.21361740946454288,-0.1305416279026436,-0.2829904144238944,-0.530401963517683,-0.211959977571099,-0.18227249476201238,-0.7586427511505475,-0.2951699290240223,-0.01199175246195877,-0.8860453005349552,-0.3693435219727236,-0.1601647785787941,-1.0404884908021648,-0.08714867299755989,-0.15010856210086798,-1.488183787548268,-0.1909958030227842,-0.13933194495332427,-1.7478010803801383,-0.2674733561206593,-0.12436340627351566,-1.9669704509251926,-0.33197199898014274,0.008151996290399241,-0.9948729126919568,-0.10080393121452948,0.0032030016426086785,-1.392972503471955,-0.2571193133697147,-0.023678313257970863,-1.170438058302376,-0.322034384213983,-0.04491042328888939,-0.9494369883617028,-0.33957044049480767,0.16539685154499875,-0.8796060585534466,-0.1331143476343292,0.1898838815127329,-1.2327630861481416,-0.27952070098891507,0.15769865960396395,-1.0225461876041693,-0.2832222487383959,0.12890515821674642,-0.8179705276307468,-0.2576024247720591,0.3129008458864847,-0.7160749692002659,-0.179495145431029,0.31105321389264373,-0.9912422031970718,-0.291762962654172,0.25662635956559887,-0.8873960002842439,-0.29817720693846983,0.2125408602846644,-0.7458227782810016,-0.2854077960320323
D,0.0,0.0,0.0,-0.1771780441292769,-0.21137066771917984,-0.159303775446598,-0.2674474948235582,-0.5275896343757016,-0.2505552823888981,-0.1590125675671966,-0.763651806690688,-0.3373210253736972,0.02183511095817951,-0.8876683557703822,-0.4127795663540707,-0.16827861663295712,-1.0312524593500438,-0.0978253398417178,-0.15901872123024205,-1.469607962651843,-0.21051840535017868,-0.14383257481862993,-1.7292203401898079,-0.2961979071528978,-0.12495956375439138,-1.9571123624533933,-0.3674889140227619,0.005813433853063914,-0.995398483485939,-0.09564550726892035,0.0006626811359603812,-1.3690174515496771,-0.2553574984685112,-0.019205992609030876,-1.1302069165705282,-0.32271797272265773,-0.03142197099070912,-0.9231405310295342,-0.3414117070701724,0.16556936391615004,-0.8943020045333698,-0.11607076274286347,0.18907088682703554,-1.2257793205812368,-0.26818913374437753,0.15697338038200445,-0.9917634463509619,-0.2721003506955358,0.13079843274804312,-0.787988039806671,-0.24429040897741713,0.3151140422696956,-0.7475951220802473,-0.15334208959466428,0.3161456696922472,-1.0025947137993478,-0.27358933203043145,0.2605195642189307,-0.8697819820144296,-0.2836480583639874,0.22042475728004174,-0.7236658512136696,-0.27096118801126506
D,0.0,0.0,0.0,-0.1764581827865955,-0.22129843931064863,-0.18690632545887018,-0.267295556255218,-0.5359012985176752,-0.2907756924295446,-0.15750632961275296,-0.7669085879250663,-0.3869200599983242,0.025713134174503566,-0.8968492971951967,-0.471890144065262,-0.1613980321074797,-1.0377741005486334,-0.11740727529216848,-0.16417718066390644,-1.4839182931088821,-0.2396396175622454,-0.15275645109024205,-1.7505384899884888,-0.329104049154496,-0.13210879176898827,-1.9795068426054379,-0.4019780442721581,0.015949774525507686,-0.9941220124956215,-0.10708421435599642,0.013559740311320529,-1.3818671865970755,-0.2882492795086619,-0.016291926791959743,-1.140000476236147,-0.36586218135434295,-0.031549010699601254,-0.9225341982169946,-0.38551605466557193,0.17834407352648013,-0.8896023221071496,-0.1225118852085745,0.20104241015712304,-1.2230990307336977,-0.29730869720913417,0.15646533693279588,-0.9900122717918811,-0.31434223344790546,0.12639227718651722,-0.7812272689254534,-0.28859621883194647,0.3302976967496876,-0.7433646543940824,-0.1564684710167419,0.32562217484717365,-0.9985395225174694,-0.29246777725175394,0.26307707598313634,-0.868981218721609,-0.3131119947839712,0.22045340148263837,-0.7227100066686934,-0.3050168021440325
D,0.0,0.0,0.0,-0.17955530820466234,-0.21311525393318143,-0.14500158040957942,-0.28262038338065654,-0.5297135647170158,-0.23303301029585002,-0.1825881214965243,-0.7589701050419192,-0.32137401604246085,-0.008709674196649999,-0.8880940568558682,-0.4001725539030173,-0.16253368322483597,-1.0386137643300497,-0.08819345397125783,-0.1536193592468248,-1.4857218573664648,-0.19716586222584737,-0.13714250233819078,-1.749383815748945,-0.2786368023744242,-0.11437814265189916,-1.9730297824046392,-0.3467868677561222,0.009978089407187446,-0.9953228248562831,-0.09608804323062799,0.009084245311626181,-1.390146964188289,-0.257879095809464,-0.02493282050091642,-1.161463718873798,-0.32654342128568853,-0.046611089327337804,-0.9433966292881795,-0.3451755091240917,0.16844454771800868,-0.8850181086269248,-0.12500332608249623,0.19522045655288073,-1.2406385160377629,-0.2768602768986486,0.1481975870594102,-1.0256402084934575,-0.28115654419422714,0.11396140127894552,-0.8212095471002205,-0.25375212969664784,0.31658866399279384,-0.7264623485933277,-0.16938501616073404,0.32007336053925733,-1.0015425244740552,-0.28385297732778614,0.2581382058326364,-0.8907758647651531,-0.2904431309479298,0.21215911912975802,-0.7471340436803134,-0.2770211715920757
D,0.0,0.0,0.0,-0.181641842173426,-0.21811117812377004,-0.1293043731282002,-0.2930163804049764,-0.5384883639743421,-0.21499735279818735,-0.20168904944837085,-0.7803829195417429,-0.3021218940612618,-0.02466987419158852,-0.9009545820577085,-0.3794491370909176,-0.16035488093443948,-1.034783730775713,-0.09237781502159553,-0.15084614130514012,-1.5038634797293964,-0.19635030104065143,-0.1407147299373636,-1.761145125918583,-0.27120636800990944,-0.11782455665718565,-1.9823611387275473,-0.3351545878661303,0.011999566321030958,-0.9949981368142512,-0.09917014744506532,0.002474477366461899,-1.395371872520405,-0.2411119763398916,-0.03364104241650686,-1.1581339401605926,-0.29234588837859504,-0.04597570003665548,-0.9483410751535349,-0.3071941674228225,0.17003521861015938,-0.8931778927422388,-0.12429085078752054,0.19061608463044633,-1.2601841926889634,-0.24734293826103168,0.14455318819235238,-1.0452637880114206,-0.230204303899133,0.1183593333051103,-0.8427152112148959,-0.1986828047791302,0.31451574313464636,-0.7459428562543625,-0.16550101071731482,0.3023387097786365,-1.0248643016851515,-0.2586187674632323,0.24843708043174165,-0.9191844989469047,-0.2561370411972117,0.21940878354645837,-0.7798482826316411,-0.24204233329698627
D,0.0,0.0,0.0,-0.1773961754316293,-0.21365416790084768,-0.12868271066117978,-0.29321850644891684,-0.5305616181123322,-0.21491783544829957,-0.20519435382114232,-0.7783910268704106,-0.3043160265394477,-0.02560139812667706,-0.8940621784041121,-0.3836359695546344,-0.17042442846614592,-1.0335879609909122,-0.07221995307487554,-0.14841649209147117,-1.4743299836757864,-0.17165555513820704,-0.13340389481693807,-1.720064302406625,-0.2436076507718912,-0.11666500410292668,-1.9293344008704563,-0.3037320873099101,-0.0030238608456837064,-0.9967470800912575,-0.08053641781913569,-0.015213401593090063,-1.3585734123441842,-0.22356589510246577,-0.03970379999913524,-1.123852281715377,-0.2781841612987839,-0.05291959860417678,-0.9208308448484508,-0.29133486120467145,0.1502241377194263,-0.8986111216097747,-0.10849068224610231,0.16427013540787386,-1.2396272928763672,-0.23803565295101464,0.13134934529695577,-1.0144186736461556,-0.23025440086506901,0.10654072424698541,-0.8108359066787393,-0.2002579677043039,0.28974070039153244,-0.7569699109486154,-0.15177746990297347,0.2707075423754937,-1.0168703574328857,-0.25017995849195335,0.22736174048523167,-0.902215837081183,-0.25366240840342996,0.20112294796183866,-0.7616533564392264,-0.24030592135744133
D,0.0,0.0,0.0,-0.18101491900080074,-0.2038431899151143,-0.13985068722148275,-0.2956575848935697,-0.5164078022443898,-0.22558420862555026,-0.21050295123943938,-0.7829420843203893,-0.3093494872902062,-0.034557590011419295,-0.9171154044549834,-0.3825741449179288,-0.16991471286002027,-1.0135330275757666,-0.0816521988322821,-0.15139378909417572,-1.4541810797251502,-0.18501250292766508,-0.13879619934622672,-1.7196213129072302,-0.25957775371597536,-0.12148709152084478,-1.9503651442691845,-0.32126671102695875,-0.0025964497953788013,-0.9969104528524799,-0.0785035505052063,-0.02352010004927117,-1.3818450755063265,-0.213757121974421,-0.05700022611178689,-1.1630690240895665,-0.25974853335462333,-0.0716687040781757,-0.9706435235483982,-0.26696453491993505,0.15486101818754308,-0.9127506371607443,-0.09627296023942813,0.15598517084720628,-1.2711847475874252,-0.2278068525751196,0.12017813518814495,-1.0338592017012216,-0.21486582206451563,0.10373395315074588,-0.8264682272455188,-0.17883194547157327,0.30178188942166045,-0.7788340352506853,-0.1295663140377446,0.28098827071146576,-1.0567188307048512,-0.23922644085558525,0.23112305518875123,-0.9126633919878026,-0.2421962958100767,0.21021292375558626,-0.7519137427345404,-0.22412860096181517
D,0.0,0.0,0.0,-0.18993222915623512,-0.18966728917003964,-0.13112512307815977,-0.30905590455596915,-0.5139077201644896,-0.21271653474926927,-0.22240865997694637,-0.758084160459352,-0.2963599778962346,-0.04504962035096977,-0.8857538557433587,-0.36950623139447414,-0.16707549365303984,-1.023632062503697,-0.07498768927041237,-0.15525183053068964,-1.4501865316892866,-0.1723293533778174,-0.1464770236449495,-1.7018047569311063,-0.242381286555822,-0.13381379271876462,-1.9143515648060379,-0.3019630425038788,-0.004431946648582135,-0.9962834891809927,-0.08602073607131545,-0.014166103680010563,-1.3621140409538353,-0.23407911173222193,-0.039493520516882596,-1.1587918376652033,-0.29546348619474794,-0.05586795764516623,-0.9571040221389927,-0.3113172180231801,0.1460250431226706,-0.8997260975694127,-0.11616442965904097,0.16118092002608397,-1.2334383377098874,-0.2556997221170234,0.1321452983669774,-1.0309207770775795,-0.2614926069477844,0.11326116196678226,-0.8328515342567494,-0.23883863511837028,0.2899744956428808,-0.7519389716137345,-0.16096009234559114,0.26804914288209364,-0.9953740710821364,-0.2678573228558566,0.2178136838311945,-0.8948248442511537,-0.2796886940674035,0.18648337083954003,-0.7588817089450878,-0.27161494812608256
D,0.0,0.0,0.0,-0.19048919134638304,-0.1872451879834696,-0.12698175471157122,-0.3164455734302193,-0.5135968736038264,-0.20938082902638264,-0.23277126542958157,-0.7633687766830443,-0.293698540939977,-0.05437230254226205,-0.8870507473087205,-0.3679196320072563,-0.17944938791057882,-1.0236527699963156,-0.07357963545348313,-0.1690674687352563,-1.4483202366895505,-0.18028653291704388,-0.15880517716842488,-1.6940472397049398,-0.257117026539368,-0.1488628387646426,-1.9107354180006337,-0.32062820250815677,-0.009163204465541816,-0.9965160918378487,-0.08289580443027779,-0.031506127248269664,-1.3504637715643026,-0.22981614766065864,-0.060793128565919306,-1.0911905977496716,-0.2779353393829192,-0.06501686176650916,-0.8888972028250919,-0.28381162323617365,0.14578293474264242,-0.9031541103084539,-0.1123201831873112,0.14565398023586215,-1.2295436442117231,-0.24643999213665765,0.09779374511356415,-0.9835438632144863,-0.2262304452685763,0.0867466423660554,-0.79260495316364,-0.18589978810061172,0.28797487847152764,-0.7601935760915681,-0.15704669031206547,0.26086226100719795,-1.0068630013514772,-0.25837063263495863,0.1990078936229015,-0.8698860103181709,-0.25273710158554485,0.17904454645585463,-0.7337473587513753,-0.23150639452724187
D,0.0,0.0,0.0,-0.17828779027676597,-0.1968707058547316,-0.12883128376397726,-0.2913699150096921,-0.5232291307167021,-0.21008064485862651,-0.2131683758237234,-0.7670462219700791,-0.29589461117208765,-0.04235568415154861,-0.8976860501220179,-0.3713792418985967,-0.16565817185677076,-1.0388064969277462,-0.0533240628305662,-0.16257153672459226,-1.4692674693535588,-0.15417855281001971,-0.15672726373747473,-1.7166662727116757,-0.2285709998779204,-0.1454502049553741,-1.9278300061202598,-0.28892087939606853,0.0029422777811122856,-0.9980342066926067,-0.06260243823460862,-0.004220596495601423,-1.348938330630726,-0.21144190030838297,-0.028080804378973097,-1.1098195899633838,-0.2727474254905894,-0.03969057248448345,-0.899900079437799,-0.2855583326839653,0.15724571285258965,-0.8957431376598582,-0.09269723818209229,0.17712523240951278,-1.2272272108670195,-0.23128759900019916,0.13084289082577186,-1.0048709708391022,-0.22833263839467177,0.10229588094445065,-0.8024838894089606,-0.19596727346525578,0.2995955343566361,-0.7505102936302324,-0.1377285944283525,0.28798040440665756,-1.0026464928007677,-0.24091970576690036,0.23087978545082358,-0.8968650005024299,-0.24329558716986502,0.19622384743876348,-0.762845835503627,-0.22549383390055588
D,0.0,0.0,0.0,-0.17885542767392693,-0.20582426206006013,-0.13448242645172603,-0.2971534849459579,-0.5293517668136652,-0.21367392800005594,-0.20827816869666183,-0.7861392061648366,-0.29420677095644154,-0.035990537650441676,-0.9270236133999029,-0.36524661462635566,-0.19883034211011638,-1.0157448889983314,-0.06689149225937209,-0.20035721425001132,-1.4496238231355056,-0.1598245814488033,-0.1905415877036045,-1.7015870274289353,-0.22662281324284067,-0.17069811012712272,-1.9187437420458928,-0.28472571888983467,-0.024192753960715126,-0.9971414107554186,-0.07158014817314653,-0.054559552088314256,-1.389080266161541,-0.21079564216090552,-0.09009620003108178,-1.1781517331865912,-0.26551373472888307,-0.10742842431561168,-0.9850305226992547,-0.2789795421648759,0.13659108221043248,-0.9093845635798133,-0.09617378804420942,0.14412595832288858,-1.2675064730557974,-0.2361308991646157,0.10434412305888338,-1.0308411518425051,-0.234550186049944,0.07720338823627476,-0.8158073797101042,-0.20506371489379988,0.2866587679577281,-0.7759549424811181,-0.13513865148443585,0.25447822488390814,-1.0452916718132956,-0.24709722611655244,0.20772716640474506,-0.9169359041821267,-0.25547290744832746,0.18363040879167206,-0.7663354945172473,-0.24283135353581192
D,0.0,0.0,0.0,-0.17890472157775325,-0.22214678306604044,-0.13068108563734374,-0.2951899353112685,-0.5419619945573131,-0.2106175528085855,-0.20210066388823092,-0.7988218145908434,-0.29335691809879866,-0.021465185248430625,-0.9337539137554601,-0.36758744282907635,-0.1767684567863375,-1.0131656331079915,-0.06650607219088417,-0.18429362814566944,-1.456868167856511,-0.16304685806228406,-0.1896632650087908,-1.7109888767135844,-0.23734858927469596,-0.18127334806494322,-1.9282749119088225,-0.3009058249521753,-0.007602109523731748,-0.9972814888563073,-0.07329283672594632,-0.058366247966201344,-1.404209550188628,-0.20870600160930736,-0.09974927523351529,-1.2361912272365,-0.2704263561935885,-0.1196139497457384,-1.0684995046824275,-0.29509579797436325,0.15105226213634265,-0.910249374858706,-0.09980199027735712,0.14397451363067765,-1.2903534444974982,-0.2379519631151605,0.11278206579468196,-1.0611263811397613,-0.24489005900660527,0.09693533571435126,-0.8388757948464319,-0.22562529471090093,0.3026963995849237,-0.7755094101229196,-0.14035779162259351,0.2639496648502346,-1.0688131648407668,-0.2516051115814193,0.22318931629187488,-0.9439345066974322,-0.2634560503576327,0.20938714408671005,-0.7852894182528064,-0.256587719236832
D,0.0,0.0,0.0,-0.17581825760590508,-0.2319350355414822,-0.12855739522717752,-0.2861916132433354,-0.5597796597124031,-0.20519918657730898,-0.19166686096316823,-0.8227286912924386,-0.285928536326063,-0.011131794507389348,-0.9494692680025123,-0.35840345274354823,-0.1737833290254635,-1.0216837513909591,-0.056412663994298506,-0.1747771678733789,-1.4768810724931345,-0.15157694486375917,-0.17716583570477346,-1.736357806437908,-0.22648729820952893,-0.16153378700598311,-1.9582328288667363,-0.29150176745950657,-0.0012650674906961323,-0.9980491729628825,-0.06241993233214982,-0.03270846129634658,-1.4075538893830468,-0.20273864315557757,-0.06758903576561488,-1.2032559105255811,-0.2686190098476326,-0.07673058304266284,-1.0009787278087487,-0.29390244429594,0.15853399821682845,-0.9121450662137071,-0.08806780350320931,0.16135934416309994,-1.2998852543218093,-0.22194519986238315,0.12713057494800886,-1.0876742511871749,-0.23078802090858952,0.10913298422841898,-0.866896991002022,-0.21331040404759372,0.31063559504223653,-0.7802648494748562,-0.1285253117337749,0.2769030314915169,-1.0793846473522928,-0.23375870615061423,0.2363714796258711,-0.9745302235877809,-0.24799995860758783,0.22043579759908363,-0.8188766735572836,-0.2438931465441258
D,0.0,0.0,0.0,-0.18269671363779874,-0.220117449258016,-0.12813629594960954,-0.29427758801301385,-0.535032536264357,-0.21104241177543745,-0.20741995334197433,-0.7856000248270508,-0.2976807196584903,-0.0318665233428457,-0.923792455552907,-0.3762272532856107,-0.17974046890208387,-1.022329250489712,-0.07324747783227332,-0.18264824829971144,-1.4710086706170138,-0.17376809360465983,-0.17531096242108138,-1.7220622214366879,-0.2496242374174919,-0.15845925441538197,-1.9422671619009604,-0.314739145011017,-0.006520278624071105,-0.9964448150979911,-0.08399533576928406,-0.03516329343366816,-1.3838877170015407,-0.22806940157982253,-0.05978002210414025,-1.150990634350434,-0.287205444026318,-0.06545610216478365,-0.9485137228305325,-0.3068269672368485,0.1519594044948651,-0.904475073472016,-0.1136433283225661,0.15732271405971252,-1.2745053937915942,-0.24740141836127702,0.1179164493416337,-1.038544569157794,-0.2391822640943033,0.09908033933895845,-0.8308074778040915,-0.2109166519719195,0.295092481953412,-0.7628142715454816,-0.15832552587041962,0.26553172524759194,-1.0455154063609442,-0.25979810161748246,0.21953924650362558,-0.9185700335987785,-0.25996954422877605,0.20279193621746888,-0.7685751659477779,-0.2464047617921001
D,0.0,0.0,0.0,-0.17776586387196405,-0.18967071882069422,-0.17386770854380817,-0.2861453989313741,-0.5153215569764371,-0.2709838841858872,-0.19697861489371826,-0.7764672422392812,-0.3642664689564723,-0.02416939700392693,-0.9324570005482761,-0.4479435723247546,-0.16800044651754176,-1.0336858566668312,-0.10355060358183717,-0.17805051884664339,-1.4983706511167467,-0.2121788559253733,-0.17140710966835798,-1.7672823079964834,-0.29375358158739734,-0.15451305588650457,-1.9920158047598073,-0.3619178464500027,0.0122912558297436,-0.995397280964989,-0.09504303276744983,0.008151058705715239,-1.3984225964073385,-0.25712624136951556,-0.01588462344856745,-1.1744800025428928,-0.3353628582871253,-0.028537318107698762,-0.95870102139843,-0.3616459644549564,0.17311985675446703,-0.891751047215311,-0.10899123600941982,0.1958513811939881,-1.2583755603571276,-0.26906428781817787,0.1591758503486622,-1.0374637391000112,-0.29161600519869313,0.13020381300270956,-0.8210147239382265,-0.27558420053052546,0.3197720560325192,-0.7446915723581022,-0.1398010770356459,0.3052739212760052,-1.0138391279245476,-0.2678655984209577,0.25957263807969305,-0.900592284751941,-0.29331853390109575,0.22993961728484397,-0.7486347006535065,-0.29212099407204256
D,0.0,0.0,0.0,-0.17731669695594243,-0.1992532395190267,-0.15874788677628404,-0.29104191002827845,-0.5094409757427568,-0.2552393160568418,-0.22604170218568892,-0.7632349135872464,-0.3522385549699819,-0.0608315231706588,-0.9165113237124454,-0.44028182628375623,-0.1749419005166201,-1.027430873743844,-0.09339326133237845,-0.1764805455589455,-1.4852144219288506,-0.2034737586594018,-0.1695517564560546,-1.749474767755069,-0.2834315084815512,-0.15347474098251349,-1.9774805203002217,-0.3502263231468119,0.0031678324325552514,-0.9954817846826534,-0.09489984827553014,-0.015992653000176174,-1.4054020608411437,-0.26076818392901807,-0.04186361987474,-1.1672480919940407,-0.33296941871976515,-0.05115843861818789,-0.9464739424042149,-0.353375723744258,0.1654093721804199,-0.8999509845627096,-0.11850157959098721,0.16761055726058577,-1.2667426349000237,-0.27721063837896237,0.13112716490354553,-1.0346216607836076,-0.2878465976859933,0.109767793878849,-0.8221342917972269,-0.2637346853907469,0.3126240439724225,-0.760290993818239,-0.15834565598866884,0.2870393633788517,-1.039462945754257,-0.2776932793945975,0.23759088167394496,-0.9167424222766205,-0.2913206932032857,0.21239797638257665,-0.763442729833389,-0.2834006270736052
D,0.0,0.0,0.0,-0.17465581121837107,-0.2028877345451636,-0.19159162739164892,-0.28086552206242676,-0.5203443090653229,-0.2989335375107025,-0.20210453242398677,-0.7754778681134024,-0.40149461211828924,-0.03033963075517127,-0.9385125358178295,-0.49459028640939445,-0.1660552177012646,-1.0257134806984758,-0.10456717277076244,-0.18025584399196395,-1.4746941275021626,-0.217923123156052,-0.1746605912572094,-1.7465598503796518,-0.3034358814412137,-0.1569709711635165,-1.9756413286608776,-0.3747645262971175,0.010344004046139957,-0.9955450622435137,-0.09371782446713114,-0.016427400141050978,-1.4024602084726274,-0.27153663627158414,-0.04227118709428291,-1.1818987872965654,-0.359914828672038,-0.05306219719663734,-0.9622096507836672,-0.388699969069536,0.16873102550309543,-0.903288864167182,-0.10885135500444403,0.17381090314128128,-1.2650381476612513,-0.28480361596115344,0.14093292691329654,-1.044184709567066,-0.3222831038193369,0.1166361343477414,-0.8215814875587295,-0.3115893240524439,0.3166740966472914,-0.7694303947346096,-0.14212650900499524,0.29252389193944495,-1.050756538721457,-0.2789982044733819,0.24399664795342416,-0.9379670319916131,-0.31418043101455617,0.21309500051059505,-0.782010008460469,-0.31891462493493394
D,0.0,0.0,0.0,-0.17508456033085573,-0.19945872658733146,-0.1619746030366152,-0.2847663518847619,-0.5081261822718357,-0.2574121999489118,-0.20798080760936669,-0.7677142776703557,-0.35193256803454037,-0.03659161292168837,-0.930669220946532,-0.43693090556154524,-0.180673045401071,-1.0211047331256058,-0.09501380979781504,-0.18342967773166807,-1.468655731599454,-0.20156014041735865,-0.17408669421118375,-1.7330976449134154,-0.28026866039003895,-0.15365080189368358,-1.9612743352114985,-0.3469663180722818,-0.003126502241621493,-0.9955915356658618,-0.0937428348953897,-0.03367265523829059,-1.4006872077147987,-0.2559999874962148,-0.056346318490828586,-1.177837687655592,-0.3265797393273624,-0.06540407317710602,-0.9602428711599043,-0.3467109455083222,0.15910986148171044,-0.9025904133124332,-0.11461010321462389,0.1598496013037592,-1.2693401991626287,-0.2700952812366337,0.12751120249214984,-1.0375230729612894,-0.2799782139552063,0.10665993119150081,-0.8227222816006831,-0.2561613164322293,0.30811410015147483,-0.7632796070051816,-0.1522310962014303,0.2818452202011034,-1.0436934654346248,-0.27004154719685614,0.23462100680426964,-0.9189722299437365,-0.28372320115433475,0.20846778366776872,-0.7635920833093229,-0.2757957092036073
D,0.0,0.0,0.0,-0.1765648132075024,-0.2110616335148258,-0.1530661160338369,-0.27864965687870846,-0.5366866000215119,-0.23782644346420595,-0.1790128620431409,-0.7971775554009558,-0.32303086245820245,0.0018312004539652214,-0.9441436822556807,-0.39906658877414336,-0.16904641903229062,-1.032735094845488,-0.07224113328438433,-0.17478015637111213,-1.4746964152760313,-0.1754401784351434,-0.16830681185926336,-1.7338943307797205,-0.2551445417765258,-0.15041500891703016,-1.9604333170750778,-0.32334535913664453,0.011524199711562544,-0.9972112605266121,-0.07373530158569487,-0.016977948100909638,-1.3993801151114347,-0.2367061785875978,-0.04821424254830146,-1.1712343558681064,-0.3120728585819991,-0.058477401121192166,-0.9507616028796216,-0.3350802414421363,0.17373161593643102,-0.8940548955095473,-0.0974117398579219,0.18282565701536047,-1.2628086325492498,-0.2543002660072567,0.14006283567552735,-1.0448227632273177,-0.2680775586125607,0.11383317999115307,-0.8314130042058347,-0.24592319663108858,0.32131706380251285,-0.7404097595328142,-0.13723414088580538,0.3059780328354619,-1.0171709091284182,-0.2563136956326883,0.246906909692579,-0.9000846211663847,-0.27196295071953686,0.209370936606415,-0.7414194651365812,-0.26486301275608504
D,0.0,0.0,0.0,-0.17540056089685607,-0.21898500235229182,-0.1476668642169603,-0.28280119996043596,-0.5393035053885372,-0.23128794297756544,-0.1890206083794757,-0.7922105178064799,-0.3168426208242371,-0.012662344919701038,-0.9362043406650844,-0.39349298816196504,-0.1710428405289447,-1.036845620421608,-0.06856114459255827,-0.17837485269859257,-1.4837322760437643,-0.16906537705442604,-0.17268856610902655,-1.7402199611636953,-0.24863779754328688,-0.15565880220114275,-1.9645257424012952,-0.31676539375088203,0.007069570400214456,-0.9973644191186044,-0.07220967144756472,-0.01719116631986299,-1.394467622621113,-0.23175908602724188,-0.045598280339251285,-1.173099365281534,-0.30904909184742096,-0.05753858469307596,-0.9581924156200738,-0.3353006513226102,0.167902514138383,-0.8927617596255586,-0.09738773298590478,0.1788292402960837,-1.2617354902083884,-0.24972737239079118,0.13914653930027737,-1.0502106086666427,-0.2675881234926373,0.11058106273496512,-0.8378241422315337,-0.25009103446208686,0.31542142357682335,-0.7411008155536006,-0.13838461512292588,0.29941927915112804,-1.0197696795007902,-0.2537574205301677,0.245355985136793,-0.9146542959330985,-0.2714655993071474,0.20911846567022832,-0.7635697683674195,-0.26731428222549686
D,0.0,0.0,0.0,-0.18136257026662242,-0.19495937633555951,-0.14353601457540147,-0.2894087768953244,-0.509460021980574,-0.22237259327276315,-0.19273416088855974,-0.757913846639379,-0.29992899885626084,-0.02347085087439227,-0.9041894635342187,-0.36728869409473885,-0.18802877378504726,-1.0195590082886927,-0.06988876763849797,-0.18926878807676895,-1.4460203397387683,-0.16958462188164358,-0.17566926361951493,-1.7011061734524329,-0.24571315823341375,-0.1541665258865699,-1.9216590327186882,-0.3102723590973246,-0.01386149124716315,-0.9972625011672082,-0.07263169298680097,-0.03679696269619226,-1.3818145830084576,-0.2200270891427398,-0.0616550500506276,-1.160435905986137,-0.28055016295310947,-0.07287369556147105,-0.9514699623111326,-0.2939080369962966,0.14599576597126665,-0.9006710106137135,-0.09735972692123229,0.15601774833038978,-1.2358105187991708,-0.24265684921091785,0.1132492018672794,-1.0086348071544922,-0.24345998988549725,0.08867726065146679,-0.8054953711541241,-0.21224600661583976,0.2958868393276048,-0.7530716816816049,-0.13747669124872813,0.2793759209829336,-1.008806208691527,-0.2501595830814726,0.21632505006810424,-0.8878819950941084,-0.2563359580629763,0.17840410533940182,-0.7452816392037392,-0.24074986403833387
D,0.0,0.0,0.0,-0.17374020964616532,-0.193107108432678,-0.1790208970543384,-0.2768806770325682,-0.503947795866478,-0.278705758524428,-0.18318494780079178,-0.7571885481275511,-0.3726351118854868,-0.009159860031165312,-0.9161257436399699,-0.45624673172113084,-0.172635121748909,-1.0276068823522857,-0.10190188741547733,-0.18078062311619886,-1.4753550656191177,-0.2123790969497485,-0.17150494473888497,-1.7463662030664566,-0.29593315404628817,-0.15132250392048738,-1.9715339885436909,-0.3659851841996343,0.008326376366312796,-0.9957725907903777,-0.09147468987225672,-0.018633917439665647,-1.4016995569444104,-0.2538948687012945,-0.05049504851755778,-1.1749173162339617,-0.3269168408118838,-0.061372345837832916,-0.9547769805279573,-0.3490207138275635,0.17187530088607791,-0.8931038570707814,-0.10581785849437439,0.18349972864586558,-1.2428227503429556,-0.2632414384088706,0.14295338854230868,-1.0261409196585918,-0.28054554170501406,0.11568910804442394,-0.8141209962071094,-0.2614852552152322,0.3225173355562088,-0.7453727429494424,-0.13832949228422642,0.3092982904663253,-1.0069349121010487,-0.2619720131763125,0.25406139963567237,-0.8916918651429249,-0.2843060824483092,0.21685016112700312,-0.741742990146469,-0.2817852830163615
D,0.0,0.0,0.0,-0.18326251807533814,-0.1862781544491277,-0.15958432362929287,-0.29286687135058476,-0.4977188415275513,-0.2485224264876278,-0.20208212961680383,-0.7512244698320478,-0.3339846779921189,-0.036080100817013065,-0.9062711937122163,-0.40960776003345606,-0.19076929033856277,-1.0180822020925822,-0.0878934945360365,-0.18589931585430428,-1.4447043146750187,-0.1923134093949166,-0.16989766056293298,-1.7082403252089449,-0.2693949801714603,-0.1477771967507334,-1.9323336438481638,-0.3350280058590408,-0.011175883474068084,-0.996091882526041,-0.0876131336861184,-0.026492904671351427,-1.4013787445735364,-0.24764933323602512,-0.04772177895204615,-1.1754074647592134,-0.3155894845168125,-0.05739767028517219,-0.9517425496725187,-0.3305485003434522,0.1533867325775259,-0.8948773403656867,-0.10980637791409377,0.16390435863090233,-1.2305242774294922,-0.26527880608556653,0.12775092486477654,-1.0137515001451782,-0.2767536372686905,0.10493220384146017,-0.8118519782672716,-0.2510837355316748,0.30736128816216884,-0.7423679944955291,-0.14798508186612158,0.28929297703216633,-0.995556233158609,-0.26721761839112257,0.23213646490376005,-0.8762658436758531,-0.28140647520945467,0.19568680080564532,-0.7312384875900699,-0.271619533733527
D,0.0,0.0,0.0,-0.1781700773854017,-0.19456966686992622,-0.17757092576919684,-0.2905136255550604,-0.5092812396526354,-0.2786184111726739,-0.203222340327023,-0.7717651734492618,-0.3763744006082777,-0.020541900476548632,-0.9241517490633289,-0.4644014571381133,-0.18062026546569265,-1.0315254968658354,-0.09580780093488032,-0.18088911844400285,-1.4746765685223993,-0.20755888498923314,-0.1717660996723294,-1.7387806952672635,-0.2932132845059879,-0.1542638297433209,-1.971346775763705,-0.3658466102851867,0.0019285484474840153,-0.9959301879633736,-0.0901073881772462,-0.020051066914173077,-1.4047736149820143,-0.26165710836922507,-0.04788118250340091,-1.1724074054497113,-0.34386695807416306,-0.05695408613657357,-0.949581349518368,-0.3714341534330944,0.16828751947050863,-0.8948485431971096,-0.10868643344605769,0.1821611585771263,-1.2465828219447566,-0.27387643201418443,0.13915617904985395,-1.031022576711233,-0.29563539336897177,0.10966076688773753,-0.8200973921991699,-0.2785170938393592,0.3234018325936815,-0.7447761078020504,-0.14532964620963468,0.31311643740372164,-1.0104871617231965,-0.27047377993212907,0.2491798384993238,-0.8879096600792743,-0.29213759622249796,0.20387988042364683,-0.7298951544115665,-0.2900563992741025
D,0.0,0.0,0.0,-0.18046180896937875,-0.20690426218473418,-0.16763921493958456,-0.2837099989606438,-0.5174197696214733,-0.2643038596523677,-0.19996310389399682,-0.7698664857289845,-0.35837781506521443,-0.02891008325186359,-0.9150926001027683,-0.4424106430028938,-0.1753005523671918,-1.0253098757125199,-0.08966535502309761,-0.18299560529009273,-1.4500281032544227,-0.19829543645683506,-0.17404640052565368,-1.7150567249897524,-0.27906901993124805,-0.1553750484949163,-1.9395017836911093,-0.3465017547441242,0.0017902133172578041,-0.9962431129911299,-0.0865820706267845,-0.001973244726814242,-1.3900061175875338,-0.2530809228558127,-0.02281533781752574,-1.1578014150667892,-0.32780061356378765,-0.03422314994335399,-0.9388629093122519,-0.3467978202225323,0.16202117963096954,-0.8980523472296508,-0.10687524851015841,0.17279969597151534,-1.231976684002853,-0.2649219128980178,0.13728014515233594,-1.0242672554765488,-0.2843137183761524,0.11020381320560586,-0.8241832763793708,-0.2636380972218127,0.30747500913870845,-0.7565278211276947,-0.14433843392788462,0.2934921541773366,-1.0224420971953383,-0.2610569318567241,0.23775235876532838,-0.925520807501393,-0.2791964652173037,0.19548069618171404,-0.7885036088810959,-0.2732361469009587
D,0.0,0.0,0.0,-0.1938106205083032,-0.1927404502182133,-0.1486862351201188,-0.30219320813304695,-0.5108837633857579,-0.23499426404764062,-0.21707641368042793,-0.7629514458483911,-0.3198226946530747,-0.04767481121049064,-0.9007750276621027,-0.39536555721838834,-0.1949888596980252,-1.0164707097708823,-0.09136474364138703,-0.19248367851268747,-1.4549840451859595,-0.19702216682985033,-0.18125762531077333,-1.7199663934302245,-0.27618218552326596,-0.16384397919152494,-1.9494530072688017,-0.344281928706803,-0.01896565960983123,-0.9952108194677952,-0.09589436151204923,-0.03482642768729976,-1.406192522012604,-0.24963392560519973,-0.055188337480377436,-1.1721694639512044,-0.3138027886450029,-0.06209494880993048,-0.9573846873104412,-0.3312679115834427,0.1428394196753018,-0.9008882838689172,-0.12103954489470888,0.15194602561763162,-1.2494410326579992,-0.26698523398084373,0.11713977079159651,-1.031936377951296,-0.27067567883437954,0.09542483837512522,-0.8334959416908884,-0.2449404752826953,0.2903471276309771,-0.7589546256643983,-0.1622144350621869,0.28026069699864975,-1.0341337789104816,-0.2747671133400002,0.2217130017502426,-0.9229501894991405,-0.2834947036398371,0.182873327406206,-0.7809124969672425,-0.27318024762928605
E,0.0,0.0,0.0,-0.1771977254356389,-0.2157838757937125,-0.16018366600930029,-0.28822567116865416,-0.5301032171829647,-0.25791506201014375,-0.20339722640742744,-0.7825622587528742,-0.3542194839796281,-0.01995907656848255,-0.9101430242714823,-0.4402621822443376,-0.17842016394972937,-1.0287576132577505,-0.08442351296757807,-0.17070442728355886,-1.459361831140307,-0.19876647774462602,-0.16261605723972303,-1.7118022051421637,-0.2821862211516836,-0.14429800349974112,-1.929252663972941,-0.3501789247738127,-0.008093970314251603,-0.9965402627325138,-0.08271633694479102,-0.022013945021041547,-1.3876281109812678,-0.2455472237885886,-0.05020168558710906,-1.1474819101054972,-0.31396463253349893,-0.05941973069148168,-0.9404715041031507,-0.33086739742173926,0.15112372795983472,-0.8982371365608903,-0.10510217941052659,0.16237739956200445,-1.2443826711263386,-0.26239068324909265,0.12206607872251617,-1.0114186016637887,-0.2731524105843224,0.09652942001327215,-0.8012418889263672,-0.24637049943887748,0.29922646902204986,-0.755711690446082,-0.14409523787818515,0.2829500728403128,-1.026114860008212,-0.26548872771368315,0.2279430680431105,-0.9038672750855536,-0.28160106469157337,0.19316136805415626,-0.7569762027866295,-0.27214804157433864
E,0.0,0.0,0.0,-0.25734700722340875,-0.0376505651097775,-0.14667842673896528,-0.4492541427134995,-0.3252968770111538,-0.22185188602782624,-0.35669354439955103,-0.5273384973650175,-0.2981484576446028,-0.14695151625813554,-0.5196536897784668,-0.3554970808402845,-0.33634092787997005,-0.9569591185384214,-0.03185316584105249,-0.34554489789735504,-1.3369381172457853,-0.16559917695248122,-0.35426942173730214,-1.2775768266892624,-0.2760526858081447,-0.3474479738461627,-1.0611084375961435,-0.3377312005067224,-0.16816422385958454,-0.9854340911393018,-0.025307031318624534,-0.18184961161792396,-1.4365690238001787,-0.15661958982616395,-0.19695565768077572,-1.3326936739867068,-0.25469647492915226,-0.18892645708545502,-1.0820153812579683,-0.29574439238364125,-0.00507704827251579,-0.9531491037338915,-0.04829604698553675,0.004626871043623046,-1.3582941981231027,-0.158480842378954,-0.02571388559700494,-1.2786976639878653,-0.22301616245755046,-0.024196357472942076,-1.0461679022372476,-0.24021187401618532,0.17586804883402235,-0.8593283063257291,-0.08917065363556921,0.1505643742366784,-1.1732569454339268,-0.18008413072713744,0.10775489694246436,-1.152310184116213,-0.22913147839336978,0.09417276765741883,-0.9882189498780364,-0.24533709719512636
E,0.0,0.0,0.0,-0.22759936869175512,-0.06428423283814352,-0.16224256848002075,-0.4044601268395847,-0.34264220270317786,-0.2546306346339486,-0.3377435130579737,-0.5341541212601143,-0.34647448405953923,-0.14700503476631166,-0.5329220227523456,-0.4198137329047169,-0.2961914413765305,-0.9694745709957778,-0.06652773868963073,-0.30237136142840776,-1.3596536456274582,-0.2076272802237067,-0.2990113871271149,-1.3095165840921814,-0.31738012913718955,-0.2951133551822329,-1.1038608729302972,-0.3783659433267506,-0.1292543413538292,-0.9899979083879796,-0.05654605758682963,-0.14104022514860606,-1.4438600891863944,-0.1937741788214814,-0.14223712888638593,-1.3366117704948561,-0.2898077896403914,-0.13818691475607225,-1.0925016905268647,-0.33156062988723584,0.032437189370658044,-0.9483883988419147,-0.07627240061394211,0.039947753286272716,-1.3582329031525493,-0.1988232909136178,0.024876508102579298,-1.2667369188335282,-0.25953594089591064,0.019586311836019447,-1.034113003999089,-0.2732995771928244,0.2047635941322077,-0.8434283033159697,-0.11432510030885919,0.18187657598755655,-1.1760475986426508,-0.2177658728091567,0.14634252841604206,-1.1479886386586022,-0.26595383038506737,0.1253387120239528,-0.9844906307801288,-0.2805933765200779
E,0.0,0.0,0.0,-0.25032358053934517,-0.06908743023962739,-0.1577462630266928,-0.4121326794597746,-0.38777211797121475,-0.23355879478274016,-0.3020093033792994,-0.5699558847072154,-0.30856565988332574,-0.0982622333226633,-0.5404961696518148,-0.36632476933088265,-0.2768001457548017,-0.9646884243710161,-0.06412492453838238,-0.2801310423487276,-1.364881972788934,-0.19846819825150608,-0.28751419450558313,-1.2955178604963637,-0.303983848195695,-0.2816115134091622,-1.0831841105426636,-0.3664823788194924,-0.11180776625547251,-0.9923242325221734,-0.05283598162465652,-0.12430483358067133,-1.4672660894055083,-0.1907738277727055,-0.14647532206753822,-1.3215432171136785,-0.2868278626759016,-0.13908563822860184,-1.070549485992843,-0.3298591394172033,0.04237690017203653,-0.9550366883938564,-0.0701536466874563,0.05079049049395945,-1.3942322168526602,-0.19543638738006014,0.019432146091311366,-1.2821527326226263,-0.2638640850711161,0.018445600829827002,-1.0320149131216592,-0.2844079397817852,0.21207248267046816,-0.845695546559378,-0.10494467578465697,0.18391962656579455,-1.175368091154574,-0.21994897376905065,0.14452287165994482,-1.1477401210219136,-0.286536484338277,0.12903050556613171,-0.9773175623078888,-0.31625044511867273
E,0.0,0.0,0.0,-0.24374222851792537,-0.09286213575381701,-0.17801872141557348,-0.4092385410299927,-0.40228330994820566,-0.2727555412409215,-0.3139622583706008,-0.5777567499124184,-0.36359853626525546,-0.11058438273586287,-0.5411609393271708,-0.4342737586961672,-0.27078404405107565,-0.9724316065202562,-0.08824837167176422,-0.29383020112544034,-1.3703200390951944,-0.22748402960584335,-0.30445720542626886,-1.2601824544368057,-0.33152516229364104,-0.29261879103019267,-1.0451989801540706,-0.39256811327604824,-0.10337143118786789,-0.9922817820055017,-0.06849242523197596,-0.1182765952277484,-1.4611803806893693,-0.20835942086822062,-0.14691664936359883,-1.2890558199370163,-0.29727451502283303,-0.14192257190639804,-1.050788044956815,-0.3371447384736948,0.05132639379008632,-0.9522206223823194,-0.07864792808131603,0.049119414490040175,-1.3800727762760407,-0.20772058696980242,0.015421844012999337,-1.23449491039195,-0.26669811905247237,0.010778538978796019,-0.9822438176548426,-0.2809312893671227,0.22197315069606324,-0.8368684110216096,-0.10840907398917542,0.18273174040193477,-1.1696063487798811,-0.2215591228205718,0.14273005473249287,-1.1238959069757926,-0.28117671235435415,0.1277225459305509,-0.9524647134007953,-0.30701755671017883
E,0.0,0.0,0.0,-0.24387940258343746,-0.10358596418472879,-0.16015342891647535,-0.40098643869126266,-0.4054051306076783,-0.24871981461700993,-0.2917029050750139,-0.5673896541436135,-0.3359211489065589,-0.09004706436156269,-0.5289696627925101,-0.40332006631870637,-0.27667142246445553,-0.9735144827759028,-0.08197053348357139,-0.2773973495665099,-1.3783980479376496,-0.21280551458873387,-0.29085335474369883,-1.254829922054293,-0.3109509037077133,-0.28818227842000116,-1.0438795790556277,-0.3702322551015913,-0.11006228808662091,-0.9913588730119464,-0.07137140633069566,-0.11808665752314149,-1.4590394449396245,-0.20243639162833144,-0.1398566842379677,-1.2759644630799445,-0.28574173745192916,-0.1337681204069254,-1.048453638538275,-0.32533114825056236,0.044075754089782336,-0.949619022963428,-0.08831969286578124,0.050139521401001995,-1.3859227734892414,-0.20541417514739585,0.023621979354720657,-1.2349064574315736,-0.2556365163256557,0.020997740901799105,-1.0005549079575748,-0.26863902669647466,0.21382051022064907,-0.8353010770834767,-0.12375642779444157,0.19616946096525167,-1.1667754437349038,-0.22090509714063436,0.15841071014275218,-1.1222607792652655,-0.26895075009603253,0.13999779680005023,-0.9699761272081666,-0.29136159315284554
E,0.0,0.0,0.0,-0.2506796286325095,-0.11910892134614169,-0.1500773488636668,-0.4073371130454346,-0.4351583390443242,-0.23942042560511217,-0.27633048242745595,-0.5967003902239292,-0.3297047277234631,-0.05900841385252975,-0.5265823119428434,-0.4036504314796036,-0.27985180537372834,-0.9712161555698591,-0.09825530747487969,-0.2666018575132873,-1.393955675908764,-0.2293363258498483,-0.28866243004778924,-1.269202007262972,-0.32453098092960986,-0.28618683827670405,-1.053106787880252,-0.3833197584538088,-0.11292784461147895,-0.9888060282996478,-0.09751892282876083,-0.10636556537945732,-1.4936225674279984,-0.23017370398622644,-0.14055296674578743,-1.3038591212888242,-0.308625084281136,-0.13813263528758718,-1.0624499955274351,-0.3462079508896044,0.04477642466904007,-0.94515155188988,-0.12161066309258686,0.05689400442307603,-1.4076023974987963,-0.23451525329803452,0.019685901080592236,-1.2439368048888795,-0.28177533341199446,0.01389270022853083,-1.005313407696949,-0.29681427536361865,0.21555397271647603,-0.8335624820195862,-0.16325122598619052,0.1918751627991441,-1.189218558208714,-0.2517801350934388,0.14361768964915456,-1.1412961592440567,-0.2939232653611902,0.12087713428152594,-0.9827093640344555,-0.3169701817960681
E,0.0,0.0,0.0,-0.24894800045588472,-0.11405532792437385,-0.17250112400552628,-0.40774472726659994,-0.41111323974565406,-0.27684690058949113,-0.29991786922557273,-0.5721376412983615,-0.3791110183297482,-0.0968219251123925,-0.5508715285654365,-0.46192458114263535,-0.2802866951470483,-0.973029594714212,-0.11533144071958225,-0.2770490795176145,-1.4076029726563033,-0.26026170892128986,-0.30350608489745245,-1.2849727447492054,-0.361860559612008,-0.3027964435846257,-1.0710088931197579,-0.42170695772151784,-0.11533966653632861,-0.987707386860594,-0.10550298225313509,-0.12349493342075582,-1.4888122107202113,-0.2554923284131389,-0.15950567432398566,-1.2849158531855895,-0.34375059887728215,-0.1521191373479293,-1.039796932480877,-0.3836829550475046,0.04206795792943186,-0.9457012927249315,-0.12312492727079706,0.04239531568674201,-1.4070900235176853,-0.25324256771860465,0.006026111679428298,-1.2403288247005229,-0.3070645886475769,0.006497548477928301,-0.996486032646349,-0.32058327300191475,0.21714226303007766,-0.8363193986117365,-0.1595455013535912,0.18737155533613264,-1.1841379986364828,-0.25793363560183924,0.14292351802884315,-1.139035245814573,-0.30626833802347314,0.12496035371690263,-0.9835869112957795,-0.3299662471095144
E,0.0,0.0,0.0,-0.24933096950937167,-0.11338074599914724,-0.18346197094574998,-0.4065832622940182,-0.4087663755933138,-0.2944621333403897,-0.298762676506635,-0.5653871116222464,-0.4020418953124967,-0.08074060212481042,-0.5317770562884819,-0.4897579727403428,-0.28014492657289297,-0.9736685314858464,-0.132800521612811,-0.27166667467970124,-1.4160106046111067,-0.28321227471811555,-0.3015616766182479,-1.2885698568072126,-0.3845735937637291,-0.30454651065118,-1.0716723039929963,-0.44321438140315755,-0.10933488268777718,-0.9866471911225669,-0.1207195248400145,-0.11797308407726995,-1.5077594000089178,-0.2750671542141719,-0.15956157814669916,-1.292136800218918,-0.3634340276060134,-0.15296290694552644,-1.0450823833009482,-0.4027666011761798,0.05376984377139534,-0.9442067164269771,-0.1365814032795017,0.057865038386051275,-1.4119039187046265,-0.2749243546003661,0.014096913226970141,-1.232191025497096,-0.33082290214537413,0.007704040615740582,-0.9808012575727092,-0.34345711321150457,0.2344618182570818,-0.8379484820330712,-0.1712515157748452,0.20767294732072306,-1.2012926828865422,-0.27541485284709616,0.16283230159137974,-1.1563515173721506,-0.3247400622660894,0.13924752782185196,-1.0003090602913831,-0.3480358706720168
E,0.0,0.0,0.0,-0.24205653113052666,-0.13568967413298183,-0.19336558278095412,-0.37834962711417675,-0.4011283434496613,-0.31745196712977847,-0.2680883836172488,-0.5438637471855067,-0.4378326489393641,-0.05556685310346361,-0.5370371936043904,-0.5398795774988587,-0.26748335692123304,-0.9696876801064571,-0.15107657527895296,-0.25235562614824886,-1.4186482098753894,-0.31279888999235433,-0.2711104220384432,-1.3038041012249915,-0.43101618295757504,-0.2777246775064444,-1.0778668660285964,-0.5001517455527632,-0.09054961588417894,-0.98644088995286,-0.13687635914297858,-0.09494138980948331,-1.5099175988979319,-0.2918532795971241,-0.12159764176820202,-1.3021307060547682,-0.39457742423532044,-0.11753039049852869,-1.045997159326642,-0.4502888567098242,0.0772159875779138,-0.9499760524937081,-0.15005645246800536,0.08535324128071337,-1.4179588141668182,-0.2796339871210919,0.05252590043353057,-1.251607423351324,-0.34243680131700566,0.03804973687164033,-0.9950330026798714,-0.368264093337824,0.25913598310971864,-0.8462001036779269,-0.1838422728700193,0.24186051073450793,-1.2190648279215157,-0.27717530673278296,0.1938916832970765,-1.1784480262847035,-0.3236127104973416,0.15598110944342844,-1.0182468613681555,-0.3510844818141751
E,0.0,0.0,0.0,-0.2564677891210584,-0.11285074632345267,-0.16833807966884823,-0.4141672199373145,-0.4142325725681647,-0.2672258417563252,-0.3044599130791666,-0.5749183536711785,-0.36537961486838944,-0.10713658605644283,-0.552042062656701,-0.44580438939613476,-0.29936781712776667,-0.9647558489153428,-0.103207366261463,-0.3067816977616702,-1.3901105119533743,-0.2425708994103292,-0.32690500920158155,-1.2940514176119613,-0.34594120893515473,-0.3222246789817211,-1.0803090148388188,-0.4070676385945154,-0.1319624167006756,-0.9868437134272319,-0.09340988088884619,-0.15116924580727842,-1.4796186674097964,-0.23311124408595468,-0.17392664360650978,-1.3108362252306347,-0.3241730148299964,-0.16320428603581313,-1.065521657393463,-0.3680472606867947,0.0300494046080358,-0.9541049155881599,-0.110628029162694,0.018071327145580008,-1.4050051713534368,-0.2304500286573248,-0.00876475925504258,-1.265007472060993,-0.28811345883760753,-0.0040876304309501316,-1.0220290399908019,-0.3059012968682831,0.21025464767334134,-0.85592693882016,-0.14700378508321163,0.17613947043994382,-1.208904446335217,-0.23892130823480767,0.1318085289178965,-1.169741219940469,-0.2863777503665632,0.11162405977952057,-1.0039122309467248,-0.30997995787143495
E,0.0,0.0,0.0,-0.26662634834657717,-0.08670482195577345,-0.16983398867866273,-0.44225263427332934,-0.3988768298213674,-0.26326151024680977,-0.31834314011869813,-0.5710110880095101,-0.3545083076101831,-0.09608990857640404,-0.5206676697201273,-0.4274063177187331,-0.31797358943625476,-0.9518625839764461,-0.09755621598285118,-0.33930203769148054,-1.3692677073448627,-0.23739006587815778,-0.3651203777705159,-1.2205955588021293,-0.3397972331607044,-0.3490762063384758,-1.0021565669998584,-0.4026446564498135,-0.15152846965800557,-0.9845757091528567,-0.087463111248412,-0.16603087873259606,-1.484635052371603,-0.2290766789952774,-0.20662859779154683,-1.2760528788016214,-0.3113881485877675,-0.18988935327837472,-1.0390480756165204,-0.34830903698024307,0.0017921387380002755,-0.9564194561717825,-0.10616262130117819,-0.00048673874597125885,-1.4133584472616054,-0.2287341080506236,-0.043090668900025955,-1.2342633063771673,-0.27979785499368065,-0.03405240156721846,-0.9923432253184448,-0.293370428647068,0.17487449470564537,-0.8566222336873313,-0.14468466609554217,0.13674842859863526,-1.1975523247585578,-0.24169040987134127,0.0897599876006853,-1.1298591143519543,-0.290571873964241,0.08359205539828007,-0.9630726926146732,-0.31579798397081493
E,0.0,0.0,0.0,-0.2565635224050248,-0.08817048386712117,-0.18337595966720244,-0.43179660169615325,-0.389708072086647,-0.2869022716411508,-0.32815771333330623,-0.5724897603493604,-0.385329786430333,-0.11207476441137727,-0.525961336945996,-0.4626773967233019,-0.31581826246724404,-0.952357274382718,-0.11276617621515242,-0.3396827333093387,-1.3736228754537367,-0.25591208651272285,-0.36522499405705433,-1.2205785899045036,-0.3569817200822309,-0.35495475810110594,-1.0032362977507907,-0.41828857801068875,-0.15158389220150484,-0.9836252378239934,-0.09748699985503245,-0.1731837692320954,-1.4891306150749717,-0.2425795892982598,-0.20785835341559644,-1.271251003142364,-0.323169827712609,-0.193370513036239,-1.0365748105056043,-0.3582882678351534,0.0037931529341622386,-0.9503885845305763,-0.11160777504241044,0.00024263902267133782,-1.4077504654335162,-0.2419952317986549,-0.03381689638246343,-1.2201900561074306,-0.2910948004002095,-0.030575519264293482,-0.9815711461526895,-0.3015725360886532,0.17861379036686356,-0.844122923026784,-0.14583206062033463,0.14227464911170018,-1.185992854749011,-0.24840003463495233,0.10341059417698806,-1.1129422736832748,-0.2960515531204546,0.09306207322014111,-0.9542330007962928,-0.3193313606621596
E,0.0,0.0,0.0,-0.25944258886517885,-0.09880995456966127,-0.16722981427162867,-0.43037177182552544,-0.40203605576445917,-0.2615732408428081,-0.31053803607101427,-0.5702606630450534,-0.3543585493616758,-0.09681984497338748,-0.519508243251369,-0.4267814368499555,-0.30721050499141017,-0.9575065661060853,-0.09113636829159391,-0.33018629385131265,-1.3714110399674901,-0.2308091742656987,-0.36136610910134326,-1.2200473036754234,-0.32823646132057943,-0.34888828050717646,-1.003580378313045,-0.38626684361274394,-0.1425060306985587,-0.9863829770607828,-0.0821014846348635,-0.16238124818879066,-1.48142119743765,-0.22694280658703161,-0.20393348558261404,-1.2657176319536123,-0.3027496897794998,-0.18669027392795862,-1.0284959513992846,-0.3314796395919306,0.01079892139491985,-0.9511428845351763,-0.10219499667628314,0.005627851982468325,-1.4044663286866519,-0.23077580755434018,-0.03611676707717458,-1.2167553417303698,-0.2724697846457125,-0.027198494845887062,-0.9783428109561381,-0.27519616431506544,0.18375356284377153,-0.8425598972934197,-0.141630443844859,0.14290610087138197,-1.176862850454023,-0.24140807433935185,0.10023525273835159,-1.1064161422353278,-0.28456887904172823,0.09603743413443634,-0.9461817060529204,-0.3021916508032317
E,0.0,0.0,0.0,-0.2584443668406977,-0.09306991979309084,-0.15515171713409456,-0.4286492417898643,-0.4058244760171904,-0.24004320366529375,-0.30066124357127477,-0.578335176844972,-0.3251199415325612,-0.081760774645544,-0.5170958681232658,-0.3919118206472948,-0.3139507960654844,-0.9564695340805509,-0.0786899900993656,-0.33155656466017375,-1.366117760218716,-0.21244333553458727,-0.3526981159810423,-1.2180755017580045,-0.3101634290390365,-0.33413717864778114,-1.0011648853337622,-0.3699247357716281,-0.14688017493503255,-0.9864201200321389,-0.07349531282221436,-0.16210433675773966,-1.4707265840418524,-0.21398610822205452,-0.19806599496407193,-1.265768920876633,-0.29349122064557115,-0.18101869860528436,-1.0286199735185537,-0.32620292188657657,0.0065820648121589385,-0.9529634047474285,-0.09625367421423298,0.0009481397861435337,-1.3980450193859892,-0.21853918079957482,-0.03659009048437156,-1.226056218276006,-0.2681748285213055,-0.025398460635234717,-0.9902401360221359,-0.27855439471021465,0.17673158676095296,-0.8476734315030408,-0.1374003448881276,0.1406447253394923,-1.1830436421650734,-0.23620899248621308,0.09612004583742981,-1.117378289961196,-0.2852430744531507,0.09067381580672533,-0.9491115388167409,-0.30812003568897356
E,0.0,0.0,0.0,-0.2627471879765798,-0.08516249408562045,-0.16198463643248218,-0.4368073383245138,-0.39374865954698207,-0.24847809869052373,-0.31162841003233277,-0.5718512717377482,-0.33368138354356275,-0.0924134609019462,-0.5114787235776527,-0.3999001474543611,-0.31952616631875047,-0.9530687862956837,-0.08287222897038465,-0.3312312083896088,-1.3632122923215997,-0.21710739899842843,-0.35654150623360686,-1.227796457728538,-0.3145137327966808,-0.34303470139742315,-1.0142065969073093,-0.37465989911129266,-0.15155061573178916,-0.9855726396792882,-0.07535902591538322,-0.16517545107328982,-1.4740069856293552,-0.21807498365635458,-0.2045874628983586,-1.2740259203902353,-0.29914222296693804,-0.1878286798097783,-1.0372224348250807,-0.33247754429169973,0.002560609313098726,-0.9520307373154643,-0.09643830486573438,0.0005301970121687486,-1.3972236618499645,-0.22234403475535228,-0.04035349039184707,-1.2358851424612323,-0.27512752286042663,-0.03019799969725826,-1.001211073229115,-0.2868439033818894,0.17510638513639465,-0.8436448840112528,-0.13623775293069632,0.13806427541620866,-1.1757154696026844,-0.23836702153659545,0.0926913359060288,-1.1165820758198712,-0.29144850348188595,0.08699445584621436,-0.9512519793422393,-0.3168119537699372
E,0.0,0.0,0.0,-0.2685009656084168,-0.0825751168203337,-0.16474878615215538,-0.4477077854888622,-0.3862202431411563,-0.2531384688149396,-0.33000130974268643,-0.5635883222040987,-0.34022337991557855,-0.11030154059001553,-0.5244415818557908,-0.4077602998224443,-0.32796773471739255,-0.9525852054731151,-0.07528936823668185,-0.34439916466112525,-1.3732759433828516,-0.21608945279521122,-0.3635288518641082,-1.2320486553459429,-0.3189499268709358,-0.3460986579756538,-1.0149231682563256,-0.38088774960174804,-0.16088162389626007,-0.9847417211721052,-0.06633887001978515,-0.1832017633629586,-1.4814910173557176,-0.2132158587859959,-0.21706293800965218,-1.2695078057952989,-0.2977364120155775,-0.194619721717744,-1.0314019872696187,-0.3321754357255217,-0.007281746034577196,-0.957232703181261,-0.0878580134923071,-0.01751295631562546,-1.4136112285468705,-0.21784769115005714,-0.05529900150785154,-1.2383931758484032,-0.26905777114793444,-0.0396338820159718,-0.9973923568173347,-0.27845706182099034,0.16983265552093027,-0.8558162762447495,-0.12845635291093707,0.12465245562438713,-1.1936657549292737,-0.23402467154878806,0.08142295602959343,-1.1204660377285622,-0.28486924088840404,0.0815453590765629,-0.9513274860914103,-0.3072722270045537
E,0.0,0.0,0.0,-0.2629028958730439,-0.06790647445832572,-0.16955028164534128,-0.44488121712032813,-0.3752789353431845,-0.2597711176543272,-0.32709340802346126,-0.5513991566103853,-0.3475624605277852,-0.10448425592243611,-0.509626513728657,-0.416981317327684,-0.32969788486692164,-0.9496329330517715,-0.09023937754676839,-0.3487800576225683,-1.3675406448213663,-0.2330016260862899,-0.3690046060969745,-1.2393420308543863,-0.3366235055887431,-0.3527313044587556,-1.0201269736303944,-0.39890203500923815,-0.1613823005540571,-0.9837263038068811,-0.0789829871955468,-0.18244111137118718,-1.4701474722582104,-0.22973530581502502,-0.21600957327930725,-1.2744834154930043,-0.31789428781005363,-0.1969387870772573,-1.0324391074748367,-0.35407909225238704,-0.0031256653313539583,-0.955482464932119,-0.09759698658041686,-0.012091730752547117,-1.4018703147481446,-0.23129035954804686,-0.047770876387758586,-1.2406955651363787,-0.29070161948712353,-0.03356429059640646,-0.9981439354233115,-0.3048200722262561,0.1736795529621158,-0.8570564192138657,-0.1350068460855092,0.12651464415437622,-1.186688803213068,-0.24815635384860157,0.08643397549421539,-1.1232433775252266,-0.30809784951246416,0.08827048002975212,-0.9530306355497461,-0.33571136936585216
E,0.0,0.0,0.0,-0.2517701969887946,-0.10199138524078988,-0.15371109323488455,-0.42095576653119676,-0.40823110842320914,-0.24284718510537498,-0.2980921719239505,-0.5747331434962095,-0.3328881750666574,-0.08606812210319424,-0.523380664812736,-0.4054432777916596,-0.3104768946960201,-0.95697391502341,-0.09224561554034935,-0.3299098272866067,-1.3953363703732327,-0.23296879736434176,-0.35053826280014105,-1.244855557331721,-0.3335924512083309,-0.3364770050137818,-1.0260973952467196,-0.3943409234410501,-0.14401597539729138,-0.9855201702151247,-0.08949521176866562,-0.1618021425915719,-1.50059769538861,-0.23031357211656964,-0.19291217975166783,-1.2887878744791543,-0.30863374391363396,-0.1773045869028791,-1.0489247383165194,-0.3429193286916733,0.013476986906613841,-0.9531559896015627,-0.11386447360615161,0.0072191885301057385,-1.42685284707244,-0.23716832154501147,-0.027745733313409515,-1.2400238921638973,-0.28094993702253934,-0.022117028750893792,-0.9998691260832044,-0.28948806005204347,0.18989612426629865,-0.8486048665669103,-0.15620393364191987,0.15327185515019742,-1.206051253473774,-0.2571189927276048,0.10755650639281994,-1.127405090317517,-0.30061417392794926,0.09624955612993659,-0.9549163288989306,-0.3204610165466886
E,0.0,0.0,0.0,-0.2466609758838299,-0.10624708871784913,-0.15626531177707356,-0.4174337106533032,-0.4019253608649768,-0.2515870556018508,-0.31351163149849054,-0.5640492509346834,-0.3473857226867753,-0.10378014381849819,-0.5278647290425571,-0.42338973709246114,-0.3066016333856752,-0.9647183897456497,-0.09175896127400426,-0.3223630031636786,-1.3936483077720236,-0.23087573258501143,-0.35278321921203576,-1.2506411876592127,-0.32599560141473555,-0.34470400241008137,-1.0402173351916786,-0.38173779169313754,-0.14371257979455507,-0.9856870884690936,-0.08813431814063634,-0.15982606905819233,-1.4802517235018426,-0.23063786050261112,-0.19475192747535502,-1.2639569194843643,-0.3062118796429456,-0.18086457022615682,-1.026098819767701,-0.3360282046698883,0.01225837460513287,-0.9471883214608602,-0.11177105300687164,0.005550348589340411,-1.4052410622464184,-0.23649713207276882,-0.029726630550339004,-1.2158012228701245,-0.274332110015979,-0.02283916009449929,-0.9770582190316698,-0.2761365143042031,0.18838758694554053,-0.8412834755711531,-0.15334143275162826,0.14802601575014984,-1.1825899078040627,-0.24921160850139842,0.1085502364659881,-1.1163546012432437,-0.28696712928995566,0.10262424197092107,-0.960622573175913,-0.3013027092313931
E,0.0,0.0,0.0,-0.2510254901988722,-0.08893784448940421,-0.17669579236142813,-0.4262880516761502,-0.38117101162018874,-0.2847343856095891,-0.3218688982208151,-0.548255472408444,-0.3902247214412953,-0.10263805108093872,-0.5134079234838691,-0.47562737534530447,-0.3271822204555463,-0.9540129820126461,-0.11534110229197217,-0.33812659368751946,-1.384635960118662,-0.265088869731503,-0.3579874732505755,-1.2535078227970675,-0.36953542604323425,-0.3460143962342132,-1.0372787961572494,-0.4307872235232228,-0.15979935449956426,-0.981572648269969,-0.10478216675466406,-0.17764025207684309,-1.473046292681493,-0.2596446690114104,-0.20701655835414204,-1.25756000283429,-0.3479772074469646,-0.1913453450946448,-1.015111967616642,-0.38566757367141413,-0.0007657252070995626,-0.9500289898328796,-0.12275085409615528,-0.00816321929993625,-1.4017004711951675,-0.259259862942868,-0.04327530157379477,-1.2215063950628549,-0.31422141386389724,-0.03607915045419543,-0.97541619539386,-0.3263661543666807,0.17719203352196944,-0.8500702551183635,-0.15964688453243508,0.13890488472585183,-1.1864571699996154,-0.2653206695775535,0.09765944904551112,-1.120742954786244,-0.3159725591136213,0.08805828776130727,-0.9510942307591304,-0.33927473213914233
E,0.0,0.0,0.0,-0.24759770662921807,-0.10572832105054282,-0.1813760379800328,-0.4119969765870673,-0.3956913784473764,-0.2896521868645014,-0.30978363749803345,-0.5643582401407897,-0.3936649201283382,-0.0995083529707176,-0.5324897673225621,-0.47708381021381946,-0.3044220741038813,-0.9597466655974322,-0.1294365886183389,-0.32438708528205895,-1.4014321261901839,-0.2763667720892064,-0.3518571715814011,-1.2651610073363806,-0.37685193822884716,-0.3451330015436289,-1.0436553258967407,-0.436719869629738,-0.13586578002486555,-0.9838217693194421,-0.11676992776994125,-0.16077144766633325,-1.5022472906363105,-0.26802528080588994,-0.1981676193897607,-1.2837818208673744,-0.3536375119081197,-0.18368292099632672,-1.0387744418539782,-0.39249092047135387,0.025905776145387267,-0.9473442292453369,-0.13146569752336262,0.013418226593719728,-1.4123009340490513,-0.2644898444038963,-0.02318806281965831,-1.2319729958353312,-0.31646699243576126,-0.018006498501771162,-0.984795627958073,-0.3297597367188966,0.20848756642895627,-0.8392234204727713,-0.16529151825124697,0.1592810007696841,-1.1942220532052754,-0.265935007442028,0.11531145368916862,-1.1361993964255523,-0.31308726546195714,0.10261242795004574,-0.9733761411070463,-0.33693046696497214
E,0.0,0.0,0.0,-0.2507538297826947,-0.09017861878042363,-0.1666666964768911,-0.4262070277330713,-0.38485527239354084,-0.27117170902286,-0.3142674585724891,-0.5486286280208063,-0.374613945837777,-0.08988316619756354,-0.521784135374,-0.45938954030137974,-0.3240003788030538,-0.9563669395893648,-0.11575026239115771,-0.3322796993696615,-1.39660142944391,-0.2675606406793718,-0.34826670398386506,-1.2538439698574169,-0.3731180903696352,-0.33344167764367116,-1.0310465801233832,-0.4342655631482978,-0.1515013686348447,-0.9822103640644971,-0.11095105238823545,-0.16674726278471916,-1.4958518623131591,-0.26225179046481073,-0.1947707487093535,-1.2760779598801562,-0.34674939807794974,-0.17741341653597315,-1.0298965461566898,-0.3831056722467536,0.011680631098122578,-0.9459940974602256,-0.1337587917201959,0.007064381684686463,-1.4197256084081424,-0.26433032530212475,-0.03194302163867153,-1.2343932288036494,-0.3119095720391937,-0.026669159229975488,-0.9908596201114747,-0.32097482239310254,0.1915836469345194,-0.8443886077710772,-0.17481040408260176,0.16066772304289967,-1.2041053951854326,-0.27443337820681213,0.10897862044974516,-1.1404967753478308,-0.3167117188205068,0.09103263675353448,-0.9727022447121956,-0.33520683077736696
E,0.0,0.0,0.0,-0.2514634564777958,-0.07889489578466931,-0.1613622298932326,-0.43714913899562163,-0.36744548507068353,-0.2637102824488,-0.3290240885041446,-0.5374217489261005,-0.36706351364426526,-0.09707432457066864,-0.515397208394477,-0.45212589107697465,-0.33739029207835763,-0.9532231215426356,-0.10698521055746059,-0.3518527946353884,-1.4016260413925288,-0.25677867899528073,-0.358500404778335,-1.2485230753153487,-0.36202162561482193,-0.33701991534218045,-1.02443981831815,-0.4227708972895657,-0.16552142011685173,-0.9806779635630196,-0.10427555449092368,-0.18327942483703227,-1.4874021172128824,-0.25165891542850644,-0.20163082640466856,-1.2635584423494681,-0.3351282758608677,-0.183664775456571,-1.0199905330665902,-0.3708555645266897,-0.0021960561211806034,-0.950358572280171,-0.12932145175580104,-0.009944246691199652,-1.4228801075620954,-0.2560498082068818,-0.04487843001215709,-1.2297896128449728,-0.30111016522995593,-0.03991923865673313,-0.9858219462517461,-0.3080962758876814,0.17635445753636636,-0.8585886324518136,-0.17255479649137562,0.146477930197786,-1.2266684656721765,-0.27038840755102134,0.09595899713725536,-1.1552641416006018,-0.30973651166794797,0.07843751171108078,-0.9783554235028382,-0.3251457153128093
E,0.0,0.0,0.0,-0.25116157680942985,-0.12196934330308883,-0.1739629586325297,-0.41814551227041213,-0.38453456989333545,-0.29453309885439566,-0.326975429687448,-0.5394623139589275,-0.4138811560542196,-0.11308826440997806,-0.5449799271798419,-0.5138551324436463,-0.32136658999146545,-0.9547311286890369,-0.14763854656965533,-0.32549867275584066,-1.400644777233092,-0.304048309541707,-0.35228839373780113,-1.237735624325155,-0.4128769840338796,-0.3497501645745237,-1.0149592106194936,-0.4785949084392644,-0.1506912727974074,-0.9780717173462182,-0.1437631942818362,-0.16495902541861082,-1.5041366745673352,-0.2952762145158885,-0.19363863218258062,-1.2658147702606908,-0.3837084816549223,-0.18599762063526595,-1.0251625060722678,-0.4291878579527386,0.012502679180705278,-0.9413544227204582,-0.16507034878104979,0.005533952291075859,-1.4223264964058249,-0.2902921173220519,-0.024344647211756356,-1.21904463578656,-0.33583531811268647,-0.02931739782909193,-0.9741097197635932,-0.3507707600280922,0.19445717421136396,-0.8362422342618698,-0.20511698425017932,0.15251205792852554,-1.190451489935528,-0.2932528929942272,0.11963217547540941,-1.1380795506428454,-0.33077383726711296,0.10240285292167561,-1.000603522030407,-0.35278060749015855
E,0.0,0.0,0.0,-0.24890229143082251,-0.11839363201028782,-0.19178820138901864,-0.4031827619834474,-0.37912560527434774,-0.31969845291493176,-0.31789454397466294,-0.541343639357567,-0.44353970720123564,-0.10078940802932257,-0.557055016968313,-0.5459609931519986,-0.3156725774218702,-0.9511272181202206,-0.16699110329830288,-0.3291535346538813,-1.4162270751688577,-0.3393947672049331,-0.34879547810443223,-1.2587350772048582,-0.46181699469420545,-0.33950622886975707,-1.0171068976769162,-0.5352331459342065,-0.13814373811056554,-0.9784143153684323,-0.15369364041157246,-0.1615071020632269,-1.5216076055198287,-0.3177873092228101,-0.19532136357969584,-1.272470807273485,-0.41518942553495186,-0.18327327194197798,-1.0139565157463293,-0.4672519941342256,0.027910711668745706,-0.9485836587641182,-0.1672805889339074,0.021999287024254358,-1.4424297665797654,-0.2999706394378579,-0.015140802262561853,-1.2456622197347715,-0.35043694040989987,-0.01873807890973959,-0.9782179086725685,-0.3690966477209215,0.21539248345410925,-0.8458828754310043,-0.20175203408728046,0.17104857640615154,-1.2083250289170826,-0.2996532156446018,0.13334729204377202,-1.161006996419142,-0.3470761103259767,0.11388241571466896,-1.0010823810888025,-0.3754745382680891
E,0.0,0.0,0.0,-0.25478638799164083,-0.12548258837416665,-0.19093708868517567,-0.4084548735888347,-0.3884694513483628,-0.3165127730588995,-0.316128537428115,-0.5471652954221158,-0.43808245019394354,-0.10304659789792665,-0.5593710214746572,-0.5386286308891415,-0.31478709416551626,-0.952642725696151,-0.1628038906034161,-0.33037417394893054,-1.4222728099406232,-0.33454207413904,-0.34987506655721756,-1.266597452630387,-0.4564209951863903,-0.34118913127331596,-1.0254731715953267,-0.5289346064029115,-0.13679045135319007,-0.9792179836016275,-0.14973480894485877,-0.16454905509746218,-1.5305047474052667,-0.3147251030167923,-0.19857362163855083,-1.2852082765193833,-0.4136310374817404,-0.18739535434026064,-1.026110447303636,-0.4660230579261036,0.030140884130318096,-0.9507546306348401,-0.16379012362215586,0.02155034243546608,-1.447972308165166,-0.2991715273231906,-0.014962135441494199,-1.2516585839179293,-0.35243622460688984,-0.018633276282516424,-0.9843543467037225,-0.37199097969289635,0.21954217951445953,-0.847609498139444,-0.19842091932999584,0.17577722952953564,-1.214179373449503,-0.29765005774467207,0.1342556575583099,-1.166052144437528,-0.3454569911480485,0.11177767063615905,-1.0081855265866355,-0.3738537140195576
E,0.0,0.0,0.0,-0.2520915807972615,-0.13027408848599245,-0.1708909423051988,-0.4075713440863676,-0.3844402174690529,-0.2921974065308152,-0.3063174038087011,-0.5396968226433749,-0.4138655176680119,-0.08940212015493232,-0.5451807562952159,-0.5153301961807373,-0.3210076946503918,-0.9505788783927276,-0.14494499984330042,-0.33223046927863764,-1.3936027834299893,-0.30770720957422604,-0.35003172585559733,-1.2148101921107635,-0.4245185481585256,-0.3414965560969582,-0.9837243681682117,-0.494759163667852,-0.14800876308704683,-0.978590132647112,-0.14302013262177418,-0.16766472170294813,-1.5057647471770763,-0.29689683205574735,-0.19214336244325989,-1.259382884879623,-0.38533034434936353,-0.181525535887691,-1.0164377032321592,-0.4309287764262745,0.015558483261643526,-0.9469549002461947,-0.16672382997013777,0.00922611479161924,-1.4278067324725245,-0.2881339930535965,-0.019753604566843126,-1.225118635179664,-0.3286044138249941,-0.023872664815519626,-0.978559525495238,-0.34080841605441464,0.19751354712768793,-0.8458030599453025,-0.21030698666655837,0.16548773092300326,-1.1980107487287295,-0.29234421807459965,0.13396464860843071,-1.1526507212396444,-0.32672447230633545,0.11521091573807365,-1.0176192763414504,-0.3475334525838842
E,0.0,0.0,0.0,-0.250764774863903,-0.126657440093254,-0.1595567161083082,-0.41252804026461515,-0.3809353226840507,-0.2782867113827383,-0.3294046389749209,-0.5332583536709128,-0.3990490182243944,-0.11693120721975338,-0.5611026975124299,-0.500727069481344,-0.3233961575523388,-0.9470271679160893,-0.13560727308322332,-0.34114348745700496,-1.4006650586822484,-0.3003340446962791,-0.3583057945436884,-1.2193824841070897,-0.4197302318481303,-0.34796791574349606,-0.9837590595756397,-0.4915567225471961,-0.15307864737266672,-0.9786293692649921,-0.13730071132575553,-0.1822356361620325,-1.5076677888121282,-0.28743500569894276,-0.2030479371740361,-1.251302334564194,-0.3750190345823514,-0.18841562525058955,-1.0041692716625492,-0.4219220963914228,0.008928225185846097,-0.9555902108897728,-0.16393156130346778,-0.006154851389346872,-1.4473830156153173,-0.2823903265165334,-0.034749669814557405,-1.233157257700661,-0.31624857923841654,-0.03485159175862783,-0.9820871740536234,-0.3260317718530821,0.19423774491220877,-0.861899035114382,-0.20940241698282203,0.15136905530183525,-1.2219956622022585,-0.29368263805082906,0.11364970911240083,-1.145168683253372,-0.3216790078414333,0.09593494395443881,-0.9850074891282332,-0.3371268381452796
E,0.0,0.0,0.0,-0.24823908073296394,-0.13583578903043478,-0.17837861190368912,-0.41405296537491226,-0.3577179057608994,-0.30450545713079336,-0.35101565613541624,-0.5319324642818277,-0.4306699333629016,-0.1425919128443414,-0.5692416114734067,-0.5333859003033775,-0.32232626348174964,-0.9559965486961046,-0.13242453613014354,-0.35117704748099393,-1.4235519012284794,-0.306516288091731,-0.36538041077060035,-1.238798811548899,-0.433971866185999,-0.3515112755469431,-0.989320393262502,-0.5100121905823675,-0.14373240397910053,-0.9817091034147573,-0.12485284265479159,-0.17695416505112466,-1.5217772638076108,-0.28805432050004776,-0.20516319879298955,-1.2369324061885796,-0.385296854872451,-0.19176101173895135,-0.9852125442001339,-0.43754166702321057,0.01640619330295672,-0.9572425916206291,-0.14558564775197125,0.005209957728121659,-1.4480755242867305,-0.2759514725097255,-0.029556235281991406,-1.2335720903930492,-0.3121069201415939,-0.03388987037438329,-0.9686088892795219,-0.3207346517589081,0.20508967093067765,-0.8472641008365427,-0.18720646416512574,0.16404956277600216,-1.2225519286142847,-0.27360699153207074,0.12477019258203437,-1.1518574324180222,-0.3029945231456995,0.10063316885015286,-0.979294244943105,-0.31895654341877844
E,0.0,0.0,0.0,-0.2436475523120706,-0.12950051238420549,-0.18696613522347147,-0.40588548331586305,-0.3531450403521713,-0.32243651614081165,-0.34587840993903585,-0.5259211557727016,-0.4555879289371916,-0.13369578959603012,-0.573327576538092,-0.5667459544190948,-0.31470213412086584,-0.9554069260270736,-0.162189977341833,-0.34008646663420083,-1.4320535123023093,-0.33901633613798027,-0.3540271236755458,-1.251774454240792,-0.46745817797528605,-0.3453813191103146,-0.9944227923688147,-0.5444994342453167,-0.13319199404008764,-0.9794025566180511,-0.15175811284293958,-0.16770757689483282,-1.5338032763444498,-0.3146403887173854,-0.19644086184179813,-1.250638885177736,-0.41354364317371434,-0.18643505629178828,-0.9896751397353917,-0.46929183265020985,0.03134659941494907,-0.9518011943035477,-0.1678326963559471,0.017967257431497533,-1.4608405526938382,-0.29527675421526395,-0.01756450329104759,-1.245377673964522,-0.33252674832175255,-0.02629711642977528,-0.9757107220817889,-0.34558011705411706,0.22190000499570736,-0.8393024586309762,-0.20486644830620043,0.1716597195247912,-1.2237199935182825,-0.2917776217732167,0.13165296507582158,-1.1535553760280166,-0.32250491612114796,0.10518528979568051,-0.9826342351387058,-0.34162323994572613
E,0.0,0.0,0.0,-0.23338813016405002,-0.11565978188254904,-0.196541692069862,-0.3931098523855389,-0.3439529924734187,-0.33575232732505245,-0.3317038414725345,-0.49843148811860843,-0.47050104213135396,-0.12300894447390993,-0.5486789785196993,-0.5831339729686136,-0.32174677169046867,-0.9564702870449512,-0.1701545111923715,-0.35037142904599644,-1.4167001872243234,-0.3528961951595197,-0.36078454871995946,-1.226936573742305,-0.48274290078552085,-0.34791428892718246,-0.9724900205966943,-0.5586718691216349,-0.14387138197662566,-0.9771015952292201,-0.15675936351187764,-0.18023963294997666,-1.5097491255839757,-0.3258304306691212,-0.2003087568467516,-1.2302925761319967,-0.4261375676486321,-0.18451230382261086,-0.978109754841259,-0.4800454060903647,0.022954081689672758,-0.9439897724333562,-0.17181369578976396,0.00396281935347982,-1.4294548237848113,-0.3088010146056233,-0.022312003740150972,-1.2119554577969223,-0.35286667433425434,-0.025252020215091348,-0.9543351816430201,-0.36666227142374225,0.2146793071521222,-0.8308343405608194,-0.20775497839848814,0.1625886395100579,-1.200566745135618,-0.3041407071821831,0.1254488641113191,-1.1286523747433301,-0.34081145875490515,0.10251575157927534,-0.9714856096608797,-0.36126168830562677
E,0.0,0.0,0.0,-0.25356379896213893,-0.12252556657141662,-0.17082035141191845,-0.43754112909889514,-0.3395664703290951,-0.3019086028950019,-0.3941135764238939,-0.4950929638476969,-0.43487564777278664,-0.1916129425237425,-0.5445327478531576,-0.5476023845728504,-0.3474163759505991,-0.9416846879533008,-0.14117812994220472,-0.3857586831316198,-1.3976119222884216,-0.32138362752841787,-0.4056188345489694,-1.2135728701520792,-0.45236146713864633,-0.38929625526519485,-0.961342566900097,-0.5296391443843503,-0.1704982394518865,-0.9751632090995297,-0.14137562011363286,-0.21171085078219395,-1.5028282822568386,-0.3055149476685651,-0.24245557280069244,-1.2322596100716816,-0.4018969419012951,-0.22395665731803258,-0.9756223098155514,-0.45283163504841406,-0.007645321465572841,-0.954451432789016,-0.16921193851821253,-0.03508583598938041,-1.4256457308644293,-0.29857362108871965,-0.07236742633481928,-1.2158071140696773,-0.335520363807191,-0.06824650039616831,-0.9572975798261052,-0.34521641026743555,0.18295729896382282,-0.8548376735021204,-0.21697312108268524,0.12290063752395701,-1.2112036238084205,-0.30414917505132155,0.07647783410500147,-1.1287862608780899,-0.3321199035125839,0.05742815958109202,-0.9490478682185189,-0.34668716229689633
E,0.0,0.0,0.0,-0.24161812034016916,-0.1462261759379569,-0.15668822177806055,-0.40511307714673556,-0.38451638054275006,-0.2759172425877771,-0.3417346508657503,-0.5434768095627448,-0.399742488369228,-0.14064225051896648,-0.5754980218885432,-0.505295979264545,-0.31632861704923804,-0.9575690234441266,-0.12722447118064573,-0.33451438632831637,-1.4222312246117241,-0.29728376158494707,-0.35057598095135933,-1.2531592327186192,-0.42008671170828976,-0.34259927274958496,-1.0083748897779445,-0.4908735947318004,-0.14261265592245112,-0.9810163654223224,-0.13140974524106347,-0.16928122832189318,-1.5142830803578955,-0.2876843800907588,-0.19543325546519386,-1.2540643927250457,-0.3819580522457522,-0.18283508644908028,-0.995439898343809,-0.43179384589950315,0.021539064405652057,-0.9551475309427934,-0.16124729637399188,0.006207270828135707,-1.4421268298887324,-0.28444170350975606,-0.024672443088137125,-1.233065645222494,-0.32344870810159504,-0.02218250661778194,-0.9708799973523856,-0.3348795112517701,0.20951054918097423,-0.855270094953292,-0.20954986186346972,0.16574269809123854,-1.2241497847075307,-0.2908066481121653,0.12646619537137607,-1.1589780345670737,-0.3173833781219677,0.10633574459663336,-0.9925503225912456,-0.33175259225595866
E,0.0,0.0,0.0,-0.2395502373467263,-0.1427505223697897,-0.17925256143766857,-0.3932562044664926,-0.37338371152711647,-0.31205640121107775,-0.3093906121508741,-0.5186707542493431,-0.44467524490417093,-0.09917780526581302,-0.5632040048428885,-0.5571046184353763,-0.28745302490185076,-0.9692570961728478,-0.1578280130058901,-0.3048357185496627,-1.4476955135275194,-0.3311182134870799,-0.32198820265944067,-1.2845844446300902,-0.44979427482372564,-0.3207764995569101,-1.0437616145776911,-0.518334276040767,-0.10385049683002655,-0.9825141679216012,-0.15453473441747725,-0.13748204945790748,-1.5199019177953057,-0.32207596105121916,-0.16494595366904227,-1.246650456063257,-0.41873685944253053,-0.15415982885395732,-0.9856647365026494,-0.47006132068192447,0.06698043698271311,-0.9460469162181517,-0.17756300668278593,0.04861074628704364,-1.4402782231016693,-0.3145541044415115,0.010432145449125362,-1.2183951041066636,-0.3529411058009536,0.00010667390088957588,-0.956608920455517,-0.3627967613680212,0.25974005879478607,-0.8313437843911464,-0.22017096022620627,0.20780333503148832,-1.1985544611135464,-0.31265932537757657,0.1636546257008642,-1.1224932765852937,-0.3425099263888012,0.14071587286171366,-0.9633042007025688,-0.35872219305928954
E,0.0,0.0,0.0,-0.22783421095590628,-0.13576168145179573,-0.2133938675152011,-0.3848950529674886,-0.3483012075994935,-0.36749178033749563,-0.322233105371211,-0.4935556117319097,-0.5165578857335933,-0.1128057631998923,-0.5355980548246287,-0.6447101148084236,-0.26714951786753843,-0.9690282819003251,-0.18809507765931327,-0.28632707335077806,-1.444392897513967,-0.3778084189982635,-0.2974575200437358,-1.2698762795987075,-0.5113926061057124,-0.2920819832761781,-1.0136257305048202,-0.5893377119028785,-0.07916663061904411,-0.9820111430558045,-0.1714256675957837,-0.11209217754057896,-1.5150121054742378,-0.3584041735710654,-0.13621423378841793,-1.2489252816907894,-0.47352350419248646,-0.12710963266504163,-0.9819331167908696,-0.5361733931841832,0.09161914961619358,-0.9453480198222763,-0.1841146002646051,0.06517959507817574,-1.4392847780362314,-0.3393966798788997,0.027564906077282895,-1.225415258736235,-0.3954945201605153,0.011176316679010362,-0.9545941322170572,-0.4141907658996397,0.2804410556559647,-0.8288290339627795,-0.21859291419144875,0.21749797706269458,-1.2012209690825244,-0.3283024089996845,0.17315777868925744,-1.131651332607241,-0.3733897384152763,0.14673075564227459,-0.9654033707860331,-0.39815633890012264
E,0.0,0.0,0.0,-0.23252489342684715,-0.11766619816330005,-0.20378803552263605,-0.3964565109189449,-0.33443837477095073,-0.3548996269356957,-0.34581110258238823,-0.4921217721721987,-0.5042194571963465,-0.13933405155431294,-0.5309140300985128,-0.6318424226100117,-0.2862037324878108,-0.9639036392322924,-0.18298513246556858,-0.31154546153324386,-1.4467839439746266,-0.37164771228877225,-0.32767760907999405,-1.2566318970361725,-0.49597732922487736,-0.3186969187824689,-1.0003612306138088,-0.5649063260837486,-0.10486618969254546,-0.9795161290753264,-0.17190472692935393,-0.13930275829843222,-1.5181290113308565,-0.35768908287254014,-0.16726790529519875,-1.2318360219427495,-0.45837756363747983,-0.15426484626639997,-0.9624373605381845,-0.5060718638489068,0.06408123886997859,-0.9438252224628876,-0.18958855768105307,0.034684899556909864,-1.443845222763283,-0.3424858056909236,-0.0030269112960984315,-1.2053894276016188,-0.38102911035714876,-0.009209937103863405,-0.9351418180962292,-0.38394145751760816,0.2525996356093872,-0.8315540290274471,-0.22842369566537796,0.19401818646044458,-1.2095817756091538,-0.3292756955458004,0.15116420616288562,-1.129552829746025,-0.35824338244758636,0.13288301797553925,-0.9665289537445882,-0.36917352997817304
E,0.0,0.0,0.0,-0.24731167658733885,-0.12742214638577423,-0.16875898311827883,-0.41508178611988833,-0.3664958249114989,-0.2954098800489621,-0.35456984129561053,-0.5209948151325728,-0.4233189375328786,-0.15456617515031404,-0.554272073453568,-0.5326908227489129,-0.3293146551406506,-0.9504751339754625,-0.14874074842631135,-0.33828019053761843,-1.4242917576736511,-0.32012031139664804,-0.3535809893156904,-1.2641487543594832,-0.43872757949950786,-0.351847354670986,-1.0268721828715062,-0.5065107959236207,-0.15424174739040078,-0.9768695897059317,-0.1481056652181829,-0.17894568179974216,-1.520600695063507,-0.3067436842016422,-0.20003923463724715,-1.2620397942811987,-0.3959821263443741,-0.19135800765741998,-1.0048537294840527,-0.440620463983173,0.013740216223834381,-0.9472155271946138,-0.17308588417611043,0.00493276301331376,-1.4553268836502034,-0.3009414991026768,-0.028675749343827557,-1.2402230154406977,-0.333410861643541,-0.036959615191357875,-0.9843677152312801,-0.33857784377514577,0.20364518511749374,-0.8457032906860018,-0.21675960610959702,0.1557910725768156,-1.2109790085402854,-0.30646991459693135,0.11845804809959228,-1.1368925942694785,-0.3326157801012508,0.0998508166808983,-0.9803871578728465,-0.343903087732046
E,0.0,0.0,0.0,-0.23044793684678883,-0.13401946935242143,-0.17851775525349953,-0.3798278741105962,-0.35720227637109103,-0.3130584677302302,-0.3113314457064042,-0.49796774114911185,-0.44890196647504976,-0.11562100633875785,-0.5423445798146596,-0.5653881469664284,-0.2887452107736353,-0.9728767740408293,-0.159788731404998,-0.2925364831744298,-1.4378233078707772,-0.33703867245413943,-0.30405662473133765,-1.2568158937913672,-0.45835457361703624,-0.2992998269495027,-1.0035010376817077,-0.5262267605496572,-0.10606493722982528,-0.9820082273409251,-0.1562372251583058,-0.12890362055838042,-1.5053392554202445,-0.32693879241110846,-0.15208352797451025,-1.2275208726515245,-0.42693563592648365,-0.144482916960711,-0.9645995773975649,-0.4779024545161591,0.06377827556635657,-0.9363107605271834,-0.1789031428548631,0.04870052592949338,-1.4258299751265067,-0.31485698308452337,0.014900198253286475,-1.2085724071376573,-0.35944998816669993,0.0034730199207984695,-0.9534009187029687,-0.371700674702125,0.25097223071179414,-0.8156720133017518,-0.22047303353107767,0.20149234513767894,-1.1723210567903235,-0.3065909731355746,0.16337479096215787,-1.134906290234162,-0.33975282172926324,0.14275322669631169,-1.0181188765918399,-0.35839227724587114
E,0.0,0.0,0.0,-0.24266076243960985,-0.12621164551572317,-0.17313689917694483,-0.4177053313585926,-0.35046062785476756,-0.31001018291332044,-0.36221767847323005,-0.49795815028698265,-0.4478104618891181,-0.15928320426584539,-0.5371996166090333,-0.5647761038291411,-0.3087841959794264,-0.9618060251969017,-0.1623592747106804,-0.32575630314397164,-1.436530421562144,-0.343908050462858,-0.33913829451993593,-1.2291318637231816,-0.4615688940961739,-0.33080291270748385,-0.979969906692806,-0.5271214033110353,-0.12489675695914251,-0.9785509913877825,-0.16382538678445718,-0.1535402596901066,-1.503051471102603,-0.33583700037960595,-0.1774099844787615,-1.2004254916155783,-0.419852259222868,-0.1673539859314552,-0.9417584483364166,-0.45803463900135266,0.04716372355897755,-0.9384150381851982,-0.19203491783635201,0.02537978279529599,-1.435246788748788,-0.33123703777271124,-0.009992771280477441,-1.1884423736940202,-0.3493302657803526,-0.017153557490671063,-0.9387547952718559,-0.3416667035021397,0.23644731156128043,-0.8247655769178017,-0.2391823126554292,0.16485042475849188,-1.1836852972938923,-0.3306813834291789,0.12347664868682023,-1.0884817349918028,-0.3458648448986639,0.10910115414453365,-0.9346719839889294,-0.3478681352349351
E,0.0,0.0,0.0,-0.23130376451307094,-0.13153673174218736,-0.17092041063559868,-0.39332163267730585,-0.360181451822622,-0.3058135578860715,-0.3326328608658888,-0.5120958560657158,-0.4425145416044501,-0.13022673680900337,-0.5453062875121629,-0.5585305064829582,-0.28049989671842995,-0.9747776840228073,-0.15591043403859758,-0.2947785080974965,-1.4586044638254188,-0.33334589595165953,-0.3118730965870703,-1.2657184856404409,-0.44901932966092234,-0.3078184467543386,-1.0199088074098694,-0.5126240070729099,-0.100092328731387,-0.9826474172634784,-0.15615882643816023,-0.1266277632723356,-1.5188080302784714,-0.3238856714531501,-0.15274371843229825,-1.231349514773899,-0.4081016045836567,-0.14616623887367106,-0.9694455450391821,-0.44633837656915987,0.06873341711869844,-0.9378644510464424,-0.18249060868099534,0.046456001920196,-1.4309585936594136,-0.3186851332602812,0.007889379592604762,-1.1888795790578661,-0.3398986389671701,-0.0011230569178141555,-0.9327109152622152,-0.33365481995221813,0.25594743396599673,-0.8205271499315886,-0.22772131823532182,0.19710530016755456,-1.1972839312087349,-0.31790764376610214,0.15066680136089958,-1.1065651746569494,-0.3340483721020915,0.12987476943738988,-0.9451050247500344,-0.3361706543861372
E,0.0,0.0,0.0,-0.24358799025367636,-0.10514332409025128,-0.1861407153921531,-0.4263107235368518,-0.32954199588509403,-0.33052337747807375,-0.37857863189549773,-0.4685540326470718,-0.47329862453728366,-0.17735059293093164,-0.5114860346221594,-0.5925606923674079,-0.31219759188949,-0.9601619359432884,-0.17350459934794818,-0.33351527010634613,-1.4409509171407069,-0.36503926223905464,-0.3517942515599723,-1.2197942259064605,-0.4838258211866144,-0.3441354684929608,-0.9720318376745155,-0.5457893986738779,-0.13546609052326505,-0.9765103213331422,-0.16756052831196871,-0.1645921946024786,-1.5105154966156242,-0.3434481889151442,-0.19001502950416752,-1.1977418939661824,-0.42050234829633715,-0.1762314520252416,-0.9448105291771182,-0.4498311361617088,0.03198347745530033,-0.9383246480200589,-0.19072696106378742,0.012480833143501189,-1.4290234143334846,-0.3349905809259847,-0.021961970252310784,-1.160046309808025,-0.3479076822190287,-0.025322513027663963,-0.9115603080588901,-0.3320201654382573,0.2192083348387088,-0.8291667689374256,-0.23378211533937518,0.1604461171532409,-1.1953106485502183,-0.32823250468428766,0.1192683079466904,-1.0751797644905,-0.3405390945729034,0.10469739576025512,-0.9114902267497627,-0.3368842462998872
E,0.0,0.0,0.0,-0.23600264896198667,-0.11023398411186146,-0.19054925671060977,-0.41133079750118834,-0.33596201591063435,-0.3375010419720166,-0.35849990534286963,-0.4780222295651041,-0.48216758988938957,-0.1590638382689051,-0.531952590017752,-0.6051397047138429,-0.2999718014030682,-0.9632298633519232,-0.182145669583673,-0.32208464864400316,-1.4467002839672356,-0.37425160502501414,-0.3332244827087332,-1.2430838888078843,-0.4958423629927792,-0.32403904372698605,-0.9880430783283026,-0.5594537221566211,-0.12369308855566648,-0.9767488925706338,-0.1751045993273747,-0.14906535931086254,-1.5168757061261193,-0.3490631035795287,-0.17007401691156662,-1.2281603197135067,-0.4328530411514804,-0.15897958040358326,-0.9717278017342985,-0.4689398313947657,0.04343214518993773,-0.936189625831778,-0.1969976769960989,0.029086880438437303,-1.4346368820080508,-0.34088897083690867,-0.005933521196868195,-1.1821121857135977,-0.3647900883681714,-0.013762118002570265,-0.9269098809921491,-0.35800145879242257,0.2320287284346083,-0.8225562726707243,-0.23870877054473175,0.17843418884173462,-1.2057779925757235,-0.3369023389936412,0.1350154813285939,-1.0980000768139335,-0.35680956107255707,0.11425923414340142,-0.9288037459994697,-0.35938711328448286
E,0.0,0.0,0.0,-0.23384758590825572,-0.11076389177249718,-0.19402228281122505,-0.40915502724832037,-0.32387161521147345,-0.34537890854271514,-0.36542989557851663,-0.47334722874920854,-0.49598825885719383,-0.17242437106023142,-0.5455496252566365,-0.6262329441479862,-0.2862076679641879,-0.9634605708748546,-0.1856366291223385,-0.31277587607421836,-1.4499311047738241,-0.3842285018463648,-0.3273011313122967,-1.2437035583466653,-0.5133961233690697,-0.31145899696635665,-0.977783229327108,-0.5811689894830212,-0.11177798211610729,-0.9775078550551131,-0.1788409237831301,-0.14212643971892605,-1.5210526572636718,-0.36167292100485415,-0.1679561776272271,-1.233675509188105,-0.4540934748178211,-0.1505937068430004,-0.9634554076072547,-0.4947796547002516,0.05691924734664917,-0.9405892623663568,-0.20142155261924746,0.038240266259389324,-1.4518176644068754,-0.35187721888828966,-0.0024789831226691415,-1.2014011527705215,-0.3821967867795375,-0.009951706559047343,-0.9353364981280524,-0.37832418241092947,0.24344007656428104,-0.8345684465590875,-0.24422619353755723,0.19063017555244274,-1.2275366298817025,-0.3493193729997791,0.14105567636665983,-1.1137079699838328,-0.37376661527446964,0.11817281197353369,-0.9242258838627119,-0.37793232728057946
E,0.0,0.0,0.0,-0.24930504084089505,-0.08192742615350172,-0.13025545013721626,-0.44026729430445544,-0.35926498905431997,-0.21236353932577415,-0.3595680249862121,-0.5434455700997208,-0.29860986439370285,-0.16602608413606842,-0.5406440041224929,-0.3723474351436955,-0.34769806628811617,-0.9490199813479879,-0.07313520894187735,-0.34680193881458266,-1.3347341357836662,-0.19745210614972644,-0.3542259552116727,-1.2916808334647851,-0.29801719744203803,-0.3494661802622262,-1.0999572295174158,-0.35894673859628123,-0.17686538099375002,-0.9811053967019793,-0.07842727566470462,-0.1959691397794057,-1.437689319874068,-0.2011845249950052,-0.20335482176717715,-1.317783776048057,-0.29079316292394075,-0.19805060115626885,-1.0774909607396927,-0.3357329791647007,-0.012452738768876351,-0.9476250213076248,-0.10588807215716753,-0.021908478859852924,-1.3451340426712464,-0.20754589882808405,-0.033915034219001876,-1.2365940446510948,-0.2665592047620842,-0.033820168687080494,-1.0121543272673055,-0.28987714037721657,0.15733581911724517,-0.8513548244321328,-0.14860133097851477,0.12471905973535657,-1.1572061518035293,-0.22818183603619302,0.09927629391003381,-1.124191733580671,-0.2690671364426169,0.08995739310295407,-0.9672754093603364,-0.2889429211172082
E,0.0,0.0,0.0,-0.2604685610079388,-0.04071538305719577,-0.15491389670746378,-0.4620141772654557,-0.3260975615460093,-0.24026496191878055,-0.3952533660638709,-0.5281357606781462,-0.3256891167682554,-0.1929960066661166,-0.5419876828261441,-0.3940060589833155,-0.3604117264654662,-0.9397004864996944,-0.07780984626046909,-0.3930170621637181,-1.3330353000060273,-0.21644640074525995,-0.4157654010543172,-1.2607143990742349,-0.32298022138315086,-0.3987547151686187,-1.04488226524115,-0.38364133054613875,-0.19596938441142803,-0.9779289903502129,-0.0724630264757087,-0.23542170898598336,-1.4585285789906361,-0.2109741303339519,-0.27191021691463385,-1.3365402500443178,-0.3079572197705046,-0.2524066916563941,-1.0882905257376914,-0.35035346272888823,-0.03516820701969298,-0.9492648143294095,-0.0940731211383389,-0.057000294578852445,-1.3615667381662386,-0.2130162787268378,-0.09919615800259578,-1.2638724177912024,-0.2867895044499774,-0.08703990304285358,-1.0271107890169597,-0.3113556318439794,0.13967350693560537,-0.8563694208357228,-0.1325008171467044,0.09859194618815138,-1.1800469067007782,-0.22788634931277524,0.05198009653980876,-1.1672244790356325,-0.28626951102089,0.043651013085369665,-1.000462390759348,-0.31305005733101354
E,0.0,0.0,0.0,-0.26576573418721783,-0.09497487125383312,-0.1428679754351368,-0.4561632580194926,-0.38891476678634757,-0.22963115391876826,-0.3624256225795723,-0.5762976208817481,-0.31812700958567447,-0.1575021605929827,-0.5336837037009596,-0.3919253876104807,-0.35683465160979483,-0.9365812766664008,-0.08831057175551231,-0.38513448022282215,-1.3343057101028266,-0.21967793652511478,-0.4172293869746623,-1.2569866009874613,-0.31740158061336815,-0.40641686768402,-1.0626155221575344,-0.3768936631524345,-0.1905154897013021,-0.9776448900637643,-0.08896244778603582,-0.2273610592532885,-1.454722090850933,-0.22214699883718453,-0.2639997912400995,-1.3165428618490553,-0.303081349263308,-0.2483951682896215,-1.0826095756356449,-0.338717707535552,-0.028405936772940024,-0.9498247485699737,-0.11387593013171131,-0.060870877395812054,-1.3798104634191166,-0.22449471827801773,-0.09518244228555173,-1.2569924687198066,-0.27576751361205,-0.0796572782105844,-1.0321385203555151,-0.29022157204513366,0.14709365912320613,-0.8541870680499578,-0.15584069122040714,0.08257757525223679,-1.1675127288074427,-0.23880669812946714,0.037167194631168764,-1.1424521329379251,-0.28226089291878076,0.03619632941685241,-0.9992561150251524,-0.30393586834721315
E,0.0,0.0,0.0,-0.27704840920543333,-0.05142672639752197,-0.15954136506515895,-0.46835617812072544,-0.3711550712356468,-0.2359516937992354,-0.3580636749414925,-0.580553517042351,-0.3102949110813433,-0.1385953434010008,-0.5360712746924702,-0.36597346538483944,-0.35315206409042293,-0.9390271842573312,-0.07465463800907735,-0.3733374040136438,-1.3394114479340036,-0.20836056660703714,-0.39723843048188023,-1.2498384757585792,-0.3041377211668448,-0.3813693396305296,-1.0325727846774049,-0.35935613313017767,-0.18240124090105078,-0.9811886548797257,-0.06323457007896185,-0.21106739049473439,-1.4607094761156658,-0.20855161669128885,-0.25117778530376406,-1.306724501266197,-0.2917829736298571,-0.23395439499752502,-1.0519265002850886,-0.3201786224318059,-0.02042024035898233,-0.9561096590675784,-0.08057586721634301,-0.03807591185723153,-1.3785657719657456,-0.20701182390336373,-0.08094493181538835,-1.2518952476288998,-0.2649082958624145,-0.0629882360897611,-1.0095943956086721,-0.2750774291972894,0.16054807073572588,-0.8662818502570475,-0.11598723173471086,0.10137074440400129,-1.1841586051025834,-0.22068517766877263,0.04947174058845386,-1.1401190454400232,-0.27775123262870616,0.050329492469592375,-0.9649219544873999,-0.3012162321283474
E,0.0,0.0,0.0,-0.2629847788544011,-0.07513709429544614,-0.1414692211259742,-0.4460070014734506,-0.36643310868915957,-0.22068248371588456,-0.3367143562235068,-0.5635289314334567,-0.301541847671251,-0.12120023120460754,-0.5279041843527764,-0.3656227643405793,-0.35629647619845833,-0.9526203951018309,-0.0530004876474136,-0.35994653295624357,-1.3501620298515222,-0.17656044614559283,-0.3673639697247429,-1.2790501370361893,-0.27487084431717485,-0.36487302325283766,-1.0791764569432258,-0.3334354859732183,-0.18849211752951764,-0.9808511217834236,-0.04900814754138464,-0.21240095491649197,-1.425777590581752,-0.1747444252232329,-0.22195338520125138,-1.275775466406602,-0.2582190898494036,-0.21418035758591228,-1.0354706483568006,-0.29473154666636475,-0.027224667717434606,-0.9506162435672322,-0.07165278764959711,-0.03501217968498716,-1.3732701239669638,-0.1792665305114682,-0.05338678749707875,-1.2486296177057956,-0.22793537220809254,-0.04710299269515082,-1.0174501829563274,-0.23892458988095702,0.15232493145844425,-0.8593039903433043,-0.11136268030554056,0.11284710528312042,-1.171561879963234,-0.1984165943301865,0.07778652372115337,-1.1267078243550888,-0.23979773982568994,0.07104623041863206,-0.9687953126244424,-0.2559646607788503
F,0.0,0.0,0.0,-0.17484646808010157,-0.033433349352084696,-0.14173541765656664,-0.3378367986701139,-0.14958678843272788,-0.27874256808665493,-0.4307588993440504,-0.2510999376899138,-0.42099210232658696,-0.48544391504195644,-0.36087183388124905,-0.5524750193459239,-0.3322367151559112,-0.8260245794750279,-0.16436744641082762,-0.44977153319277224,-0.9934798381341053,-0.39043498889738,-0.459562420938247,-0.7561353870814905,-0.5576601636962559,-0.4329162326781746,-0.5355116143392447,-0.6444743448643867,-0.1730085496970891,-0.964987473995222,-0.19714770291340072,-0.3074898760430486,-1.4285642890272292,-0.37110985262243834,-0.3917357257907247,-1.7291964399232609,-0.5011921231953611,-0.46226875262939354,-2.025193883632069,-0.5890524102232579,0.00220500160532415,-0.9646191396371833,-0.2554807019682086,-0.056650174584357796,-1.4011904402283142,-0.4172884277906355,-0.10051962237634848,-1.6841551784093305,-0.524639251236588,-0.14457286200664043,-1.9519198686426147,-0.586565340068274,0.1929182478620941,-0.8706120540607633,-0.32352328058543056,0.2646493622729704,-1.218556402928864,-0.40554905254227175,0.29330712655496755,-1.4427236422772147,-0.4394249598794014,0.30570337933841724,-1.6662420426375257,-0.4651710498190526
F,0.0,0.0,0.0,-0.17172539798077982,-0.030843136448795657,-0.17934801159603941,-0.34069437181384804,-0.14445388398714465,-0.3266532298912534,-0.4292014749259754,-0.262693222128335,-0.47238595234869185,-0.44075832125813147,-0.3937550407191626,-0.6004973729892217,-0.3197118492950475,-0.8389835003463834,-0.17885180999509662,-0.41683699334291097,-1.011739829722819,-0.4069190810648062,-0.4093490714295926,-0.7743803673147932,-0.5713994428333007,-0.3699190141629573,-0.5506800329881406,-0.6553067197543475,-0.1577316356436187,-0.9696956825528754,-0.18657710029770946,-0.2762334490421276,-1.3841437419052274,-0.35877824243141243,-0.3497737591985602,-1.6755113630232104,-0.4812845392874972,-0.41105733033149844,-1.9667155725261034,-0.5657240508145215,0.014019923073719541,-0.9672777361814886,-0.2250488656072252,-0.015938211775293577,-1.3868850399398578,-0.3845195083170459,-0.047536785986414115,-1.6631173731211844,-0.47901134485891594,-0.07912854104819478,-1.9237226957061826,-0.5322220660458412,0.19646589170851966,-0.8670521109055834,-0.2776833376787975,0.27770750116034204,-1.1958977767955286,-0.35634693672654616,0.3108587336838858,-1.4077360148686655,-0.3869373617000326,0.3331151972839087,-1.6172428477747653,-0.4098729195859072
F,0.0,0.0,0.0,-0.1635931514959967,-0.031105976199984085,-0.21377418091252093,-0.32865580294556773,-0.13875500887619263,-0.3821431598095127,-0.40894599573358,-0.2579522816731802,-0.5434322937917664,-0.4071646034616347,-0.41435622033448266,-0.6846112690327428,-0.3097008478013401,-0.8367039696054,-0.23366149164335961,-0.37962065263559785,-1.0219862267964068,-0.4799628080128085,-0.37261515892718144,-0.7552910909995761,-0.6531043245743744,-0.33963276768401607,-0.5184019794031581,-0.740347058967258,-0.14645552266769707,-0.9641564563657941,-0.22125349156179733,-0.2557441093647783,-1.3729790869835883,-0.40273744755004626,-0.3200521299781882,-1.665558121997114,-0.526342935519028,-0.37557971755575437,-1.9665715350806643,-0.615028282596661,0.024238145307952066,-0.9593223152235295,-0.24091956751832702,-0.0064141003225884645,-1.375897589302268,-0.39914619413328206,-0.03172469970377075,-1.6576671830781662,-0.48465656597972506,-0.054985160653080775,-1.9218704700644498,-0.5348228005214882,0.2034863932613142,-0.8633386878960154,-0.2787205527359598,0.28119806533691977,-1.194503547504178,-0.352590761634323,0.31723662171514916,-1.416784964108332,-0.37999309563385403,0.3496349582152717,-1.635391871658607,-0.4034246545091345
F,0.0,0.0,0.0,-0.16055246209568513,-0.016484186429923338,-0.23145810025775448,-0.3163878807678646,-0.11815321773634568,-0.40793251311628215,-0.39328690370315067,-0.232444417261299,-0.5731690613234085,-0.37292462232424256,-0.40566573442148335,-0.7184229642331332,-0.2974489694284357,-0.8297932226106538,-0.26903999842774945,-0.3574177729260353,-1.0251819172466188,-0.5211354139666567,-0.3433201460382259,-0.7608677470655862,-0.6953210781545826,-0.30944157260284894,-0.5183713817781256,-0.782274428473194,-0.13266883980155703,-0.9599782707611382,-0.24665907364652906,-0.23872257621197526,-1.3747336640034535,-0.4312744248870871,-0.2960096512652649,-1.6689086379746758,-0.5567866084889698,-0.34836039619428877,-1.9711531053060678,-0.648011869520629,0.03665663369134059,-0.9584655140606454,-0.2555184492780878,0.017739329487235785,-1.3668254524748105,-0.4117975216008667,-0.0028021110554018146,-1.642242732092745,-0.49414131756351515,-0.024218126123064995,-1.9065781235673998,-0.5434497971309822,0.212395053502889,-0.8651661609587178,-0.2839764290994414,0.2957538382166949,-1.1962489515694241,-0.3572488615686379,0.3336766757608115,-1.4192345881147699,-0.3827823542080364,0.36813902769164303,-1.6397110960705974,-0.4049932996426925
F,0.0,0.0,0.0,-0.15671677672788834,-0.036920112568682086,-0.20927984578868136,-0.3061995720801334,-0.14189235214497584,-0.37290479828534534,-0.3797854171270523,-0.25951004666603605,-0.5306107851281593,-0.3683236031415162,-0.4295226848610706,-0.6685602458712336,-0.28822215319570993,-0.8451110218365544,-0.2250267944795091,-0.3472664859138456,-1.0302966842499122,-0.4702074337513487,-0.3342977932569431,-0.7701125176632345,-0.6457059827603177,-0.3025956427827982,-0.5299462634980465,-0.734117583891121,-0.12338664439874032,-0.9693859675979911,-0.21228891117560839,-0.23280191250391277,-1.3797715596329025,-0.38479221704583505,-0.2948730639552678,-1.6719218943150147,-0.5063049323386158,-0.35029964512788364,-1.968152201594328,-0.5953909070092934,0.046300727130296156,-0.9639250382784823,-0.23144772014857157,0.021904712703511083,-1.36845088475039,-0.3802643528836025,-0.00027479643868139725,-1.6369872399098926,-0.45794871643411733,-0.02245113534046454,-1.8943648560669917,-0.5040183330385728,0.22136444596472035,-0.867249191043809,-0.2695608892904997,0.2995484077013428,-1.1919675322606644,-0.34016483791079966,0.33955810976334905,-1.4056579674809255,-0.3615417372885601,0.3763123553538146,-1.6195203565409888,-0.3798641417343277
F,0.0,0.0,0.0,-0.15901483017108525,-0.026086358583914105,-0.21246312262660993,-0.30846473907081046,-0.12190136736627515,-0.37923221827716025,-0.38688435769284446,-0.2263111213514818,-0.5390183717356803,-0.3724317836896277,-0.39718459862310623,-0.6787838170671724,-0.2952608887817698,-0.8318114333991219,-0.24205642361666502,-0.3605007449516465,-1.0153010433651917,-0.48968427161142314,-0.34057356938272926,-0.7487281276775295,-0.664718762546156,-0.3069081266756201,-0.5012614792028718,-0.7526070792188085,-0.1296352286541249,-0.9648621379457969,-0.2285514433348845,-0.24612554534349823,-1.3794586550853896,-0.39804510716833674,-0.3033622177088826,-1.6684673408012194,-0.5180185186647025,-0.356821584121299,-1.9640568748042966,-0.6090131412809715,0.04112780332285357,-0.9675717633415897,-0.24615286137663936,0.01162622509997331,-1.3736860306016536,-0.39110797030442246,-0.010022846425727486,-1.6373217677110505,-0.46691021482085526,-0.03366044576222381,-1.8944992738730797,-0.5144333068045397,0.21818608896786146,-0.87427470227429,-0.28315128233814285,0.29839781702865814,-1.198571044009889,-0.35188022324253493,0.3394283721164348,-1.4073003507187816,-0.3718526275690044,0.37422402125518234,-1.6179839753850238,-0.3907788125759474
F,0.0,0.0,0.0,-0.16174905897937564,-0.018809519098786504,-0.22437811636129157,-0.312353393817714,-0.10861869950656143,-0.3957991478956182,-0.3739481662311457,-0.20519449511261664,-0.5581370229478686,-0.33986467606717347,-0.3389632626536166,-0.6997303926316443,-0.29596264797671396,-0.8296832051163533,-0.24518721397017315,-0.35517525209663475,-1.006604698422553,-0.49464884905631973,-0.3327155842633705,-0.7449205946243964,-0.6715840207193114,-0.30092669504020747,-0.49642307350457204,-0.7606052242989347,-0.12363941078357889,-0.9662812906381458,-0.2258622665780379,-0.22864469586610167,-1.3650787950735506,-0.3904469006588663,-0.28242683065688307,-1.6367626507732833,-0.50601685701213,-0.3347328670295971,-1.9123957035375474,-0.5938979388334239,0.051401389305069205,-0.9735828815687365,-0.23982673708376742,0.03543075980317561,-1.3640830883067891,-0.38297470213859536,0.01682043379620681,-1.61459090750001,-0.45715812225295654,-0.0035673671898262395,-1.8590798616662483,-0.5026107521516697,0.22832521084221225,-0.8820634861869266,-0.27478937695290095,0.3120721952582259,-1.1991806992070084,-0.34425871146476716,0.3538595429213297,-1.4043068995452874,-0.3646295357668385,0.38840712712000447,-1.6112511895579755,-0.38258087540722396
F,0.0,0.0,0.0,-0.16061022939243721,-0.008192430052354151,-0.24410821525120346,-0.3160889110940509,-0.09627339851027598,-0.4247506903311932,-0.38826836428845724,-0.20654686289409563,-0.5928185079065649,-0.3635225045478389,-0.34375371347016886,-0.738526294141707,-0.3041120680366368,-0.8214654348983695,-0.265906110982466,-0.36598524928428283,-1.0026880789131742,-0.5194684721036507,-0.34450904481734446,-0.7377191867439719,-0.6958523999070413,-0.3123386256733918,-0.48543722407579726,-0.7841310885935281,-0.13559936378809992,-0.9619195768386479,-0.23732581030056377,-0.24196780518107922,-1.3527714251204825,-0.4065790766670422,-0.2982536286523051,-1.6163550476137765,-0.5214520409935871,-0.3530415872733301,-1.8859156511387338,-0.6085336141674058,0.04001627323502358,-0.9723988135881673,-0.24376149385987309,0.02145254784593321,-1.3616187428341051,-0.3899003832314884,0.0013658790029534818,-1.6082639661454006,-0.4622571641300686,-0.01896821482693264,-1.849245044615374,-0.5067014591233184,0.21657959708103672,-0.8843222403494485,-0.27295649503334446,0.30060093424909,-1.2017170486314452,-0.3429373044569546,0.34350990807554743,-1.4038275840957324,-0.3638473335913939,0.38027229711756116,-1.605782994176379,-0.38307838899023217
F,0.0,0.0,0.0,-0.16085324221761507,-0.00363291322579963,-0.25634859366590645,-0.3224045543649508,-0.09272428205845144,-0.44266733571526384,-0.3909097167768253,-0.20490965671655711,-0.6145012722619602,-0.3442768084453562,-0.3242154481522431,-0.7629834371687163,-0.292186897560982,-0.8239000100176365,-0.28437506316568983,-0.3552262603934093,-0.9974800916489147,-0.5423881969975104,-0.3341370710432855,-0.722142734116929,-0.7173391593789309,-0.30880693869166015,-0.46698523800029945,-0.803968719144196,-0.11981381971849049,-0.9604539244054968,-0.251342212329217,-0.23201420106893264,-1.344732882426238,-0.4234731940607502,-0.2872324898333113,-1.5999690343095965,-0.5364756895849785,-0.34241869532441893,-1.8644449101589498,-0.6214518934904749,0.058131010126065114,-0.9658772912686823,-0.2539263065339403,0.029614931117799705,-1.3537208561914844,-0.4070336213422218,0.008969603503938165,-1.589932661969395,-0.4782420906052684,-0.009046189382069117,-1.827833496843383,-0.5190739744304207,0.23457943988220736,-0.872781205470791,-0.28006662239068364,0.3121040124924126,-1.191809254060036,-0.35821875935023556,0.3542114975081742,-1.391788953607988,-0.37962072827274307,0.3931054804753331,-1.5926581877809878,-0.39615522478870147
F,0.0,0.0,0.0,-0.15870981150432684,-0.012307044417040695,-0.23214650391044714,-0.3164799663627741,-0.10144160841997976,-0.40884496210549565,-0.3900725466945077,-0.2065856313536771,-0.5762320543452195,-0.3580740220490119,-0.35778485670389704,-0.7230832107334749,-0.30243596898888836,-0.8257689008512527,-0.25548508532230707,-0.35667120409312236,-1.006876084753353,-0.5169513284362598,-0.32925540111957363,-0.7466508047838432,-0.7029760226399814,-0.2945964768635749,-0.4983667986004374,-0.796382703947782,-0.13191103404114976,-0.9634827199305145,-0.23302473579749497,-0.23870259352298573,-1.3648834366730664,-0.4047112506818006,-0.30614661922446046,-1.6463215830764777,-0.5246899656502911,-0.37371313494780345,-1.9350547488825967,-0.6151519188549917,0.045178032676142524,-0.9664718947864803,-0.2452490471594771,0.026699295172204013,-1.3621617266887573,-0.3927373608226375,-0.0015458319195222874,-1.6135462860617809,-0.468708822875767,-0.033956142657744916,-1.859544160438962,-0.5148061843446402,0.22184786193331574,-0.8680076959055314,-0.2793403275547955,0.30591575756104594,-1.1862148107943713,-0.35083335439803287,0.3426758366959015,-1.389782769079951,-0.3726101390089183,0.370246941852993,-1.594534318249197,-0.39152804964889365
F,0.0,0.0,0.0,-0.15228667910001772,-0.007632157454109405,-0.24297112585929,-0.3119923159040429,-0.09049693072571545,-0.43082052367513224,-0.3851120893980682,-0.18020088958089805,-0.6070670498910633,-0.3384738240642385,-0.3069388914273199,-0.7631921116919925,-0.27334766360064927,-0.828504462483992,-0.2850907864895177,-0.3334668443330761,-0.9738804520842451,-0.5478877848569318,-0.31743251752741236,-0.6847314726048127,-0.7308192712372119,-0.29695969992424254,-0.42963488841150216,-0.8229442608546286,-0.10369406085694623,-0.959949390013279,-0.2602781403731967,-0.21627887929275727,-1.3577746133098851,-0.43953468626098957,-0.28375456660239257,-1.6383321020596726,-0.5609334447657056,-0.35331160827240726,-1.932157568857648,-0.6537964335180904,0.06727810034123316,-0.9552668675018101,-0.26872070287740496,0.042985924014853245,-1.3610435886782168,-0.4270894952483874,0.019243999843505555,-1.6290442025463103,-0.5092179093831031,-0.00781741163696718,-1.8896758458518048,-0.5602432679746834,0.23798510665020892,-0.8497000600399688,-0.29834744855096923,0.32928471803507725,-1.1653073253068165,-0.3770602058892831,0.3700870830093484,-1.3780701799208164,-0.4033297606979158,0.4005070793531187,-1.5952043510110594,-0.4274490156269823
F,0.0,0.0,0.0,-0.15441389310216738,-0.006360643181546692,-0.24186973806147033,-0.3135675978333137,-0.08566237623377362,-0.4254523568243407,-0.3871214474895555,-0.18468933830177134,-0.596774684467068,-0.34698849957492967,-0.32720507476348204,-0.7471205734869721,-0.28507380905406016,-0.829949378603056,-0.2797563643076626,-0.34205181838489973,-1.0127961121849505,-0.5351969135245485,-0.3156370875133632,-0.748922480995201,-0.7120111417052499,-0.2872207620567336,-0.5044018354434694,-0.8005121358376132,-0.11265290469632015,-0.9612854930006625,-0.25147469854829313,-0.2260736268950616,-1.3685813519199181,-0.4193783344900831,-0.2886916476853051,-1.6421591320387843,-0.5327011134268437,-0.3528927514038934,-1.92654835406397,-0.6201552385950828,0.06425759558331072,-0.956421163340393,-0.25639488109917713,0.04106368743061997,-1.3494294301345315,-0.40443518769812414,0.0218383655425779,-1.6023562224428844,-0.47635034729467896,0.001567092191694944,-1.853909646401908,-0.5203466637375129,0.24055022428451653,-0.8520530330880887,-0.283315581160492,0.32469112124753113,-1.1664898978514227,-0.35850795703690597,0.3630298298670656,-1.3747684562873292,-0.3781879335786735,0.39503804177578694,-1.590977633671939,-0.3957174837200527
F,0.0,0.0,0.0,-0.14991054517305452,-0.026740791685597832,-0.24163105088757061,-0.3067281662809085,-0.12370562424505664,-0.4238874512646058,-0.3733960434395697,-0.23706891738718078,-0.5957128935544586,-0.3190618573318408,-0.353430589609038,-0.7440290130033133,-0.2567878400917125,-0.8425837625351317,-0.2594281933914858,-0.3089087245349083,-1.0087128706423183,-0.5186253815405648,-0.2965152799449093,-0.7256311800484745,-0.6978081853631837,-0.2754315813118443,-0.4740226595092949,-0.7876131679547763,-0.09385522780892572,-0.9678738111124549,-0.23326268877723796,-0.20153874958305032,-1.341391272724158,-0.4080454375516071,-0.2576789195207791,-1.6011112406369368,-0.5224994557426645,-0.3112857432521081,-1.8811072788583807,-0.6080130767572576,0.07498661452812726,-0.9575615478884557,-0.2435046078162538,0.05326027868599568,-1.339798949203358,-0.396805147081208,0.03797331037373025,-1.5714880095742725,-0.46658294750606905,0.0229890593510648,-1.8076650830947867,-0.5067286302811658,0.2435741539569136,-0.8483483864767312,-0.2766739693506178,0.32424143169690706,-1.1525293192681731,-0.3530896044172449,0.36305702489957054,-1.3473350298766908,-0.37463107376644317,0.3987723140091677,-1.5466924567681413,-0.3920969121996751
F,0.0,0.0,0.0,-0.16383268192876968,-0.01826011056194779,-0.2319285624881852,-0.3240672160569747,-0.11913473189058883,-0.4070675731635666,-0.39783877187830313,-0.22338549440083044,-0.5726414458604394,-0.3525484954795131,-0.36042496749786196,-0.7171647118071157,-0.2984009752707289,-0.8396835422946786,-0.25112464329747153,-0.3549462463469066,-1.0284119247541237,-0.5137258439834834,-0.339389774198863,-0.7544472894770958,-0.6995937743549319,-0.31059281671145667,-0.5001782664400612,-0.7922755840788456,-0.1290189216936696,-0.9644782522301326,-0.23051207955356998,-0.2322150866116807,-1.356995745077008,-0.40368785976580873,-0.2984902806746626,-1.6195754628519623,-0.5233585233082264,-0.36078629054696265,-1.894708080508141,-0.6115180727573147,0.049642823330065824,-0.9569374362262724,-0.24579473141033015,0.03224083847169438,-1.3545097472400978,-0.3960011782688568,0.00591413460924551,-1.602487171493927,-0.4714140020341091,-0.018352591269132478,-1.8473168117916217,-0.5159344989270661,0.22786015820296668,-0.8493406979153145,-0.2828506361154881,0.30970439332269395,-1.1702826217475157,-0.3549425888213522,0.3475481866850381,-1.3727590088492714,-0.37580472809317295,0.382453501497208,-1.5761437972894106,-0.39352745165596853
F,0.0,0.0,0.0,-0.16292905981023967,-0.02745431496796772,-0.2056632607782372,-0.3298478010527877,-0.1304373310191189,-0.3653020689091373,-0.4041970268779715,-0.23953866024480533,-0.5192607212171848,-0.36542141438819786,-0.3893365107464565,-0.6526048191931335,-0.30561543827122,-0.8452188939811133,-0.21193533452829227,-0.36505816349370523,-1.0291551930436804,-0.452255070086792,-0.3503352043578857,-0.7741498937670189,-0.6283647262633927,-0.31877413255109066,-0.5338749534261377,-0.7196991357837681,-0.13740556407483878,-0.9697902978600661,-0.2015601377697477,-0.24224143718040086,-1.346244021153753,-0.35735184275686527,-0.3107083505940773,-1.6088483864327723,-0.4727215623500371,-0.3721573465808701,-1.8793443740911617,-0.5615697712229484,0.03676141336836546,-0.9639988972766458,-0.22523624371365497,0.015125719676530211,-1.3482940300213988,-0.3627303741442717,-0.011615307430953268,-1.594905841914222,-0.4408368483994312,-0.03760657623528973,-1.8303613982522169,-0.4906503196446642,0.21490314050467196,-0.8569872187041082,-0.2686879186343111,0.291899380487177,-1.164192556852569,-0.33878977490400625,0.3247143219694324,-1.3646721658412542,-0.364808033157306,0.3498199932856315,-1.5677831965516296,-0.38751213903809
F,0.0,0.0,0.0,-0.1563708974015962,-0.04119264816874831,-0.20817079226935528,-0.30667835664212356,-0.14843896928071168,-0.36852846021547225,-0.3721905130361235,-0.2624300079456613,-0.5254447099085072,-0.327807429864916,-0.3902457062470498,-0.6609284437124217,-0.2706386252366924,-0.8610873834339753,-0.19715605556016813,-0.3218476534432683,-1.0318987221479752,-0.443239757921776,-0.30600300814574527,-0.7693900653701659,-0.6237747998720038,-0.2788574281961492,-0.5298845158729687,-0.7162310791660406,-0.10386390559955629,-0.977454906154909,-0.1838319764004739,-0.20337646786114555,-1.348101839160746,-0.338172364024717,-0.26002412727700547,-1.5947885427630943,-0.4465892634105671,-0.3164994039246986,-1.858025023569551,-0.5288945248914149,0.06693144548299046,-0.9631990961992855,-0.20743992221011848,0.0428935258633307,-1.3360546431308498,-0.34325227275327386,0.022918269687901616,-1.5693811020039672,-0.4103845950895208,0.0011676128261172015,-1.802994822513192,-0.4504710990071134,0.23832323836474417,-0.849725334771348,-0.25256589839728044,0.31250198033139714,-1.142838959720656,-0.3192247644339353,0.34355305499343974,-1.3323761985715386,-0.3382689667091216,0.3685613206962884,-1.529237319818044,-0.35459955864330944
F,0.0,0.0,0.0,-0.1611484509340576,-0.010998684166197755,-0.2443682021077663,-0.32648221618013495,-0.10523513152090602,-0.42905672123871724,-0.3988711381604828,-0.20531413519886052,-0.6019258989026031,-0.3494638522527224,-0.33633201639872184,-0.7552016588592608,-0.28287369446351895,-0.825013694683358,-0.27815259542419996,-0.3413463474283919,-0.998153539380596,-0.5399920187015325,-0.3318148315916173,-0.7237939851065586,-0.7260613584978187,-0.3104541639268587,-0.4683568528289002,-0.8219872983947741,-0.1161381852781465,-0.9601322078193072,-0.2542795025721137,-0.22332404523776858,-1.3578341488142764,-0.4343533268548267,-0.2923783018817732,-1.6293974699304032,-0.5616695198039674,-0.36044235510502987,-1.906325722941039,-0.658195425101119,0.05551998164830938,-0.9622292178077247,-0.2648368688889752,0.028841076109415133,-1.3630169212677237,-0.4224863515513,0.0038067497965612973,-1.6307934100931547,-0.5108518832201058,-0.01840931538831857,-1.8857700654636822,-0.5668243286067953,0.23078506379260894,-0.8627709544119123,-0.2969602279538271,0.3189019563981258,-1.1836121635996792,-0.37658665714008005,0.36289511021476856,-1.3929897338031436,-0.4075848584915435,0.40088557623716625,-1.6003613077867151,-0.4352613210998745
F,0.0,0.0,0.0,-0.18728633575575063,-0.1494290937421451,-0.09945701717072793,-0.33667169370047395,-0.3385483014775593,-0.1954351788002734,-0.41149631306729245,-0.5140942633002533,-0.30592670746568124,-0.43702775673095495,-0.6962538595621307,-0.40279236676937613,-0.26700423341847296,-0.9118437311024894,-0.05539505668004205,-0.34182592077652574,-1.1773520292152915,-0.24063849242196678,-0.3671025240116354,-1.0038034983642363,-0.38592943756328896,-0.3570293635629799,-0.8127000536966288,-0.4607215299578629,-0.11660586644519735,-0.9891871903331153,-0.08894815563822439,-0.19367799269796337,-1.4249943762483122,-0.21083520361194086,-0.2461574067602213,-1.6949395366258226,-0.31203374576531445,-0.29206643351259015,-1.9377171924484053,-0.38408355479472756,0.049289266358135096,-0.9562035577232769,-0.15095900335247572,0.020864296543813984,-1.3596552939066884,-0.2586787605853968,-0.0057105757393450295,-1.6020080527923073,-0.327410604653557,-0.031200116111064262,-1.8248530578563797,-0.3684511530174987,0.22375392778144224,-0.8390221623907774,-0.22492107766141137,0.2800805038454055,-1.1487551703870806,-0.27326919974751196,0.30341782761606273,-1.345388994421974,-0.28852263939177303,0.31859537099175306,-1.5347384870125282,-0.30064866410279417
F,0.0,0.0,0.0,-0.18741531699343217,-0.11226475150086498,-0.13364441153957965,-0.3648311732991601,-0.29538553030444265,-0.25131968583530145,-0.4547570928353827,-0.46027521522617243,-0.37628585033756623,-0.4330068738494736,-0.6192857303113312,-0.48456087220650396,-0.2726768266707314,-0.8920233322663954,-0.10151052083405508,-0.3731070518945768,-1.099155195490033,-0.30660300973518145,-0.40675319386601355,-0.8967983556285014,-0.4605243715376792,-0.39718549869522646,-0.6921248464418878,-0.5387954806683452,-0.11381073056388519,-0.985752989178913,-0.12384733317012814,-0.20428176338657827,-1.4133192943746598,-0.26638720245491915,-0.2595709908161225,-1.6961704504959918,-0.3743096282468581,-0.3011631594307888,-1.9655268835138855,-0.44982270153201825,0.057565255613569385,-0.9604264740648258,-0.17690387675186622,0.031312321339119535,-1.3618498370651302,-0.3058953008132743,-0.0005751902165493577,-1.6080834493789706,-0.38437809808921636,-0.031413240625169245,-1.841638268531388,-0.42965885418051625,0.2355754420004423,-0.8428236888991392,-0.24339587510633462,0.3109278460651089,-1.155527565256921,-0.30219897660565975,0.3435861721676748,-1.3489493197580018,-0.32432077617711946,0.3666116778458943,-1.5409775926886522,-0.34178500155558283
F,0.0,0.0,0.0,-0.1783937608932659,-0.10738960257463619,-0.14663780247940597,-0.3453836169157205,-0.2902353191612792,-0.2678240125541623,-0.4237196416637817,-0.4585468375539972,-0.3953346185109809,-0.3968926804149846,-0.6166723835172427,-0.5044410983174697,-0.2641103233797736,-0.8951900530965791,-0.10556994835295348,-0.34385219525568594,-1.1275895495715011,-0.31434255827371316,-0.37336259355742646,-0.928783220522002,-0.471905957005145,-0.36078751136102316,-0.7232124737429274,-0.5531223396010231,-0.10515033912128735,-0.9870398392500804,-0.12122607770547486,-0.18512547559106216,-1.4079868770008332,-0.25962795892899965,-0.23881286759774278,-1.6952078964048405,-0.36570228644426683,-0.2824341131273293,-1.9695584843566887,-0.44200893477496817,0.0644551207124125,-0.9596576929383446,-0.17067376435979836,0.04866198354120683,-1.372975215571988,-0.29954127467474,0.019446806749004182,-1.62974281409381,-0.37942443386763586,-0.010874780036321538,-1.8692783420461418,-0.42680467573166914,0.24015190345363888,-0.8383741562138352,-0.23517069002201452,0.33213326821156425,-1.1429998313276981,-0.3008359825930291,0.37254552874781843,-1.3388782170632172,-0.33056271911476204,0.39636074516370134,-1.5355174592724739,-0.3535906355898047
F,0.0,0.0,0.0,-0.17476045997478373,-0.12433267285854466,-0.14093174052390475,-0.3335932182612082,-0.3046491770612085,-0.25870052385109826,-0.40640651501722197,-0.47121103520031293,-0.38456106200958873,-0.3787984987573992,-0.6131550935952202,-0.4913361164939175,-0.25812486717173644,-0.898040449092603,-0.09298444410457797,-0.33442512528831114,-1.1137259360581995,-0.29680271234557726,-0.35780000069848905,-0.9174113736017177,-0.45110534509707667,-0.3445404749055294,-0.7140346615409632,-0.5307585059497081,-0.1022532080301527,-0.9887981691237852,-0.10873114634267736,-0.18396792247289384,-1.3925988669066447,-0.24112128614149278,-0.23964121018439305,-1.6719837886053288,-0.3399572489193533,-0.28854489663929106,-1.939774623139595,-0.41282956146229055,0.06266420597951691,-0.9653395656516935,-0.15838761993035133,0.04446859851860774,-1.3518625404732791,-0.27834976606154027,0.019174725916272208,-1.5893711844240066,-0.3463612584668078,-0.008445287200182977,-1.8116390716958362,-0.38686180292880695,0.23293496732688168,-0.8497755952533803,-0.2244061970111898,0.32103363407239505,-1.134669448524211,-0.27970575452095703,0.3600004241524817,-1.3221038377275856,-0.30098239845121677,0.38257550912049965,-1.5104627346951942,-0.31962154594756914
F,0.0,0.0,0.0,-0.17054050296458864,-0.14136758856680406,-0.12476705919540121,-0.31667942607781313,-0.31500650857956214,-0.23362349627807125,-0.3760642633481468,-0.4748404619788714,-0.35387735714697555,-0.3570312000085502,-0.6161248025472261,-0.456299359021556,-0.2440477510542229,-0.9143950355797044,-0.07617960209600802,-0.3104983846164743,-1.11431192084417,-0.26513560291757876,-0.3286419186079339,-0.9064399547867039,-0.40818737194712995,-0.31819527419075455,-0.6973285729405592,-0.48196236029060063,-0.0870016262147506,-0.9915098601668477,-0.09663805786493679,-0.16413212101336672,-1.38462870023262,-0.21449500379907568,-0.21662843125906894,-1.6441867776332326,-0.3061986881468312,-0.2623227679138217,-1.8972022968968871,-0.37763217350450434,0.07979773618422863,-0.957174712900512,-0.1489555073375,0.07401983539773356,-1.3368778931691134,-0.2595142818222848,0.05147015624128656,-1.552619978091751,-0.3201144174464522,0.0245555886484955,-1.7638309234281997,-0.35719754441454354,0.25263061969435335,-0.8348417791791573,-0.21618689694403206,0.3407420151825504,-1.114310941455953,-0.26542042125345006,0.3703224775021555,-1.2925696356885428,-0.2787860710397877,0.38153328957568927,-1.4800404554907187,-0.2926085136117345
F,0.0,0.0,0.0,-0.16832100517107484,-0.12760484831430896,-0.1398823014254321,-0.3202832893265257,-0.296975480168546,-0.25452361100726634,-0.38659292501585196,-0.4564326784133395,-0.3769750394405778,-0.3643745096808173,-0.6002994015858204,-0.4793195684853488,-0.2566951310203144,-0.9034597383019063,-0.09108826396822971,-0.3280122901125076,-1.1081084647339083,-0.28701555955662295,-0.34565560264666645,-0.9023158998774921,-0.4313932340235367,-0.3308176924688549,-0.6968188914290513,-0.5040504328228578,-0.10118265741422501,-0.989444574106027,-0.10373767209041326,-0.18589996268091646,-1.3803530492028477,-0.22804821430856925,-0.23948323550102288,-1.6431468537264409,-0.3177968624912704,-0.28471678889904284,-1.8976440034971214,-0.3850244354158505,0.06663555060779826,-0.9618286163221171,-0.15015058148840263,0.05130099025206875,-1.3385481257650893,-0.26455480929327485,0.028579401422811113,-1.5581357483292408,-0.32394399043537286,0.004524296202730613,-1.7692525937744907,-0.3580843621977596,0.24204376259914942,-0.8444187078054932,-0.2129696157125693,0.32840343819403023,-1.1297829358478133,-0.2639260619601795,0.3645865174607318,-1.3107337086274369,-0.279016342937543,0.3850827772912305,-1.4961020210294909,-0.2926714629656958
F,0.0,0.0,0.0,-0.17374067804300994,-0.11651648720210697,-0.148616973813722,-0.33092551816203725,-0.2774932802231426,-0.2668054395747607,-0.40483990092011335,-0.4304433489507116,-0.39097297761887034,-0.386978745560861,-0.589342576703115,-0.4956649392000138,-0.25276243005887983,-0.8987906311202034,-0.09906767493730506,-0.33163972916104345,-1.1007258333955041,-0.2952266781809082,-0.3570176772449356,-0.8973128650295445,-0.4430469746656152,-0.349022911560696,-0.6912726433162473,-0.5195693077710557,-0.09266731114920013,-0.989852980914021,-0.10772114750597576,-0.18388996532690055,-1.3745438735575357,-0.23555295581857932,-0.24860717168717839,-1.6499322319425478,-0.3330378035984931,-0.30975869209877543,-1.914395859349384,-0.40699082431512473,0.07403620897644961,-0.9668826666148581,-0.14961814116497787,0.052664719979697745,-1.3470773664434372,-0.26694570591065825,0.023888549059474573,-1.5822196090566367,-0.3317244965109166,-0.010592233607777578,-1.8012437188578272,-0.3708209013157859,0.244135650918566,-0.8546018456452679,-0.20814253606367428,0.3271513342467592,-1.1377466863241226,-0.26231165963482167,0.3577646138597903,-1.323707697363373,-0.28059171246451764,0.3712322274569443,-1.5119960621609745,-0.29745649426389814
F,0.0,0.0,0.0,-0.17452770864477035,-0.1139294982013228,-0.14359157811671608,-0.3231422403652341,-0.27145771140616104,-0.2592515707885135,-0.39193628805106157,-0.42152075483751633,-0.38162146119827806,-0.3970355724610575,-0.5729166444731039,-0.4835033453764219,-0.25982319763764194,-0.8981829241424463,-0.09894196761048427,-0.3373116496278134,-1.1056016968627163,-0.2933714366109662,-0.3597371652992138,-0.8947924629494599,-0.4348559977091749,-0.3515083723636948,-0.6826432018249062,-0.5055609947260606,-0.10154546682036024,-0.9887287551582237,-0.11001802984740522,-0.1896197490829751,-1.3735868784237157,-0.23683556033405453,-0.25224800457733665,-1.6284669785550325,-0.3295428103603607,-0.30812406171398693,-1.873231989073492,-0.398851678548251,0.0654452619802739,-0.9664701979010921,-0.15379248717561764,0.044644320925134595,-1.3429896331765119,-0.2688202787320947,0.01648233469895958,-1.5686953533177117,-0.3307046588338498,-0.0125792008944166,-1.7819204831793742,-0.36768232503279796,0.23761439450089158,-0.8522308905378081,-0.21400989586716573,0.3237015895227154,-1.1342857166560867,-0.26529219225637873,0.3550492500082459,-1.3177907099906672,-0.2823852331365636,0.3698762343463787,-1.5034305141399542,-0.2982483983245423
F,0.0,0.0,0.0,-0.18056758158102693,-0.1030134159841072,-0.1484299397424504,-0.34135901874571867,-0.2642014484221872,-0.2691037793532758,-0.417873559173861,-0.4065566876420959,-0.3962899680780169,-0.41245440433910735,-0.5810120755138002,-0.5059107870077897,-0.2629291611577606,-0.8913429295277346,-0.10579873912979104,-0.34053092888459474,-1.0929317988783642,-0.31305129251484015,-0.355098116635349,-0.8862422810790939,-0.4730696630668905,-0.3352266342453369,-0.6813132398035691,-0.5575894844369288,-0.10117070544379579,-0.9878910135297551,-0.11762582092023002,-0.19810134476515676,-1.3801812358654157,-0.2521488968459214,-0.26665121983275575,-1.6551621598639576,-0.35741774787665226,-0.3298703249191781,-1.9229236057772738,-0.43748529924736185,0.06880045481889013,-0.9676590386053348,-0.16355581737892094,0.052353651505755966,-1.3521454533396853,-0.2895593405459073,0.01801593532028562,-1.587158505865742,-0.36574999260555174,-0.027084141068985886,-1.8071006705753485,-0.41222641906151364,0.24546185375612364,-0.8551883095746312,-0.2254382686973,0.33268286199957214,-1.1403833669998698,-0.28870754990521225,0.35985993419296963,-1.3280232077193923,-0.31648569927416553,0.3595855533767212,-1.5231119794874362,-0.34018082943524725
F,0.0,0.0,0.0,-0.189865994947145,-0.09948849648519818,-0.13867036548152978,-0.37526640470000544,-0.29772521246618505,-0.2531441453893967,-0.46503910170001644,-0.4693143760342785,-0.373763346552075,-0.41015081542316567,-0.6203569555368376,-0.47569876895202196,-0.28760459920247544,-0.8923582146226677,-0.0911782718828752,-0.37542419068140825,-1.1062221939781276,-0.2894029170346843,-0.39366648117696706,-0.8911504933033443,-0.44276427174222416,-0.37565213363239564,-0.6827493495527386,-0.523684456143799,-0.12390419710322348,-0.9862177567014665,-0.10964618692381728,-0.2185377506529753,-1.3997385258705386,-0.24351068290323583,-0.2926743138570715,-1.679500194114955,-0.3502148640303033,-0.3585467354849514,-1.9441743506895948,-0.4265819350260189,0.05017056607310143,-0.9585858563091912,-0.16122783040779778,0.017700388385664265,-1.3688358591721144,-0.2883228088238293,-0.02442900625018788,-1.6280099512519095,-0.3733877648442129,-0.06767714919029647,-1.863396798632793,-0.4243800545035978,0.2342293917830633,-0.839989128035267,-0.22662770049341846,0.3178605315376031,-1.1482050922598663,-0.29349769173263973,0.34933171161024706,-1.348583074216756,-0.32770233921266523,0.36077482407072303,-1.5531823015773079,-0.35475141259612164
F,0.0,0.0,0.0,-0.19045915607794944,-0.10141842462882779,-0.12644998177135797,-0.3647086449235988,-0.29153410564419135,-0.23460246211271313,-0.4588392246099756,-0.4453329511694433,-0.35201892825164766,-0.44686376415038875,-0.5883723760506964,-0.45352440627631413,-0.28115633900154424,-0.8941001114195148,-0.0828631554081208,-0.381218463600027,-1.1068824388393932,-0.2794751876263014,-0.40765805562698687,-0.8954637223104746,-0.43060902137801305,-0.39343667170928526,-0.6874361620163417,-0.5084894533260932,-0.12135473536634625,-0.9866382773549515,-0.1087103392608912,-0.22123070379176807,-1.4025915874398411,-0.24167543206158643,-0.29450177350855183,-1.6854382244927788,-0.3484447297288777,-0.35489801152382605,-1.9516410104246842,-0.42392560860620243,0.05224571152028193,-0.9585794650881306,-0.16616629129253332,0.020046650578278223,-1.376019858376585,-0.2933929339024522,-0.021445597295542684,-1.635145731233406,-0.37992072624813583,-0.06027154722590029,-1.8708235079177793,-0.4309450163470996,0.2369824945314921,-0.8419119390799972,-0.23609729618239245,0.32754022955817574,-1.1596711848397823,-0.3005751098317584,0.3668268990935707,-1.3611590449277076,-0.33190515991133673,0.3897272222651423,-1.5659895929522687,-0.35615152760044655
F,0.0,0.0,0.0,-0.18458868386780078,-0.1018525397191804,-0.12171407324607746,-0.3398273339431164,-0.2675649025393573,-0.23112487950062707,-0.42613227821153654,-0.40315556345761155,-0.3490121548976023,-0.4706819313056032,-0.5382465527863703,-0.45159890054791574,-0.282685640211974,-0.8886276682850195,-0.10496004560734157,-0.39484634678245256,-1.095823061941451,-0.29818076064274934,-0.4336794561399913,-0.8813454956953443,-0.44050208229331866,-0.42905248139217333,-0.6667349650980728,-0.5136907132920204,-0.12458601413228444,-0.9832312765023158,-0.13317125061460094,-0.22952971119788462,-1.4010532827660651,-0.2633489812735309,-0.3086332112326937,-1.6703968473204058,-0.362172591754091,-0.3766790370319613,-1.9255736406581045,-0.4362154329681243,0.04525286039174368,-0.9585671808157543,-0.1894918845307115,0.018068905577903197,-1.3790017782889936,-0.31282092056498867,-0.02422431081872138,-1.640492003943597,-0.3880467883498749,-0.06557345394026162,-1.8870493304534193,-0.436091999047884,0.2192231272555289,-0.8376397968857529,-0.25813939710308764,0.3189015415422739,-1.1387813639120556,-0.3196034545424381,0.3651670679299408,-1.3369583976871169,-0.34473744334401546,0.3936085119894679,-1.539832713748856,-0.3677987447945519
F,0.0,0.0,0.0,-0.18558214628616768,-0.1001483410403087,-0.13475511465144502,-0.354706058805771,-0.27910516112505707,-0.25112060822120535,-0.44696634480011005,-0.4200047779525952,-0.37486011856069607,-0.43604026446250255,-0.5739469006329386,-0.48290713711302913,-0.2769687008321106,-0.8857695261295938,-0.10720771543947484,-0.3692788720784279,-1.0905141977936128,-0.3096393535239376,-0.3977961595873683,-0.8813734387221048,-0.4660989670438407,-0.3849878858341485,-0.6693713368956152,-0.5501182363036844,-0.11341472544983594,-0.9852450213453758,-0.1281770180854903,-0.21128555598338353,-1.392854591566523,-0.2635294806123092,-0.28563663313272747,-1.6699070619727103,-0.37119089692377766,-0.34777805955259117,-1.9372312359351518,-0.4526116622326953,0.061340304233107115,-0.9614679084671386,-0.17982031340738447,0.0419725904603261,-1.3720697870374097,-0.3068542504936777,0.004177183929805226,-1.6302823054336593,-0.3878840014825067,-0.03498811733698217,-1.869944636558551,-0.43939146538126655,0.2420535961415549,-0.840652013409105,-0.24517429627001217,0.34600988957007206,-1.1341351529547528,-0.3108670215074278,0.3905137195681109,-1.3325200600687195,-0.3418710753813266,0.41493328995026263,-1.5373462154596897,-0.368710719177005
F,0.0,0.0,0.0,-0.17632349588912963,-0.10644276725440063,-0.12601920336080116,-0.31859032642601837,-0.27275694097403047,-0.23578038128389361,-0.3952963126880099,-0.41114347912796256,-0.35431601758657844,-0.4468591821374966,-0.5552922187531115,-0.4572435867472418,-0.27215703337593694,-0.891857917849492,-0.09656810316952937,-0.3754721410127902,-1.0942872094978053,-0.2951790529713712,-0.40941207041880523,-0.8825734840276885,-0.4456390587116727,-0.4020583601560493,-0.6669993583986357,-0.523489436769373,-0.11455382159878119,-0.9858303545613237,-0.1225395200847848,-0.2109841258062051,-1.3927328638760623,-0.2537443191971913,-0.28603905747449077,-1.655244000780559,-0.3545939198083392,-0.35144639136270295,-1.904722328334327,-0.42943033146966225,0.05485490165499338,-0.9600228112925534,-0.17873357247716182,0.03245534131858638,-1.3694503243589535,-0.30135388722111967,-0.009002147458564423,-1.6167952108865171,-0.37452789132535663,-0.048543962714578004,-1.850483038664812,-0.4201569234365018,0.22635505669871833,-0.8363939477037641,-0.24877976973521967,0.33149776241745993,-1.1258433437687259,-0.30762546704065225,0.3799578375294249,-1.3156737906377058,-0.331535822160936,0.4103214853182712,-1.5086893490080824,-0.3534822127688748
F,0.0,0.0,0.0,-0.17933713931116702,-0.1167592163764903,-0.11571160773854061,-0.3390212998752069,-0.29911230747769907,-0.2189810596362387,-0.43137463792015174,-0.4592379595455602,-0.3318410335441757,-0.4323256323830484,-0.588918056964049,-0.42702141346559214,-0.2770249072693604,-0.9005100130711834,-0.07747742171647178,-0.3760490679368907,-1.110936937445016,-0.26877791364907516,-0.4040095487840908,-0.9025718613032312,-0.40997635016338907,-0.39490184333334183,-0.691977563976659,-0.4811318454483123,-0.11937798126784781,-0.9873387482194261,-0.10445618149688365,-0.2068832036910185,-1.3933953770338525,-0.23325857489211396,-0.28250028282702144,-1.6462425358244341,-0.3254544016453309,-0.3502152081362661,-1.8867165324926642,-0.3906008257672916,0.05189274035891858,-0.9572818304572204,-0.1618515019955649,0.031979245351760756,-1.3518405074191941,-0.28132533083571015,-0.005616191656444354,-1.5835269058860715,-0.34465562239753417,-0.039189107336846225,-1.8051441112433495,-0.38077718639756725,0.2224983747261139,-0.8336507366418505,-0.23258571489479954,0.32181504942405154,-1.1172603186904744,-0.2879468937328472,0.37246998129734454,-1.3012816984026603,-0.3062351092778744,0.40859973905841535,-1.491051276767298,-0.3223441406373367
F,0.0,0.0,0.0,-0.17569101632917658,-0.1149945808007866,-0.11481431022000971,-0.3240608652826048,-0.2892799497814016,-0.2198040133342351,-0.41950305225223683,-0.4349846505768763,-0.3345346839433703,-0.48077557704549345,-0.5433116550119294,-0.43595956511832007,-0.28096358423986517,-0.8948364354527273,-0.08522862313525273,-0.3926371875562095,-1.0825868942488297,-0.2825848508053918,-0.42773902412508863,-0.8673522584755974,-0.42957833400665735,-0.4256453899825644,-0.6410904872299142,-0.5032433467455247,-0.11924720979208263,-0.9861364530246217,-0.11539063641743649,-0.2111631866596548,-1.379860719847142,-0.24529204166220916,-0.29158469900510564,-1.6280687861510055,-0.33982586187658814,-0.36448267117580385,-1.8661173149971493,-0.4078882529169677,0.05630066659041162,-0.954612722958563,-0.17550961827621692,0.04360356507333382,-1.3347610482077998,-0.29850704565084657,0.002790902156773955,-1.5648984478911425,-0.3670642172375207,-0.03498013493384604,-1.7917220597677304,-0.4077634793287409,0.22529508640028065,-0.8303732624232861,-0.24819861592886489,0.32684353199039157,-1.108102668196606,-0.30670638284784657,0.3805990526795203,-1.2921495279338926,-0.325639778110483,0.4208549731002629,-1.4852906763384748,-0.3432357299215272
F,0.0,0.0,0.0,-0.1734585533688994,-0.10810677641212205,-0.13057875137448488,-0.31854557114413984,-0.2656253189195716,-0.24731496264658456,-0.39982471788241253,-0.39661557773931194,-0.3727385036216496,-0.45632174413205845,-0.5359614600885969,-0.482662370117032,-0.26443705740384404,-0.8974681975797113,-0.10062863648642442,-0.3792816597521523,-1.0828695741361851,-0.3050626575992079,-0.4217674172365063,-0.8652065976907608,-0.4611109577996757,-0.4203510949999492,-0.6435287099954424,-0.5420051706212913,-0.10581235524016555,-0.9865961517656395,-0.12422471090632596,-0.20064208808765466,-1.385606497394073,-0.2642931384893532,-0.28285810826709484,-1.6315109496620777,-0.3690339178525985,-0.35483094407099375,-1.8629117826486223,-0.4427572500092755,0.06588569968434216,-0.955752437958189,-0.17800234112080116,0.042899785432968414,-1.346215589051581,-0.3024708126671868,-0.004887276087169851,-1.5780563837487087,-0.3710275269337809,-0.047895357782429294,-1.8005503378633612,-0.4109822013781633,0.23736025510243697,-0.8263870140340497,-0.24651059248421897,0.33723886134785513,-1.1014008760679057,-0.30208688873372186,0.3801578038813732,-1.2841202585474247,-0.319985908606994,0.40755167574493917,-1.4717326512122375,-0.3365199850661017
F,0.0,0.0,0.0,-0.161124246392178,-0.10249432251296017,-0.12810373604301184,-0.3039412972129001,-0.2702084810767231,-0.23962613866469437,-0.3895763751772658,-0.4046889039358453,-0.3597478453211657,-0.43418854009360236,-0.5322860389259402,-0.46591623183002073,-0.25824579784391066,-0.9012811625543966,-0.08873588352468287,-0.3716583755915299,-1.0787590010273997,-0.29033462297133406,-0.41675621398548757,-0.8650647739257571,-0.446397974281723,-0.41932535438970403,-0.6454451989564137,-0.5273449230594371,-0.09379163213318048,-0.9890280986418845,-0.11413391186940529,-0.18524716826696774,-1.3779633059642558,-0.249877167920795,-0.26772188544759346,-1.6272190840042786,-0.35462730901056194,-0.3435234884779241,-1.8624078128096724,-0.4276738487316436,0.08044251213664784,-0.9518356311919152,-0.1701854780635898,0.060223116902829214,-1.3312558444561042,-0.2947143593577506,0.014025645406360854,-1.5645723315794322,-0.36649312042929943,-0.028814567100825934,-1.7900709872813958,-0.407835861620609,0.25019058447380915,-0.8189256621110381,-0.2401299509623185,0.34942123379344614,-1.0932889844942832,-0.29824640165064964,0.3950132893121277,-1.27497923531121,-0.31695159973637793,0.42710454223801825,-1.4608466723578513,-0.332663531059591
F,0.0,0.0,0.0,-0.16921399682846636,-0.10733190988806098,-0.1279146150601502,-0.31226039232814007,-0.26513765372924925,-0.24050830659188843,-0.396753160819051,-0.39705637020077267,-0.36222943618166703,-0.4485827513045119,-0.5348942496805763,-0.4694601446745266,-0.2625870890473274,-0.8977342834023403,-0.08668361704987108,-0.37095746474752633,-1.0918677748858805,-0.28546169655768655,-0.41110717717458345,-0.885249531828915,-0.44025324435766244,-0.41272995273274754,-0.6652650717303071,-0.5207392140462345,-0.09875545354830328,-0.9889787246883246,-0.11031066362017825,-0.1856850832029904,-1.3814708988053859,-0.2472930277619552,-0.2687381335359,-1.620335406967934,-0.3535843826673336,-0.34636355169417976,-1.8384032258185408,-0.4268782758299592,0.07515934150720227,-0.957968458937399,-0.1642328216086762,0.05423394612958204,-1.3357355010494247,-0.28511134101233565,0.008131907168118874,-1.5654029211690037,-0.35385271770610555,-0.03354122184001906,-1.7818120373081434,-0.39326006723286233,0.24566013578986767,-0.8302488765596148,-0.2326486167007189,0.3404917651517936,-1.1025227420654438,-0.28689124851571485,0.38464715777018943,-1.2825004087424414,-0.30324379502453325,0.41662916747711887,-1.4648771670117942,-0.317563430541969
F,0.0,0.0,0.0,-0.16686612931841635,-0.10598612773466598,-0.13157719030842704,-0.32361147813654606,-0.27832825977060494,-0.24612358886470256,-0.41479232720312215,-0.41495239639598797,-0.36809459833013614,-0.4366567496495853,-0.5411204385729623,-0.47335691771948535,-0.2606558555020231,-0.9029026788865917,-0.09641199774829513,-0.3665531732063521,-1.084247746300998,-0.29842837499692415,-0.40326259470594444,-0.8590062430003105,-0.4484905380997267,-0.40045828273760764,-0.6353963105987107,-0.5245307615597377,-0.09668060483827493,-0.9881758794566969,-0.11900122649825401,-0.18506321216147034,-1.3726641921031033,-0.2593001338040646,-0.2660943811785119,-1.6190216327208762,-0.3600494388806222,-0.34130169719576015,-1.8547419278328523,-0.4281866913126467,0.07806203724500366,-0.9498753992115285,-0.17259323847230135,0.05597077313115681,-1.3236748374785983,-0.29979602307183084,0.013720028015057053,-1.5535912057640067,-0.3672067289592377,-0.02628420602161276,-1.7747263338432597,-0.4040608131568344,0.2501947465199548,-0.8162079899854469,-0.24035671020457935,0.34486359963090896,-1.083829428624671,-0.29999426210314395,0.3884512458128983,-1.260985512973674,-0.3179129063666868,0.4188921043539521,-1.4432376831347908,-0.33202499173706496
F,0.0,0.0,0.0,-0.1707178315767162,-0.12395067938083949,-0.12574513781699112,-0.31310477544574417,-0.28533003486867037,-0.23794409894548998,-0.38983838295387696,-0.42005377663173726,-0.360699058772588,-0.436104564415037,-0.5382457419827787,-0.46680900488217775,-0.25283487627245443,-0.9042921403756236,-0.0839908353155945,-0.357862243446176,-1.0978973472376368,-0.27688830498968875,-0.3883933543986944,-0.8801627805153754,-0.4218277695238497,-0.3805517314237555,-0.6550680951141522,-0.49596128606290957,-0.09273875873968528,-0.9899369936548725,-0.1068843824933064,-0.18579452392215706,-1.3618699915558579,-0.23535488533250087,-0.2580951979037926,-1.601489734260357,-0.33281715609483664,-0.320522391023235,-1.8273370360149708,-0.4041355484209977,0.07742460162498344,-0.9593130625971056,-0.1607284070157223,0.05285911618687969,-1.3298166308772625,-0.2772183320305726,0.009727160279613763,-1.5464474118479428,-0.3428071455266387,-0.029078347388565077,-1.7525289300234947,-0.38251826157585234,0.24609768363316087,-0.8339525489509902,-0.2296340406164762,0.34114186173695804,-1.0969510978313526,-0.28151735321772686,0.38096890623012275,-1.2672249399046296,-0.29985164450695473,0.4046114762050672,-1.4422318338447078,-0.31771645299300333
F,0.0,0.0,0.0,-0.16510493731096954,-0.10380759341107983,-0.1293484528123882,-0.3136997261442024,-0.270011498725731,-0.24173601549345136,-0.4003196777528979,-0.40654406467950166,-0.3626688893187172,-0.43844388169115367,-0.5389805978829626,-0.4683944315409589,-0.2591790417575902,-0.9035700053817967,-0.0886414051662288,-0.36623201675518274,-1.0992046350231728,-0.2914106208032923,-0.4081582569285053,-0.8876511696783947,-0.44692694277136097,-0.4072912726249725,-0.6674002410294674,-0.5271455651063157,-0.09277993550463406,-0.9893596226590493,-0.11206882090795574,-0.18030936413812604,-1.3765756074922633,-0.2501747379620311,-0.26053323166836173,-1.6220151589882619,-0.35400196765797615,-0.3324521624071213,-1.8554837141657614,-0.4256660748589076,0.08363563467844648,-0.9521514024435335,-0.16678464813735552,0.06850264873891451,-1.3259404840959519,-0.29180918924977006,0.027697419668429105,-1.5525193756795632,-0.36035340118167064,-0.010465957247241638,-1.7699009833251613,-0.39902310542914876,0.25519375566207386,-0.8199916030873021,-0.23577878495307364,0.35275651252444173,-1.0848370492254027,-0.2938261992173779,0.3988579281414277,-1.258219303059027,-0.3114119447021012,0.4315149123300967,-1.436509731778113,-0.32592878618330995
F,0.0,0.0,0.0,-0.1729266394971467,-0.12030845363024914,-0.119528555255467,-0.3201501473189592,-0.28873638183975103,-0.22815403194294195,-0.40433441391051567,-0.4263963664903136,-0.34764600194376466,-0.4480609003490959,-0.5614350506429117,-0.45216636663444126,-0.2608110842437858,-0.9101150049375278,-0.07416496040480512,-0.3680337576489741,-1.1059097855059914,-0.27216419562700306,-0.40536168388914906,-0.8945511322225734,-0.42689021920436965,-0.4003868884677601,-0.675138249382922,-0.5072505680025333,-0.09703154278842882,-0.9901496710076588,-0.10093814297639117,-0.1814742437392509,-1.3842953301024705,-0.23430935300966613,-0.26286153254367906,-1.6217980901349236,-0.3374121729024788,-0.3318784212186642,-1.8451458274783676,-0.40929150588256763,0.07703495325959515,-0.9533287143149503,-0.15840209681915696,0.06124287165435983,-1.3389383841950404,-0.2780348330325214,0.01694460909507556,-1.5660377753831043,-0.3442840454667301,-0.01889250198273729,-1.784602233268027,-0.38183955364968525,0.24750343059792548,-0.8205795104462241,-0.23005442530811096,0.34127550632707754,-1.0952954983234477,-0.2831284515039251,0.38365478157820937,-1.27391825284024,-0.29843669462474887,0.41415980315366696,-1.4589398315333326,-0.31232638653198375
F,0.0,0.0,0.0,-0.16903263052160977,-0.11064949624620654,-0.1284663529080856,-0.3166232989934026,-0.28404062492534754,-0.2385356910305961,-0.40376694302699073,-0.4260580566886442,-0.35744202460159574,-0.4261752487769393,-0.5722658585185549,-0.46154234901965774,-0.24827006417390446,-0.9074187324915405,-0.08247732949693456,-0.35809698980707216,-1.1103975244727324,-0.28472236970127945,-0.40719327305427305,-0.909456172596425,-0.44359519907776923,-0.4138275237197022,-0.6965806069643731,-0.5266896927846609,-0.0841659174638466,-0.9909645139440288,-0.10442906894703018,-0.1637637004200386,-1.3790059809532684,-0.24155495859476403,-0.24031645319376985,-1.614659760323463,-0.3486451543492596,-0.3094702605583363,-1.8314876455008768,-0.4218137073240984,0.08792509921006314,-0.9525391268348394,-0.15759139389454763,0.07202429335295195,-1.32030335092877,-0.27885775679783514,0.02974741117659845,-1.5402017997603963,-0.3485891116522872,-0.0077386060538993775,-1.750434716536614,-0.3876142407306538,0.253679493840549,-0.8180916492710019,-0.2254117647997252,0.3433394287800218,-1.07798049061886,-0.28201801495537937,0.38604710645413043,-1.2462489501602572,-0.3004423789372583,0.4169682716860107,-1.4181515429067293,-0.31467964637454265
F,0.0,0.0,0.0,-0.17081842972013098,-0.11802215236799173,-0.121414794535562,-0.31623167881796144,-0.280898630449677,-0.2314573303167074,-0.4019163237598161,-0.41926426868647626,-0.3524041404008228,-0.45097041473881094,-0.5606923784951999,-0.45935253443261725,-0.27150884280607396,-0.9045975011682209,-0.07979309142763674,-0.37694843203560613,-1.1078940189876623,-0.2815252951712766,-0.41332641509830337,-0.9041519118180122,-0.4374321273528964,-0.41061005920437954,-0.687568082949329,-0.5181009935343236,-0.10454050533662164,-0.9888083547228984,-0.10643928022191183,-0.18508097801663598,-1.3808769166873298,-0.24308361220073682,-0.2650036599032949,-1.615059548591129,-0.3475624405667593,-0.3356526287227948,-1.8356202162968012,-0.42098781180483047,0.07160193977457344,-0.9537872979516849,-0.16417126332218135,0.06082637188688584,-1.3283645674989102,-0.28817293623044626,0.015063344296081518,-1.546480422672805,-0.35694093037275726,-0.026631539484435838,-1.7581464312913744,-0.3962320427458587,0.2408071832132278,-0.8232019501668424,-0.23595530249966934,0.33976148427442254,-1.0894385565926836,-0.29425690412653793,0.38379156191747593,-1.2672824626348644,-0.31397452931798636,0.4109242906059903,-1.4523248369614912,-0.3310556410596938
F,0.0,0.0,0.0,-0.17222805451667061,-0.11459902459539141,-0.1302440038061721,-0.3266867917159366,-0.2921541923981453,-0.2412088566060769,-0.41587984860171123,-0.44920218584381694,-0.3605755065409577,-0.43803222710676537,-0.5911199167017965,-0.4634747350789013,-0.26003893860513116,-0.9037566491009201,-0.08921690747493782,-0.36813475807463975,-1.1221272365701604,-0.29442113520887897,-0.40376901639282,-0.9109122673352323,-0.44754733254066936,-0.3972835585987539,-0.6918068873516666,-0.5246169089325639,-0.09667951717141784,-0.9891030380367916,-0.11103265783493892,-0.18684973684931422,-1.3793530906395548,-0.24823479680855987,-0.25835691536577815,-1.637263673854418,-0.3486706559574998,-0.3177172372386182,-1.8934660101605274,-0.41976179860777335,0.07407776033162951,-0.952097467228827,-0.16530297209919584,0.06289760350092198,-1.3228797563707633,-0.29471519127952256,0.02302769280339143,-1.54294137318804,-0.36344110463688384,-0.01370517833135835,-1.75931313430072,-0.4018344770600894,0.23776179900626052,-0.8228335839562227,-0.23378361799306288,0.3368846204863071,-1.0860087674674863,-0.29679335085815944,0.3887010019092614,-1.2573640240985398,-0.31803737059257553,0.4267992256089317,-1.4345997399285912,-0.33486902617542813
F,0.0,0.0,0.0,-0.16460007520205272,-0.12293306644517142,-0.12236288707260592,-0.31802389932430175,-0.300388768714489,-0.23138073327097197,-0.41523820401915246,-0.45453953715195167,-0.350583517840804,-0.440932371855675,-0.587673641274003,-0.45394539489363944,-0.25363599746744664,-0.9099129374233134,-0.0764357674902021,-0.3706229027644753,-1.1083221364820763,-0.2763571443731148,-0.41935134193942114,-0.8943581930375237,-0.42842037493530516,-0.42230157606199054,-0.6712349583279215,-0.5059536266360503,-0.0956360226372652,-0.9902312233388124,-0.101468593658547,-0.18125960408398703,-1.3923010692605085,-0.23641352176522826,-0.25782524707883814,-1.6430290305837973,-0.33393722436774265,-0.32209276819973376,-1.8821023244830821,-0.4010046654933227,0.07463773903637673,-0.9502433316860892,-0.15802985459387872,0.05853985748060196,-1.3358080726161732,-0.2823263461352369,0.015077622458104888,-1.5632134960429938,-0.3445357449961793,-0.021945925932027925,-1.785207999550911,-0.3774473528013204,0.2397060046921559,-0.817199060070227,-0.22871999540213753,0.3328400496462365,-1.0902160971438541,-0.2853258651666413,0.3794022827821687,-1.2687290788231904,-0.2990741865839544,0.41391867582305414,-1.4527187367804275,-0.31033224478754995
F,0.0,0.0,0.0,-0.16791876292347194,-0.1107061532199616,-0.1337914070840307,-0.32244728758032004,-0.2746931295474807,-0.24945106387623253,-0.4115695323817117,-0.4124792990133369,-0.3725168695717023,-0.4305470256299025,-0.5526738517029449,-0.479770348916914,-0.2536437762378201,-0.9031712497736647,-0.09515703002770874,-0.36228410215759993,-1.0946600110492994,-0.29685692830492905,-0.4043563170860478,-0.8866121069200492,-0.45205341734069104,-0.40616024385814026,-0.6731407503928994,-0.5329026480645009,-0.09099043359589956,-0.9892327862502949,-0.11462650479495871,-0.17383388536634256,-1.3776791380561084,-0.2502028639650017,-0.24781166983615155,-1.6270821454024431,-0.3535974088641622,-0.3155869888200034,-1.8625736052186812,-0.42693136000020926,0.08116096710601743,-0.9504069837766909,-0.1651444871663491,0.06254819362178071,-1.3241013981755942,-0.2875449350292224,0.019549949835626943,-1.5468102237044965,-0.35522868063113217,-0.021998332889657756,-1.7570760856359733,-0.3946196282477853,0.24886543585678134,-0.8134420567279078,-0.23050988194938105,0.3463616779138361,-1.0727542679307138,-0.2889153554439792,0.38969631371528735,-1.2455944525953373,-0.3086721240741965,0.4173079998364319,-1.423223862840715,-0.32521221782831017
F,0.0,0.0,0.0,-0.17843224157171808,-0.10913902484305645,-0.11146248455962121,-0.32741305908296137,-0.2860834097465192,-0.21669257290538577,-0.4372527792893065,-0.41725599102188266,-0.33218871833667435,-0.5058843843311036,-0.5168992886723601,-0.43674350901641557,-0.28615006615357125,-0.8952820126514154,-0.08862959500102958,-0.4182218396831035,-1.0930344398045164,-0.28954856120616157,-0.4647522949480929,-0.8645344025550118,-0.44149505343839573,-0.46449731411388756,-0.6468225307842209,-0.5193235360887446,-0.12209352355096358,-0.9849490680464281,-0.1223458412100024,-0.22579416189816864,-1.3825756841289152,-0.25967041233096194,-0.31629241465822866,-1.6197651469724408,-0.36340944838253064,-0.39599795110053926,-1.8494936430651667,-0.434336717483469,0.05593262256092303,-0.9464952812841254,-0.18476069060507427,0.02691995292277113,-1.3256165796690311,-0.3142297690197892,-0.025363565972566615,-1.5538039475071426,-0.3931970991388184,-0.07703861091919179,-1.7743119083207415,-0.4386305679618454,0.22900906198046675,-0.8150630344873139,-0.25794484124719547,0.3221057099816964,-1.0875771807114876,-0.3231087905989294,0.36165116271973596,-1.269288971049452,-0.3473730277859123,0.38255852033891774,-1.4579648835940846,-0.3659799028105032
F,0.0,0.0,0.0,-0.19304356013293408,-0.13078698661365257,-0.09416048149825527,-0.36324255068851147,-0.3120061941586138,-0.1931238429932208,-0.481786770551909,-0.44395772730963273,-0.30539191633513946,-0.5716474736136381,-0.5642392755425063,-0.4095908514653647,-0.2711663881399157,-0.9018040628364686,-0.08617093293699604,-0.4170988073637135,-1.0790877516666306,-0.28501749312603847,-0.48687128039413463,-0.8856786394001085,-0.4399317115095511,-0.501204667875213,-0.6809515163217086,-0.5199194090649654,-0.11809983607604614,-0.9849258459310063,-0.12638633919812176,-0.22646264465724367,-1.4088553238154553,-0.261179239347827,-0.3180967962776314,-1.6984237619142935,-0.36724612544773355,-0.3923439543504301,-1.9681987318176344,-0.4436879475335173,0.05591233912293849,-0.9500608992353322,-0.19142609523251136,0.025888025079754004,-1.3708618941647461,-0.3167826618710371,-0.025414507855142276,-1.6345611582314694,-0.3918846094938605,-0.06629452065376981,-1.878830660679172,-0.43595542575641366,0.22693326172068015,-0.8251607125053827,-0.2662978096056732,0.3264805031077072,-1.132283826197942,-0.3244538847869369,0.380665532599775,-1.3356360092282626,-0.3420353868715288,0.42695421416471513,-1.5394300713612834,-0.3574665842265661
F,0.0,0.0,0.0,-0.18506115310369808,-0.1511352683349297,-0.06592333539785553,-0.34616172752687524,-0.3497281556874667,-0.14993058065210269,-0.4672038817272037,-0.48516304740217386,-0.24913422062273463,-0.5863286262163194,-0.5924872837206928,-0.34234874031736545,-0.2388634852093832,-0.9166742205863797,-0.07037375566879893,-0.4028904975609732,-1.0747103199722428,-0.26022344713222834,-0.4776475798737582,-0.8922839085686857,-0.4131054995312363,-0.5043635226631261,-0.6908155468956604,-0.4925873436661347,-0.09150170069839679,-0.9887457256403651,-0.11836101046040753,-0.18414227156986193,-1.4184119649979947,-0.23974547236145052,-0.24031056996605574,-1.7197245651078445,-0.3399273286946172,-0.28670845325707045,-1.9999067314174477,-0.41640731388334495,0.07869113991647056,-0.9450212549278664,-0.18743070458669717,0.07029354099360158,-1.3667786594114917,-0.2970893430516207,0.04363009840335194,-1.6299088890967417,-0.36834619867440976,0.021289470988795477,-1.8736974051804847,-0.41511766569939423,0.2439825107219483,-0.8144660646473046,-0.264008551427074,0.35076868402413786,-1.1104560409114235,-0.3127619970057234,0.4107710335471602,-1.30644901596421,-0.3262208712221274,0.46536176498448256,-1.5064676038459737,-0.3412725502600737
F,0.0,0.0,0.0,-0.18371771586141486,-0.15151492456036403,-0.07776892710424746,-0.34371445054793737,-0.3419377100076997,-0.16714298387848006,-0.4645243940739972,-0.475341711325387,-0.27145596526581356,-0.568045061399664,-0.5834659577866723,-0.36906243711395825,-0.24740196277248824,-0.9101180299390567,-0.0768514746318896,-0.39997048010603903,-1.0783133731561931,-0.2710012312596221,-0.4822164688874316,-0.8905895455106377,-0.4239850699458711,-0.5148041969093003,-0.6873908474993985,-0.5029021456395989,-0.10193432420181217,-0.9872870994409064,-0.12195727459680976,-0.1966725062155573,-1.4049263562400882,-0.250037372290988,-0.27097422427951917,-1.6907942922180175,-0.35070607464570963,-0.3331240311013875,-1.9617498780013032,-0.42512150048009467,0.06620419748861314,-0.9511020122120131,-0.190429212421181,0.05628566994447264,-1.356630647215618,-0.31017122835837463,0.016988601014629692,-1.5979160768075518,-0.3815991232843677,-0.018117653810760942,-1.8295452121426268,-0.42451759378703613,0.2296298977460527,-0.8266398294622417,-0.26748903962566345,0.33878223848220573,-1.118552333315825,-0.322015119035113,0.4028852043885198,-1.3074037899834936,-0.3357249949962061,0.454828881314648,-1.503045613244151,-0.3490907059469916
